invoice_no,invoice_date,customer_id,sku,quantity,list_price,net_sales,branch,rep_id,freight_charged
INV-100000,2025-05-27,C-236,SKU-00002,8,592.00,80.67,Newcastle,R-04,10.64
INV-100001,2025-07-27,C-055,SKU-00016,1,574.00,76.37,Adelaide,R-27,25.56
INV-100002,2024-06-07,C-091,SKU-00037,14,831.00,90.58,Brisbane,R-12,33.67
INV-100003,2025-04-19,C-404,SKU-00003,4,237.00,88.32,Adelaide,R-03,24.90
INV-100004,2024-12-28,C-003,SKU-00041,12,612.00,70.92,Newcastle,R-22,25.09
INV-100005,2025-08-16,C-080,SKU-00051,10,246.00,75.70,Newcastle,R-09,12.01
INV-100006,2025-12-21,C-204,SKU-00058,12,513.00,78.48,Perth,R-01,4.13
INV-100007,2025-10-11,C-012,SKU-00009,13,761.00,72.02,Melbourne,R-07,34.83
INV-100008,2024-07-01,C-006,SKU-00026,20,405.00,79.80,Sydney,R-18,21.32
INV-100009,2025-08-28,C-111,SKU-00008,13,232.00,75.53,Adelaide,R-10,37.28
INV-100010,2024-02-05,C-004,SKU-00044,23,183.00,76.81,Perth,R-22,24.96
INV-100011,2025-11-15,C-137,SKU-00052,15,834.00,73.95,Perth,R-18,27.39
INV-100012,2024-08-28,C-072,SKU-00028,2,722.00,75.76,Perth,R-01,10.25
INV-100013,2025-11-07,C-322,SKU-00009,20,761.00,81.80,Brisbane,R-28,16.96
INV-100014,2024-08-02,C-413,SKU-00003,5,237.00,77.05,Newcastle,R-25,25.01
INV-100015,2025-04-20,C-215,SKU-00020,13,702.00,72.28,Newcastle,R-18,21.48
INV-100016,2024-12-28,C-168,SKU-00005,18,643.00,78.30,Brisbane,R-24,24.66
INV-100017,2025-09-19,C-381,SKU-00043,2,320.00,84.56,Perth,R-16,31.17
INV-100018,2024-11-06,C-196,SKU-00050,5,201.00,80.60,Adelaide,R-28,1.97
INV-100019,2025-05-09,C-267,SKU-00040,22,257.00,79.64,Sydney,R-06,2.64
INV-100020,2024-01-11,C-227,SKU-00014,21,632.00,70.90,Adelaide,R-14,6.79
INV-100021,2024-03-04,C-045,SKU-00037,4,831.00,90.00,Newcastle,R-07,6.87
INV-100022,2025-09-03,C-306,SKU-00003,10,237.00,72.40,Brisbane,R-01,25.21
INV-100023,2024-06-07,C-178,SKU-00054,21,714.00,72.03,Newcastle,R-02,21.67
INV-100024,2024-02-16,C-058,SKU-00057,7,143.00,77.28,Adelaide,R-23,44.29
INV-100025,2024-02-20,C-134,SKU-00032,23,60.00,90.62,Melbourne,R-23,27.09
INV-100026,2024-05-02,C-397,SKU-00033,20,111.00,77.80,Melbourne,R-05,16.17
INV-100027,2024-12-09,C-084,SKU-00023,16,115.00,85.76,Perth,R-05,14.04
INV-100028,2025-06-14,C-363,SKU-00027,19,107.00,72.01,Perth,R-18,8.99
INV-100029,2024-05-18,C-245,SKU-00013,20,52.00,82.40,Perth,R-17,43.53
INV-100030,2025-11-23,C-288,SKU-00001,21,569.00,71.68,Newcastle,R-13,25.29
INV-100031,2025-10-25,C-228,SKU-00012,10,822.00,70.80,Perth,R-23,43.53
INV-100032,2024-05-09,C-030,SKU-00029,20,291.00,73.80,Brisbane,R-24,13.39
INV-100033,2025-06-18,C-257,SKU-00022,23,477.00,72.68,Brisbane,R-20,29.98
INV-100034,2025-05-09,C-086,SKU-00038,22,427.00,88.44,Perth,R-20,29.36
INV-100035,2025-07-28,C-164,SKU-00041,2,612.00,82.20,Perth,R-09,5.08
INV-100036,2025-10-17,C-043,SKU-00041,13,612.00,82.42,Brisbane,R-01,30.39
INV-100037,2025-12-04,C-293,SKU-00051,22,246.00,75.90,Adelaide,R-16,36.31
INV-100038,2025-08-08,C-174,SKU-00007,9,284.00,79.65,Brisbane,R-20,3.88
INV-100039,2025-03-23,C-032,SKU-00041,10,612.00,90.50,Brisbane,R-21,29.42
INV-100040,2024-07-24,C-293,SKU-00019,8,357.00,79.41,Adelaide,R-15,5.76
INV-100041,2024-01-12,C-413,SKU-00025,9,345.00,88.65,Newcastle,R-05,2.82
INV-100042,2024-03-16,C-176,SKU-00046,23,711.00,71.99,Sydney,R-03,1.38
INV-100043,2025-06-17,C-124,SKU-00050,15,201.00,83.10,Adelaide,R-21,25.68
INV-100044,2025-05-19,C-352,SKU-00022,8,477.00,70.48,Melbourne,R-26,27.88
INV-100045,2024-01-02,C-419,SKU-00006,15,428.00,70.80,Brisbane,R-17,6.70
INV-100046,2024-11-25,C-405,SKU-00041,8,612.00,75.92,Brisbane,R-14,42.52
INV-100047,2024-07-22,C-052,SKU-00024,20,208.00,79.20,Newcastle,R-19,4.50
INV-100048,2025-04-05,C-323,SKU-00050,22,201.00,87.78,Brisbane,R-10,29.07
INV-100049,2024-02-21,C-073,SKU-00028,24,722.00,78.24,Melbourne,R-08,0.30
INV-100050,2024-06-25,C-363,SKU-00032,1,60.00,81.89,Perth,R-19,19.06
INV-100051,2024-11-15,C-180,SKU-00018,14,268.00,86.38,Brisbane,R-04,5.70
INV-100052,2024-05-05,C-100,SKU-00018,10,268.00,74.20,Brisbane,R-11,12.88
INV-100053,2024-03-14,C-129,SKU-00058,20,513.00,86.00,Adelaide,R-08,12.19
INV-100054,2025-08-02,C-247,SKU-00025,15,345.00,72.15,Sydney,R-07,36.50
INV-100055,2024-06-12,C-299,SKU-00042,17,292.00,72.08,Brisbane,R-25,13.04
INV-100056,2025-01-25,C-077,SKU-00042,2,292.00,83.30,Adelaide,R-23,9.78
INV-100057,2024-09-16,C-252,SKU-00056,12,481.00,79.20,Brisbane,R-24,35.86
INV-100058,2024-02-28,C-339,SKU-00005,18,643.00,74.52,Adelaide,R-17,7.26
INV-100059,2024-09-11,C-098,SKU-00047,18,371.00,88.02,Adelaide,R-14,3.46
INV-100060,2024-10-20,C-023,SKU-00042,16,292.00,82.28,Perth,R-10,25.44
INV-100061,2024-06-04,C-038,SKU-00030,22,439.00,78.10,Melbourne,R-21,14.39
INV-100062,2024-02-02,C-183,SKU-00048,9,553.00,76.32,Perth,R-26,31.94
INV-100063,2025-12-09,C-159,SKU-00014,4,632.00,85.16,Melbourne,R-02,30.11
INV-100064,2024-11-23,C-104,SKU-00041,13,612.00,86.45,Melbourne,R-21,38.75
INV-100065,2024-04-15,C-419,SKU-00051,7,246.00,78.68,Brisbane,R-06,3.66
INV-100066,2025-02-24,C-192,SKU-00049,24,840.00,87.60,Newcastle,R-17,7.39
INV-100067,2024-08-05,C-162,SKU-00019,14,357.00,76.72,Perth,R-28,15.38
INV-100068,2025-05-11,C-126,SKU-00001,22,569.00,82.94,Perth,R-21,2.70
INV-100069,2024-10-22,C-383,SKU-00017,2,69.00,78.24,Perth,R-11,41.49
INV-100070,2025-10-23,C-126,SKU-00032,18,60.00,77.00,Perth,R-17,40.84
INV-100071,2024-06-10,C-377,SKU-00046,6,711.00,72.48,Newcastle,R-11,2.33
INV-100072,2024-10-09,C-419,SKU-00016,5,574.00,81.45,Brisbane,R-19,29.53
INV-100073,2025-03-22,C-132,SKU-00037,21,831.00,75.81,Newcastle,R-01,37.27
INV-100074,2025-08-01,C-215,SKU-00016,19,574.00,77.33,Newcastle,R-07,30.89
INV-100075,2025-11-25,C-148,SKU-00034,12,214.00,79.32,Melbourne,R-12,17.89
INV-100076,2025-08-15,C-217,SKU-00017,2,69.00,88.74,Newcastle,R-24,10.70
INV-100077,2024-03-02,C-286,SKU-00047,12,371.00,70.56,Brisbane,R-08,8.92
INV-100078,2025-10-22,C-098,SKU-00040,21,257.00,78.54,Adelaide,R-02,4.56
INV-100079,2025-10-14,C-161,SKU-00012,18,822.00,90.72,Perth,R-15,10.95
INV-100080,2025-07-28,C-078,SKU-00012,10,822.00,74.98,Newcastle,R-02,8.73
INV-100081,2025-08-01,C-274,SKU-00010,22,27.00,73.26,Newcastle,R-03,29.24
INV-100082,2024-03-05,C-352,SKU-00055,8,703.00,74.48,Melbourne,R-12,3.95
INV-100083,2025-05-04,C-204,SKU-00014,5,632.00,72.25,Perth,R-10,43.22
INV-100084,2024-04-04,C-230,SKU-00031,17,336.00,73.44,Melbourne,R-05,28.58
INV-100085,2025-08-25,C-136,SKU-00046,6,711.00,82.92,Sydney,R-06,44.02
INV-100086,2025-12-09,C-391,SKU-00015,19,332.00,85.12,Sydney,R-06,4.20
INV-100087,2025-12-24,C-020,SKU-00006,3,428.00,82.50,Perth,R-22,41.50
INV-100088,2025-04-16,C-224,SKU-00007,16,284.00,72.00,Sydney,R-10,29.23
INV-100089,2024-04-11,C-031,SKU-00034,8,214.00,75.36,Newcastle,R-05,38.64
INV-100090,2024-02-01,C-105,SKU-00057,15,143.00,81.56,Sydney,R-02,36.09
INV-100091,2025-12-19,C-127,SKU-00001,18,569.00,77.04,Perth,R-22,8.92
INV-100092,2025-03-28,C-020,SKU-00014,20,632.00,71.20,Perth,R-10,9.71
INV-100093,2025-06-28,C-283,SKU-00030,13,439.00,73.84,Brisbane,R-03,6.90
INV-100094,2024-10-04,C-260,SKU-00058,3,513.00,74.28,Sydney,R-01,9.38
INV-100095,2024-06-21,C-029,SKU-00038,8,427.00,79.12,Adelaide,R-16,33.05
INV-100096,2025-12-16,C-188,SKU-00040,9,257.00,74.25,Perth,R-11,31.65
INV-100097,2025-10-27,C-268,SKU-00007,8,284.00,74.88,Newcastle,R-13,23.81
INV-100098,2024-09-15,C-331,SKU-00057,8,143.00,75.84,Adelaide,R-11,37.68
INV-100099,2025-11-17,C-304,SKU-00018,15,268.00,74.70,Melbourne,R-16,0.53
INV-100100,2024-02-27,C-157,SKU-00015,17,332.00,76.32,Sydney,R-13,10.14
INV-100101,2025-10-24,C-319,SKU-00050,6,201.00,84.78,Perth,R-10,30.79
INV-100102,2025-12-24,C-102,SKU-00057,11,143.00,76.89,Adelaide,R-06,22.37
INV-100103,2024-01-12,C-248,SKU-00049,2,840.00,76.86,Newcastle,R-17,14.68
INV-100104,2024-03-14,C-118,SKU-00044,5,183.00,82.55,Brisbane,R-25,0.06
INV-100105,2024-07-17,C-314,SKU-00018,11,268.00,77.55,Newcastle,R-23,0.45
INV-100106,2024-02-08,C-365,SKU-00020,7,702.00,74.06,Adelaide,R-23,10.77
INV-100107,2025-04-14,C-182,SKU-00052,22,834.00,80.08,Perth,R-23,27.16
INV-100108,2024-04-21,C-391,SKU-00008,2,232.00,78.94,Sydney,R-11,43.07
INV-100109,2025-03-11,C-367,SKU-00002,3,592.00,83.46,Melbourne,R-02,23.62
INV-100110,2025-03-27,C-214,SKU-00050,8,201.00,75.88,Perth,R-23,35.75
INV-100111,2025-05-23,C-335,SKU-00043,13,320.00,84.63,Brisbane,R-21,21.99
INV-100112,2025-02-13,C-319,SKU-00045,20,841.00,76.60,Perth,R-11,11.85
INV-100113,2025-03-10,C-342,SKU-00035,10,571.00,74.90,Melbourne,R-11,17.30
INV-100114,2024-11-27,C-080,SKU-00026,3,405.00,87.12,Newcastle,R-15,21.41
INV-100115,2025-07-20,C-294,SKU-00001,9,569.00,72.72,Melbourne,R-27,28.29
INV-100116,2024-07-09,C-363,SKU-00039,15,204.00,83.10,Perth,R-14,21.96
INV-100117,2024-02-24,C-358,SKU-00056,8,481.00,81.60,Melbourne,R-23,0.60
INV-100118,2025-05-08,C-264,SKU-00031,11,336.00,71.61,Brisbane,R-28,8.01
INV-100119,2024-12-09,C-278,SKU-00027,11,107.00,79.42,Melbourne,R-22,8.56
INV-100120,2024-01-06,C-128,SKU-00047,5,371.00,70.66,Newcastle,R-14,18.03
INV-100121,2024-02-28,C-080,SKU-00005,18,643.00,73.80,Newcastle,R-05,26.18
INV-100122,2025-01-24,C-382,SKU-00056,23,481.00,72.68,Newcastle,R-14,39.60
INV-100123,2025-12-20,C-086,SKU-00034,9,214.00,70.29,Perth,R-02,12.86
INV-100124,2025-09-26,C-262,SKU-00053,2,589.00,80.04,Adelaide,R-04,33.36
INV-100125,2024-02-20,C-412,SKU-00029,19,291.00,84.17,Newcastle,R-27,30.51
INV-100126,2024-09-17,C-162,SKU-00023,3,115.00,77.04,Perth,R-17,16.57
INV-100127,2025-04-12,C-094,SKU-00013,13,52.00,71.24,Adelaide,R-08,36.21
INV-100128,2024-06-14,C-387,SKU-00008,11,232.00,73.92,Sydney,R-16,14.09
INV-100129,2024-08-04,C-171,SKU-00021,20,453.00,71.00,Sydney,R-22,22.03
INV-100130,2025-03-24,C-224,SKU-00036,4,224.00,77.50,Sydney,R-17,41.62
INV-100131,2024-11-18,C-354,SKU-00025,19,345.00,70.49,Perth,R-12,15.47
INV-100132,2025-01-12,C-171,SKU-00025,14,345.00,81.34,Sydney,R-09,35.22
INV-100133,2024-05-26,C-047,SKU-00018,6,268.00,89.40,Perth,R-07,43.47
INV-100134,2025-11-12,C-415,SKU-00042,8,292.00,83.04,Melbourne,R-03,35.59
INV-100135,2024-01-09,C-169,SKU-00048,4,553.00,79.52,Melbourne,R-19,42.00
INV-100136,2025-04-05,C-271,SKU-00029,8,291.00,71.04,Brisbane,R-14,2.35
INV-100137,2025-09-06,C-023,SKU-00054,11,714.00,70.73,Perth,R-23,38.90
INV-100138,2025-12-22,C-030,SKU-00038,2,427.00,76.22,Brisbane,R-16,38.64
INV-100139,2024-11-23,C-241,SKU-00022,16,477.00,84.32,Newcastle,R-01,41.12
INV-100140,2024-09-22,C-153,SKU-00023,19,115.00,76.91,Perth,R-07,18.85
INV-100141,2024-05-02,C-209,SKU-00031,8,336.00,87.20,Newcastle,R-04,4.64
INV-100142,2025-08-24,C-045,SKU-00043,15,320.00,81.00,Newcastle,R-22,7.63
INV-100143,2024-03-13,C-227,SKU-00015,11,332.00,77.00,Adelaide,R-20,3.70
INV-100144,2024-02-07,C-251,SKU-00015,22,332.00,72.82,Perth,R-23,20.71
INV-100145,2024-06-23,C-032,SKU-00052,11,834.00,75.68,Brisbane,R-10,23.32
INV-100146,2024-07-18,C-318,SKU-00017,15,69.00,73.65,Adelaide,R-11,28.29
INV-100147,2024-09-15,C-254,SKU-00019,11,357.00,71.06,Sydney,R-14,3.19
INV-100148,2024-01-06,C-302,SKU-00021,18,453.00,73.44,Adelaide,R-01,32.38
INV-100149,2025-11-26,C-029,SKU-00005,23,643.00,80.27,Adelaide,R-08,2.82
INV-100150,2024-10-20,C-075,SKU-00011,13,62.00,66.62,Brisbane,R-10,2.61
INV-100151,2024-01-01,C-398,SKU-00026,24,405.00,83.76,Adelaide,R-20,38.09
INV-100152,2025-08-12,C-258,SKU-00055,16,703.00,76.64,Perth,R-01,38.23
INV-100153,2024-03-05,C-181,SKU-00043,15,320.00,84.45,Perth,R-17,10.02
INV-100154,2024-10-21,C-228,SKU-00046,4,711.00,70.40,Perth,R-21,29.89
INV-100155,2025-02-03,C-172,SKU-00007,17,284.00,72.08,Newcastle,R-14,37.02
INV-100156,2025-06-03,C-280,SKU-00049,23,840.00,74.29,Newcastle,R-13,18.90
INV-100157,2024-05-10,C-093,SKU-00057,13,143.00,71.50,Perth,R-17,29.67
INV-100158,2024-08-03,C-289,SKU-00006,24,428.00,79.92,Perth,R-14,18.60
INV-100159,2025-01-08,C-039,SKU-00047,16,371.00,76.00,Perth,R-11,40.21
INV-100160,2025-01-09,C-064,SKU-00039,11,204.00,75.90,Newcastle,R-04,29.35
INV-100161,2025-02-27,C-230,SKU-00034,14,214.00,86.52,Melbourne,R-06,8.19
INV-100162,2025-11-08,C-144,SKU-00056,15,481.00,79.65,Newcastle,R-18,17.93
INV-100163,2024-09-18,C-207,SKU-00047,6,371.00,86.28,Melbourne,R-20,20.05
INV-100164,2025-01-17,C-212,SKU-00023,1,115.00,79.22,Perth,R-02,13.62
INV-100165,2024-02-15,C-144,SKU-00026,12,405.00,75.84,Newcastle,R-21,3.60
INV-100166,2025-10-27,C-157,SKU-00002,12,592.00,71.04,Sydney,R-11,34.65
INV-100167,2024-06-07,C-372,SKU-00037,23,831.00,77.28,Melbourne,R-22,18.83
INV-100168,2024-09-12,C-301,SKU-00004,18,340.00,90.54,Melbourne,R-08,37.63
INV-100169,2024-01-25,C-078,SKU-00027,19,107.00,72.20,Newcastle,R-07,38.00
INV-100170,2025-10-16,C-247,SKU-00057,8,143.00,76.69,Sydney,R-09,0.91
INV-100171,2025-01-09,C-335,SKU-00019,20,357.00,71.00,Brisbane,R-23,15.42
INV-100172,2025-01-11,C-142,SKU-00035,2,571.00,76.64,Melbourne,R-26,29.77
INV-100173,2025-09-14,C-039,SKU-00034,10,214.00,71.10,Perth,R-07,7.02
INV-100174,2024-02-27,C-288,SKU-00039,5,204.00,85.70,Newcastle,R-09,37.98
INV-100175,2024-10-17,C-283,SKU-00018,5,268.00,82.45,Brisbane,R-09,10.94
INV-100176,2025-08-22,C-225,SKU-00052,6,834.00,89.88,Perth,R-14,26.84
INV-100177,2025-10-17,C-215,SKU-00039,15,204.00,73.20,Newcastle,R-16,34.31
INV-100178,2025-10-05,C-015,SKU-00033,6,111.00,79.74,Sydney,R-20,21.06
INV-100179,2024-07-19,C-073,SKU-00030,6,439.00,71.70,Melbourne,R-03,40.90
INV-100180,2025-06-27,C-153,SKU-00046,13,711.00,65.90,Perth,R-16,6.54
INV-100181,2025-05-24,C-152,SKU-00040,12,257.00,89.40,Melbourne,R-09,3.22
INV-100182,2025-05-28,C-050,SKU-00020,6,702.00,71.82,Newcastle,R-18,37.02
INV-100183,2024-02-22,C-087,SKU-00009,16,761.00,71.52,Melbourne,R-05,33.83
INV-100184,2024-08-11,C-383,SKU-00001,11,569.00,78.54,Perth,R-13,41.66
INV-100185,2024-04-01,C-209,SKU-00044,8,183.00,83.76,Newcastle,R-03,25.49
INV-100186,2024-04-25,C-016,SKU-00012,16,822.00,71.36,Brisbane,R-25,20.62
INV-100187,2025-12-14,C-298,SKU-00019,15,357.00,77.70,Perth,R-16,39.83
INV-100188,2025-02-02,C-118,SKU-00051,19,246.00,71.25,Brisbane,R-02,40.06
INV-100189,2025-02-05,C-301,SKU-00037,21,831.00,90.51,Melbourne,R-18,27.06
INV-100190,2024-06-20,C-201,SKU-00013,9,52.00,69.55,Perth,R-05,24.32
INV-100191,2025-06-02,C-311,SKU-00052,8,834.00,86.80,Newcastle,R-06,4.75
INV-100192,2025-02-19,C-110,SKU-00016,9,574.00,70.92,Brisbane,R-26,30.66
INV-100193,2025-11-16,C-202,SKU-00030,4,439.00,80.16,Newcastle,R-26,32.48
INV-100194,2025-01-11,C-165,SKU-00028,4,722.00,73.84,Perth,R-03,9.29
INV-100195,2024-03-14,C-161,SKU-00054,11,714.00,76.45,Perth,R-17,31.84
INV-100196,2025-04-27,C-210,SKU-00053,9,589.00,71.82,Adelaide,R-04,14.07
INV-100197,2024-07-07,C-072,SKU-00034,21,214.00,82.74,Perth,R-09,42.18
INV-100198,2024-04-03,C-123,SKU-00027,14,107.00,74.06,Brisbane,R-09,2.19
INV-100199,2024-05-18,C-056,SKU-00048,17,553.00,90.61,Adelaide,R-14,15.89
INV-100200,2024-07-18,C-138,SKU-00049,7,840.00,69.75,Newcastle,R-23,39.84
INV-100201,2024-03-24,C-015,SKU-00017,17,69.00,72.42,Sydney,R-06,25.63
INV-100202,2025-12-10,C-365,SKU-00038,6,427.00,81.54,Adelaide,R-01,26.07
INV-100203,2024-01-11,C-289,SKU-00017,3,69.00,74.10,Perth,R-16,14.07
INV-100204,2025-02-27,C-045,SKU-00009,8,761.00,75.04,Newcastle,R-27,35.60
INV-100205,2024-12-16,C-071,SKU-00018,4,268.00,73.36,Brisbane,R-20,15.16
INV-100206,2025-02-20,C-316,SKU-00041,22,612.00,72.38,Adelaide,R-05,36.24
INV-100207,2024-04-26,C-336,SKU-00017,13,69.00,76.57,Perth,R-27,39.89
INV-100208,2025-03-28,C-409,SKU-00017,13,69.00,88.66,Sydney,R-02,40.93
INV-100209,2024-07-23,C-190,SKU-00013,21,52.00,86.10,Adelaide,R-12,43.72
INV-100210,2025-06-02,C-213,SKU-00005,22,643.00,76.51,Brisbane,R-04,30.07
INV-100211,2024-09-28,C-292,SKU-00013,16,52.00,84.16,Perth,R-24,12.39
INV-100212,2024-10-15,C-170,SKU-00010,15,27.00,81.60,Brisbane,R-16,21.42
INV-100213,2024-09-27,C-324,SKU-00006,13,428.00,76.96,Newcastle,R-26,17.30
INV-100214,2024-12-17,C-342,SKU-00039,24,204.00,79.44,Melbourne,R-03,41.73
INV-100215,2025-11-26,C-064,SKU-00028,20,722.00,78.60,Newcastle,R-21,9.53
INV-100216,2024-11-24,C-081,SKU-00012,11,822.00,79.53,Sydney,R-20,21.51
INV-100217,2024-11-19,C-307,SKU-00048,16,553.00,88.48,Newcastle,R-25,4.33
INV-100218,2025-05-04,C-308,SKU-00058,19,513.00,75.81,Melbourne,R-16,6.93
INV-100219,2025-02-27,C-313,SKU-00055,11,703.00,79.75,Sydney,R-09,11.76
INV-100220,2025-04-08,C-256,SKU-00034,5,214.00,77.74,Sydney,R-11,17.50
INV-100221,2024-05-15,C-414,SKU-00034,15,214.00,85.20,Melbourne,R-19,43.91
INV-100222,2024-02-17,C-372,SKU-00052,3,834.00,78.54,Melbourne,R-14,9.25
INV-100223,2024-05-16,C-244,SKU-00025,22,345.00,85.80,Perth,R-01,38.94
INV-100224,2024-05-08,C-078,SKU-00038,24,427.00,85.20,Newcastle,R-23,20.77
INV-100225,2025-02-26,C-208,SKU-00007,11,284.00,87.56,Perth,R-28,44.85
INV-100226,2025-12-13,C-036,SKU-00042,7,292.00,72.45,Melbourne,R-09,41.63
INV-100227,2024-03-07,C-076,SKU-00018,9,268.00,76.77,Perth,R-28,40.12
INV-100228,2024-09-14,C-131,SKU-00057,12,143.00,85.92,Adelaide,R-13,33.24
INV-100229,2025-12-15,C-261,SKU-00035,22,571.00,79.86,Brisbane,R-22,32.61
INV-100230,2025-05-26,C-310,SKU-00015,20,332.00,73.78,Perth,R-16,35.43
INV-100231,2025-05-22,C-165,SKU-00011,11,62.00,89.43,Perth,R-18,9.22
INV-100232,2025-02-27,C-150,SKU-00040,11,257.00,87.78,Brisbane,R-24,7.56
INV-100233,2024-04-11,C-254,SKU-00017,4,69.00,76.04,Sydney,R-06,21.75
INV-100234,2025-03-09,C-211,SKU-00029,23,291.00,86.94,Newcastle,R-09,17.89
INV-100235,2024-06-11,C-163,SKU-00024,16,208.00,78.24,Newcastle,R-23,22.33
INV-100236,2025-07-03,C-041,SKU-00009,19,761.00,76.57,Adelaide,R-26,25.35
INV-100237,2025-03-09,C-349,SKU-00002,23,592.00,78.66,Sydney,R-13,1.99
INV-100238,2025-09-18,C-045,SKU-00058,2,513.00,83.34,Newcastle,R-03,19.34
INV-100239,2024-12-11,C-104,SKU-00051,12,246.00,81.96,Melbourne,R-14,4.61
INV-100240,2024-02-16,C-160,SKU-00023,15,115.00,68.86,Melbourne,R-28,21.06
INV-100241,2024-04-06,C-142,SKU-00029,6,291.00,90.00,Melbourne,R-27,12.06
INV-100242,2024-10-09,C-014,SKU-00005,7,643.00,72.24,Sydney,R-08,4.49
INV-100243,2025-07-22,C-120,SKU-00038,4,427.00,83.24,Adelaide,R-28,5.56
INV-100244,2025-03-05,C-117,SKU-00040,6,257.00,84.90,Adelaide,R-19,19.39
INV-100245,2024-11-10,C-324,SKU-00038,9,427.00,71.82,Newcastle,R-02,23.74
INV-100246,2024-10-20,C-279,SKU-00025,13,345.00,86.84,Sydney,R-24,40.91
INV-100247,2024-11-08,C-342,SKU-00021,11,453.00,75.68,Melbourne,R-02,1.40
INV-100248,2024-01-24,C-389,SKU-00011,18,62.00,87.30,Perth,R-20,10.27
INV-100249,2024-10-27,C-039,SKU-00012,18,822.00,72.18,Perth,R-20,15.17
INV-100250,2025-04-19,C-319,SKU-00018,12,268.00,72.53,Perth,R-10,8.33
INV-100251,2025-04-01,C-252,SKU-00040,17,257.00,81.26,Brisbane,R-03,19.51
INV-100252,2025-08-16,C-105,SKU-00045,14,841.00,85.40,Sydney,R-26,22.74
INV-100253,2025-11-25,C-346,SKU-00014,15,632.00,70.50,Newcastle,R-17,9.67
INV-100254,2025-02-15,C-091,SKU-00058,4,513.00,81.24,Brisbane,R-15,28.52
INV-100255,2024-07-13,C-109,SKU-00012,1,822.00,88.07,Sydney,R-08,38.54
INV-100256,2025-02-07,C-370,SKU-00034,11,214.00,83.60,Adelaide,R-12,6.95
INV-100257,2025-01-08,C-401,SKU-00047,14,371.00,90.30,Perth,R-07,4.69
INV-100258,2025-05-21,C-132,SKU-00047,1,371.00,87.35,Newcastle,R-05,18.79
INV-100259,2025-02-13,C-048,SKU-00004,20,340.00,80.80,Newcastle,R-22,5.51
INV-100260,2025-06-19,C-265,SKU-00004,19,340.00,69.40,Perth,R-25,17.02
INV-100261,2025-04-13,C-084,SKU-00051,12,246.00,75.96,Perth,R-01,44.31
INV-100262,2025-02-03,C-288,SKU-00054,21,714.00,70.56,Newcastle,R-08,43.73
INV-100263,2025-11-15,C-121,SKU-00039,17,204.00,70.38,Newcastle,R-09,38.31
INV-100264,2025-06-26,C-203,SKU-00030,13,439.00,87.36,Sydney,R-06,33.85
INV-100265,2024-06-11,C-093,SKU-00007,5,284.00,75.40,Perth,R-24,37.25
INV-100266,2025-02-09,C-169,SKU-00009,16,761.00,77.60,Melbourne,R-20,15.94
INV-100267,2024-06-23,C-311,SKU-00007,9,284.00,71.55,Newcastle,R-16,11.63
INV-100268,2025-06-21,C-343,SKU-00045,10,841.00,79.40,Newcastle,R-22,27.96
INV-100269,2024-02-10,C-146,SKU-00006,11,428.00,73.37,Perth,R-02,42.26
INV-100270,2025-11-02,C-412,SKU-00029,6,291.00,65.96,Newcastle,R-01,21.71
INV-100271,2025-10-27,C-338,SKU-00019,16,357.00,78.56,Perth,R-18,24.11
INV-100272,2024-11-19,C-043,SKU-00025,17,345.00,86.70,Brisbane,R-02,37.99
INV-100273,2024-06-01,C-211,SKU-00024,13,208.00,79.30,Newcastle,R-25,5.27
INV-100274,2025-12-03,C-295,SKU-00031,2,336.00,71.08,Perth,R-21,18.86
INV-100275,2024-01-27,C-196,SKU-00016,19,574.00,74.29,Adelaide,R-15,2.54
INV-100276,2024-07-13,C-260,SKU-00008,12,232.00,89.88,Sydney,R-27,2.57
INV-100277,2024-05-17,C-119,SKU-00055,1,703.00,81.42,Perth,R-20,38.19
INV-100278,2025-09-15,C-231,SKU-00008,22,232.00,70.40,Newcastle,R-07,29.06
INV-100279,2024-10-08,C-409,SKU-00054,19,714.00,71.44,Sydney,R-04,43.98
INV-100280,2025-08-09,C-256,SKU-00006,1,428.00,77.94,Sydney,R-05,14.08
INV-100281,2025-09-07,C-338,SKU-00011,18,62.00,77.22,Perth,R-15,35.33
INV-100282,2024-07-10,C-377,SKU-00037,8,831.00,70.80,Newcastle,R-05,33.54
INV-100283,2025-12-23,C-126,SKU-00022,14,477.00,72.52,Perth,R-23,4.28
INV-100284,2025-05-01,C-017,SKU-00010,21,27.00,83.79,Adelaide,R-24,13.58
INV-100285,2025-05-19,C-142,SKU-00030,7,439.00,77.49,Melbourne,R-23,22.75
INV-100286,2024-01-11,C-110,SKU-00050,3,201.00,73.80,Brisbane,R-13,33.97
INV-100287,2025-03-05,C-345,SKU-00027,10,107.00,84.60,Sydney,R-28,0.91
INV-100288,2024-06-21,C-033,SKU-00057,5,143.00,85.35,Adelaide,R-05,23.10
INV-100289,2025-12-19,C-093,SKU-00048,14,553.00,72.24,Perth,R-12,44.50
INV-100290,2024-11-13,C-349,SKU-00012,17,822.00,66.63,Sydney,R-10,4.61
INV-100291,2025-05-13,C-223,SKU-00049,11,840.00,77.00,Sydney,R-08,23.10
INV-100292,2024-03-24,C-163,SKU-00050,6,201.00,84.90,Newcastle,R-24,30.32
INV-100293,2025-03-17,C-337,SKU-00022,4,477.00,82.32,Sydney,R-08,14.66
INV-100294,2025-09-23,C-343,SKU-00003,12,237.00,80.52,Newcastle,R-27,36.42
INV-100295,2024-03-13,C-269,SKU-00022,11,477.00,87.12,Newcastle,R-08,32.91
INV-100296,2025-12-13,C-410,SKU-00002,23,592.00,85.10,Brisbane,R-14,10.79
INV-100297,2025-01-28,C-367,SKU-00057,3,143.00,83.67,Melbourne,R-14,42.48
INV-100298,2025-04-14,C-293,SKU-00011,7,62.00,84.42,Adelaide,R-02,8.46
INV-100299,2025-01-08,C-402,SKU-00047,24,371.00,70.56,Melbourne,R-22,31.15
INV-100300,2024-07-12,C-387,SKU-00020,18,702.00,77.00,Sydney,R-13,5.88
INV-100301,2024-12-16,C-234,SKU-00030,10,439.00,74.50,Adelaide,R-17,16.76
INV-100302,2025-10-10,C-306,SKU-00052,9,834.00,70.83,Brisbane,R-11,22.38
INV-100303,2025-02-11,C-021,SKU-00050,3,201.00,82.71,Adelaide,R-18,15.00
INV-100304,2024-05-13,C-336,SKU-00040,21,257.00,85.68,Perth,R-20,17.16
INV-100305,2024-06-10,C-119,SKU-00042,3,292.00,79.08,Perth,R-12,39.07
INV-100306,2024-12-04,C-106,SKU-00047,4,371.00,75.52,Sydney,R-21,22.03
INV-100307,2024-07-10,C-100,SKU-00033,10,111.00,74.90,Brisbane,R-02,31.85
INV-100308,2024-03-26,C-257,SKU-00051,1,246.00,72.52,Brisbane,R-25,32.76
INV-100309,2025-07-24,C-281,SKU-00027,2,107.00,82.14,Melbourne,R-06,4.28
INV-100310,2024-11-01,C-196,SKU-00051,15,246.00,82.52,Adelaide,R-23,12.63
INV-100311,2024-06-01,C-372,SKU-00001,9,569.00,70.92,Melbourne,R-24,20.90
INV-100312,2024-08-01,C-178,SKU-00052,9,834.00,72.63,Newcastle,R-19,33.76
INV-100313,2024-01-22,C-330,SKU-00033,2,111.00,88.90,Brisbane,R-01,32.33
INV-100314,2025-02-21,C-319,SKU-00035,21,571.00,82.32,Perth,R-27,22.37
INV-100315,2025-10-03,C-237,SKU-00051,3,246.00,83.19,Brisbane,R-22,11.55
INV-100316,2024-12-03,C-330,SKU-00057,12,143.00,79.32,Brisbane,R-02,12.20
INV-100317,2025-04-28,C-361,SKU-00036,16,224.00,88.80,Melbourne,R-07,15.42
INV-100318,2024-04-01,C-407,SKU-00028,22,722.00,70.84,Adelaide,R-21,35.00
INV-100319,2024-07-16,C-304,SKU-00054,7,714.00,71.12,Melbourne,R-25,5.08
INV-100320,2025-06-26,C-303,SKU-00008,2,232.00,65.58,Perth,R-25,29.78
INV-100321,2024-11-05,C-163,SKU-00010,17,27.00,81.94,Newcastle,R-24,42.11
INV-100322,2024-09-07,C-391,SKU-00058,12,513.00,85.80,Sydney,R-04,24.73
INV-100323,2024-11-20,C-120,SKU-00027,12,107.00,77.16,Adelaide,R-27,43.17
INV-100324,2024-05-18,C-361,SKU-00012,19,822.00,83.22,Melbourne,R-12,40.91
INV-100325,2024-06-06,C-124,SKU-00047,7,371.00,71.96,Adelaide,R-20,2.50
INV-100326,2024-01-13,C-089,SKU-00049,9,840.00,83.97,Sydney,R-14,23.98
INV-100327,2025-01-01,C-362,SKU-00031,7,336.00,87.08,Perth,R-22,39.61
INV-100328,2024-04-03,C-062,SKU-00010,21,27.00,78.96,Perth,R-15,36.20
INV-100329,2025-09-07,C-237,SKU-00054,13,714.00,79.69,Brisbane,R-17,10.49
INV-100330,2024-11-20,C-123,SKU-00002,1,592.00,67.10,Brisbane,R-15,8.48
INV-100331,2025-08-25,C-198,SKU-00043,23,320.00,90.39,Melbourne,R-17,3.65
INV-100332,2024-09-15,C-237,SKU-00041,17,612.00,89.76,Brisbane,R-01,9.86
INV-100333,2025-01-19,C-251,SKU-00047,11,371.00,75.02,Perth,R-28,34.07
INV-100334,2024-01-19,C-223,SKU-00009,18,761.00,80.46,Sydney,R-23,28.11
INV-100335,2025-05-17,C-369,SKU-00032,17,60.00,90.61,Adelaide,R-12,18.52
INV-100336,2025-12-24,C-007,SKU-00057,19,143.00,80.56,Adelaide,R-05,28.44
INV-100337,2024-06-01,C-396,SKU-00038,16,427.00,80.80,Adelaide,R-12,2.21
INV-100338,2024-05-02,C-011,SKU-00050,1,201.00,77.42,Melbourne,R-04,14.27
INV-100339,2025-11-14,C-051,SKU-00005,17,643.00,84.49,Newcastle,R-10,11.92
INV-100340,2024-08-28,C-415,SKU-00007,23,284.00,71.94,Melbourne,R-14,38.17
INV-100341,2025-03-10,C-018,SKU-00042,1,292.00,78.52,Melbourne,R-10,30.74
INV-100342,2024-10-09,C-212,SKU-00012,14,822.00,82.04,Perth,R-16,25.24
INV-100343,2024-09-15,C-010,SKU-00040,5,257.00,73.20,Perth,R-23,1.84
INV-100344,2025-11-03,C-040,SKU-00038,2,427.00,87.78,Melbourne,R-24,31.38
INV-100345,2024-02-12,C-327,SKU-00006,3,428.00,72.45,Adelaide,R-20,3.72
INV-100346,2024-09-24,C-089,SKU-00052,22,834.00,75.68,Sydney,R-25,17.20
INV-100347,2025-06-23,C-289,SKU-00022,15,477.00,72.90,Perth,R-10,39.54
INV-100348,2025-03-10,C-327,SKU-00009,2,761.00,86.26,Adelaide,R-07,9.92
INV-100349,2024-02-13,C-220,SKU-00016,5,574.00,75.80,Adelaide,R-06,31.07
INV-100350,2024-08-15,C-045,SKU-00043,9,320.00,66.49,Newcastle,R-05,9.93
INV-100351,2024-01-23,C-090,SKU-00056,23,481.00,79.81,Newcastle,R-25,5.17
INV-100352,2025-12-06,C-197,SKU-00015,24,332.00,82.56,Melbourne,R-27,16.14
INV-100353,2024-03-19,C-029,SKU-00055,10,703.00,71.80,Adelaide,R-02,16.68
INV-100354,2024-06-05,C-288,SKU-00058,10,513.00,85.90,Newcastle,R-18,15.30
INV-100355,2024-05-23,C-349,SKU-00041,19,612.00,86.45,Sydney,R-06,17.17
INV-100356,2025-04-18,C-168,SKU-00025,19,345.00,75.43,Brisbane,R-12,30.40
INV-100357,2024-02-27,C-219,SKU-00011,2,62.00,78.26,Melbourne,R-15,42.92
INV-100358,2024-09-09,C-344,SKU-00034,22,214.00,77.66,Melbourne,R-07,19.54
INV-100359,2024-09-10,C-325,SKU-00010,21,27.00,90.09,Sydney,R-14,10.99
INV-100360,2025-02-28,C-146,SKU-00026,1,405.00,66.59,Perth,R-16,10.63
INV-100361,2025-06-13,C-419,SKU-00017,24,69.00,86.64,Brisbane,R-28,24.95
INV-100362,2025-06-21,C-349,SKU-00039,7,204.00,81.62,Sydney,R-12,43.91
INV-100363,2025-11-05,C-192,SKU-00032,13,60.00,82.94,Newcastle,R-05,16.95
INV-100364,2025-08-21,C-417,SKU-00047,11,371.00,72.60,Perth,R-11,42.85
INV-100365,2025-12-08,C-418,SKU-00011,13,62.00,90.22,Brisbane,R-02,25.68
INV-100366,2024-08-04,C-243,SKU-00011,24,62.00,74.40,Melbourne,R-09,10.87
INV-100367,2025-10-22,C-054,SKU-00036,16,224.00,75.04,Brisbane,R-25,44.54
INV-100368,2025-07-20,C-236,SKU-00044,24,183.00,74.88,Newcastle,R-27,12.55
INV-100369,2025-05-07,C-262,SKU-00057,5,143.00,72.25,Adelaide,R-01,39.01
INV-100370,2025-04-16,C-382,SKU-00012,13,822.00,82.52,Newcastle,R-25,2.61
INV-100371,2025-07-28,C-154,SKU-00051,15,246.00,79.95,Newcastle,R-25,23.93
INV-100372,2025-11-08,C-420,SKU-00048,1,553.00,75.59,Perth,R-09,32.55
INV-100373,2025-03-16,C-001,SKU-00038,8,427.00,75.36,Adelaide,R-23,36.12
INV-100374,2024-01-04,C-420,SKU-00032,24,60.00,71.04,Perth,R-07,4.24
INV-100375,2025-03-23,C-094,SKU-00028,2,722.00,75.42,Adelaide,R-06,22.61
INV-100376,2024-06-19,C-069,SKU-00007,13,284.00,83.07,Sydney,R-27,3.25
INV-100377,2025-03-10,C-354,SKU-00045,5,841.00,77.65,Perth,R-19,25.22
INV-100378,2025-12-24,C-388,SKU-00051,2,246.00,72.58,Adelaide,R-03,35.71
INV-100379,2024-03-05,C-130,SKU-00049,11,840.00,73.92,Sydney,R-07,27.66
INV-100380,2025-06-25,C-190,SKU-00053,10,589.00,74.34,Adelaide,R-08,19.93
INV-100381,2024-04-02,C-229,SKU-00014,1,632.00,84.90,Brisbane,R-21,33.97
INV-100382,2025-01-23,C-278,SKU-00057,17,143.00,86.19,Melbourne,R-03,34.02
INV-100383,2025-03-19,C-412,SKU-00008,22,232.00,74.14,Newcastle,R-03,3.52
INV-100384,2024-05-01,C-071,SKU-00007,6,284.00,72.60,Brisbane,R-04,35.68
INV-100385,2024-07-25,C-037,SKU-00027,24,107.00,81.60,Adelaide,R-11,22.06
INV-100386,2025-06-17,C-159,SKU-00013,14,52.00,78.40,Melbourne,R-08,42.69
INV-100387,2024-03-22,C-053,SKU-00043,9,320.00,71.37,Perth,R-18,1.11
INV-100388,2024-01-08,C-377,SKU-00019,16,357.00,74.24,Newcastle,R-26,35.84
INV-100389,2024-02-03,C-336,SKU-00014,13,632.00,76.31,Perth,R-10,33.53
INV-100390,2025-06-10,C-339,SKU-00043,22,320.00,72.26,Adelaide,R-05,44.12
INV-100391,2024-12-21,C-012,SKU-00016,5,574.00,79.90,Melbourne,R-13,23.97
INV-100392,2025-02-04,C-379,SKU-00039,14,204.00,72.38,Newcastle,R-07,4.89
INV-100393,2024-03-13,C-390,SKU-00046,18,711.00,83.88,Adelaide,R-02,41.68
INV-100394,2025-02-05,C-056,SKU-00011,13,62.00,75.66,Adelaide,R-02,13.58
INV-100395,2024-09-01,C-408,SKU-00023,9,115.00,81.45,Brisbane,R-04,28.53
INV-100396,2025-06-04,C-381,SKU-00041,14,612.00,86.38,Perth,R-25,30.12
INV-100397,2024-08-05,C-354,SKU-00050,5,201.00,77.75,Perth,R-14,38.43
INV-100398,2024-10-11,C-080,SKU-00029,16,291.00,75.52,Newcastle,R-09,33.02
INV-100399,2024-02-18,C-339,SKU-00017,5,69.00,78.15,Adelaide,R-02,33.20
INV-100400,2025-03-24,C-169,SKU-00010,23,27.00,75.33,Melbourne,R-17,1.18
INV-100401,2024-12-01,C-411,SKU-00052,22,834.00,77.44,Perth,R-16,13.48
INV-100402,2025-12-10,C-319,SKU-00014,5,632.00,70.65,Perth,R-26,30.13
INV-100403,2024-09-25,C-389,SKU-00054,2,714.00,74.20,Perth,R-03,24.09
INV-100404,2025-06-04,C-404,SKU-00046,21,711.00,81.69,Adelaide,R-20,29.94
INV-100405,2025-10-02,C-325,SKU-00055,8,703.00,79.92,Sydney,R-08,17.52
INV-100406,2025-12-20,C-251,SKU-00031,14,336.00,84.14,Perth,R-10,40.46
INV-100407,2025-04-11,C-208,SKU-00007,20,284.00,76.80,Perth,R-17,0.60
INV-100408,2025-03-10,C-354,SKU-00048,5,553.00,72.10,Perth,R-28,3.19
INV-100409,2024-10-12,C-116,SKU-00001,7,569.00,74.06,Sydney,R-06,16.13
INV-100410,2024-11-06,C-125,SKU-00039,8,204.00,67.20,Brisbane,R-17,19.50
INV-100411,2025-10-17,C-272,SKU-00047,13,371.00,90.61,Adelaide,R-04,21.33
INV-100412,2025-07-27,C-203,SKU-00030,12,439.00,80.16,Sydney,R-14,32.16
INV-100413,2025-10-20,C-056,SKU-00028,15,722.00,72.75,Adelaide,R-11,34.60
INV-100414,2025-06-05,C-284,SKU-00013,1,52.00,81.19,Melbourne,R-06,0.90
INV-100415,2025-08-18,C-028,SKU-00053,21,589.00,75.81,Melbourne,R-13,14.55
INV-100416,2024-01-17,C-314,SKU-00028,16,722.00,79.20,Newcastle,R-10,19.14
INV-100417,2025-05-01,C-022,SKU-00043,24,320.00,84.24,Adelaide,R-04,27.30
INV-100418,2025-11-28,C-418,SKU-00041,10,612.00,86.90,Brisbane,R-08,43.32
INV-100419,2025-02-25,C-344,SKU-00007,11,284.00,76.12,Melbourne,R-18,9.74
INV-100420,2025-04-15,C-379,SKU-00011,7,62.00,78.63,Newcastle,R-18,15.38
INV-100421,2024-10-24,C-376,SKU-00047,14,371.00,88.34,Brisbane,R-01,23.62
INV-100422,2024-12-13,C-258,SKU-00014,20,632.00,75.40,Perth,R-03,19.66
INV-100423,2025-08-03,C-037,SKU-00031,16,336.00,71.84,Adelaide,R-16,10.80
INV-100424,2025-05-01,C-417,SKU-00043,14,320.00,89.32,Perth,R-13,43.99
INV-100425,2025-05-08,C-100,SKU-00015,15,332.00,77.55,Brisbane,R-17,34.33
INV-100426,2025-12-26,C-354,SKU-00037,21,831.00,86.10,Perth,R-17,36.22
INV-100427,2025-11-26,C-121,SKU-00043,10,320.00,74.00,Newcastle,R-17,15.60
INV-100428,2024-01-10,C-166,SKU-00008,8,232.00,83.12,Adelaide,R-08,30.15
INV-100429,2024-12-20,C-073,SKU-00020,20,702.00,76.20,Melbourne,R-20,10.58
INV-100430,2025-02-15,C-100,SKU-00032,4,60.00,70.07,Brisbane,R-16,21.64
INV-100431,2025-10-01,C-236,SKU-00026,2,405.00,84.80,Newcastle,R-14,1.42
INV-100432,2024-12-02,C-239,SKU-00014,12,632.00,73.92,Perth,R-18,2.00
INV-100433,2025-05-02,C-094,SKU-00018,7,268.00,88.13,Adelaide,R-03,28.40
INV-100434,2024-05-14,C-276,SKU-00007,9,284.00,72.72,Perth,R-19,19.50
INV-100435,2025-08-22,C-306,SKU-00032,11,60.00,74.36,Brisbane,R-11,28.21
INV-100436,2024-01-12,C-051,SKU-00032,8,60.00,76.96,Newcastle,R-08,39.55
INV-100437,2024-01-18,C-135,SKU-00037,19,831.00,90.63,Newcastle,R-01,10.89
INV-100438,2025-10-09,C-302,SKU-00047,22,371.00,74.14,Adelaide,R-23,42.73
INV-100439,2024-09-03,C-179,SKU-00018,8,268.00,78.56,Newcastle,R-10,10.73
INV-100440,2024-03-15,C-100,SKU-00033,23,111.00,74.48,Brisbane,R-11,26.27
INV-100441,2025-03-02,C-274,SKU-00048,23,553.00,79.35,Newcastle,R-27,43.94
INV-100442,2025-08-03,C-237,SKU-00050,11,201.00,71.83,Brisbane,R-01,43.97
INV-100443,2024-03-18,C-055,SKU-00022,21,477.00,81.48,Adelaide,R-21,43.32
INV-100444,2024-02-23,C-253,SKU-00038,20,427.00,77.00,Melbourne,R-23,36.64
INV-100445,2025-08-07,C-291,SKU-00039,1,204.00,88.15,Melbourne,R-16,13.93
INV-100446,2024-03-11,C-384,SKU-00037,23,831.00,79.35,Perth,R-06,39.43
INV-100447,2025-10-03,C-392,SKU-00009,11,761.00,86.24,Sydney,R-23,10.69
INV-100448,2025-12-20,C-092,SKU-00028,3,722.00,79.50,Brisbane,R-20,42.71
INV-100449,2025-05-26,C-232,SKU-00009,24,761.00,75.84,Perth,R-05,24.45
INV-100450,2025-05-24,C-372,SKU-00016,8,574.00,70.80,Melbourne,R-17,44.24
INV-100451,2024-06-19,C-142,SKU-00036,6,224.00,72.54,Melbourne,R-02,38.95
INV-100452,2025-09-09,C-316,SKU-00053,19,589.00,73.91,Adelaide,R-18,22.47
INV-100453,2024-10-19,C-325,SKU-00048,23,553.00,84.41,Sydney,R-12,16.24
INV-100454,2025-05-25,C-076,SKU-00026,9,405.00,74.25,Perth,R-01,25.72
INV-100455,2025-04-01,C-395,SKU-00023,1,115.00,85.24,Sydney,R-11,14.53
INV-100456,2024-04-14,C-162,SKU-00035,20,571.00,80.20,Perth,R-22,13.38
INV-100457,2024-07-20,C-029,SKU-00016,14,574.00,84.14,Adelaide,R-28,24.71
INV-100458,2024-01-03,C-062,SKU-00019,19,357.00,74.10,Perth,R-09,30.69
INV-100459,2024-08-21,C-358,SKU-00009,24,761.00,86.16,Melbourne,R-09,41.32
INV-100460,2024-05-19,C-229,SKU-00042,6,292.00,66.24,Brisbane,R-10,6.54
INV-100461,2025-03-20,C-301,SKU-00027,2,107.00,87.78,Melbourne,R-05,8.80
INV-100462,2024-05-15,C-039,SKU-00043,18,320.00,72.36,Perth,R-20,11.76
INV-100463,2024-05-25,C-101,SKU-00005,23,643.00,78.89,Newcastle,R-02,37.22
INV-100464,2025-08-20,C-145,SKU-00046,2,711.00,84.12,Sydney,R-20,6.84
INV-100465,2024-04-10,C-252,SKU-00009,3,761.00,88.92,Brisbane,R-21,18.52
INV-100466,2024-05-11,C-122,SKU-00048,5,553.00,79.05,Brisbane,R-20,14.47
INV-100467,2025-02-20,C-347,SKU-00003,2,237.00,88.38,Brisbane,R-04,17.49
INV-100468,2024-08-08,C-192,SKU-00011,21,62.00,71.40,Newcastle,R-25,1.97
INV-100469,2025-07-05,C-321,SKU-00032,13,60.00,77.61,Sydney,R-12,20.05
INV-100470,2024-07-23,C-299,SKU-00014,13,632.00,74.51,Brisbane,R-01,10.65
INV-100471,2024-02-14,C-161,SKU-00058,23,513.00,89.24,Perth,R-11,17.61
INV-100472,2025-06-27,C-213,SKU-00052,19,834.00,87.78,Brisbane,R-03,33.92
INV-100473,2025-01-18,C-067,SKU-00014,20,632.00,83.00,Adelaide,R-23,17.32
INV-100474,2025-10-16,C-056,SKU-00001,9,569.00,81.72,Adelaide,R-14,43.33
INV-100475,2025-01-01,C-100,SKU-00058,13,513.00,73.19,Brisbane,R-02,38.99
INV-100476,2024-02-14,C-213,SKU-00041,22,612.00,74.36,Brisbane,R-19,0.93
INV-100477,2025-09-14,C-186,SKU-00019,19,357.00,83.22,Brisbane,R-03,23.75
INV-100478,2024-08-19,C-237,SKU-00055,13,703.00,73.19,Brisbane,R-20,26.59
INV-100479,2025-12-04,C-266,SKU-00008,7,232.00,87.15,Adelaide,R-04,32.08
INV-100480,2024-07-13,C-258,SKU-00047,18,371.00,73.20,Perth,R-20,35.65
INV-100481,2024-09-05,C-138,SKU-00050,17,201.00,75.48,Newcastle,R-19,20.77
INV-100482,2024-06-22,C-039,SKU-00007,24,284.00,76.56,Perth,R-27,36.51
INV-100483,2024-06-01,C-384,SKU-00019,1,357.00,71.68,Perth,R-08,16.16
INV-100484,2024-12-05,C-396,SKU-00025,4,345.00,85.08,Adelaide,R-07,26.86
INV-100485,2024-04-16,C-228,SKU-00016,19,574.00,88.92,Perth,R-02,40.99
INV-100486,2024-07-21,C-408,SKU-00013,10,52.00,71.00,Brisbane,R-17,37.63
INV-100487,2024-12-01,C-274,SKU-00007,2,284.00,77.26,Newcastle,R-19,43.45
INV-100488,2025-10-16,C-021,SKU-00027,24,107.00,73.92,Adelaide,R-17,32.06
INV-100489,2024-01-17,C-079,SKU-00024,16,208.00,87.68,Newcastle,R-05,43.33
INV-100490,2024-07-10,C-396,SKU-00027,10,107.00,77.83,Adelaide,R-11,28.43
INV-100491,2025-07-13,C-366,SKU-00017,9,69.00,75.96,Melbourne,R-14,43.64
INV-100492,2024-04-10,C-042,SKU-00048,2,553.00,90.18,Sydney,R-21,23.40
INV-100493,2024-09-18,C-099,SKU-00021,6,453.00,70.38,Perth,R-07,0.35
INV-100494,2025-01-24,C-272,SKU-00042,10,292.00,87.80,Adelaide,R-15,1.53
INV-100495,2024-04-08,C-031,SKU-00008,2,232.00,71.88,Newcastle,R-28,19.44
INV-100496,2025-06-27,C-258,SKU-00027,5,107.00,78.15,Perth,R-06,24.51
INV-100497,2025-05-14,C-279,SKU-00012,8,822.00,72.16,Sydney,R-19,8.82
INV-100498,2024-11-11,C-309,SKU-00003,7,237.00,88.97,Adelaide,R-08,24.27
INV-100499,2024-01-24,C-176,SKU-00039,13,204.00,82.29,Sydney,R-04,39.67
INV-100500,2024-04-13,C-176,SKU-00025,2,345.00,71.28,Sydney,R-27,19.61
INV-100501,2025-11-28,C-408,SKU-00037,21,831.00,80.64,Brisbane,R-12,20.91
INV-100502,2025-06-18,C-304,SKU-00033,8,111.00,81.04,Melbourne,R-18,25.40
INV-100503,2025-06-22,C-032,SKU-00023,7,115.00,84.21,Brisbane,R-18,2.21
INV-100504,2024-01-17,C-181,SKU-00012,10,822.00,71.60,Perth,R-07,27.80
INV-100505,2025-04-03,C-297,SKU-00008,21,232.00,90.72,Perth,R-15,40.64
INV-100506,2025-01-24,C-175,SKU-00015,10,332.00,72.50,Perth,R-09,1.16
INV-100507,2025-09-20,C-240,SKU-00023,9,115.00,82.71,Adelaide,R-02,26.24
INV-100508,2025-10-03,C-012,SKU-00058,13,513.00,72.80,Melbourne,R-24,2.04
INV-100509,2025-07-14,C-245,SKU-00041,8,612.00,80.80,Perth,R-28,23.99
INV-100510,2024-10-24,C-147,SKU-00017,1,69.00,70.09,Sydney,R-19,29.89
INV-100511,2024-05-27,C-210,SKU-00053,17,589.00,79.73,Adelaide,R-03,32.48
INV-100512,2025-06-14,C-145,SKU-00003,16,237.00,77.12,Sydney,R-12,8.01
INV-100513,2025-12-20,C-155,SKU-00047,2,371.00,80.80,Perth,R-14,19.28
INV-100514,2024-06-08,C-242,SKU-00047,15,371.00,78.75,Sydney,R-02,37.33
INV-100515,2025-02-03,C-115,SKU-00020,17,702.00,84.83,Melbourne,R-20,10.81
INV-100516,2024-04-09,C-228,SKU-00034,23,214.00,89.01,Perth,R-09,29.95
INV-100517,2025-07-18,C-139,SKU-00045,7,841.00,72.73,Perth,R-17,18.36
INV-100518,2024-06-18,C-197,SKU-00020,19,702.00,70.87,Melbourne,R-02,4.93
INV-100519,2025-09-15,C-271,SKU-00007,2,284.00,79.60,Brisbane,R-13,9.85
INV-100520,2025-04-03,C-140,SKU-00011,13,62.00,71.64,Sydney,R-28,12.86
INV-100521,2025-11-20,C-024,SKU-00032,24,60.00,73.20,Melbourne,R-17,25.06
INV-100522,2024-04-03,C-142,SKU-00053,6,589.00,84.60,Melbourne,R-02,44.47
INV-100523,2025-06-25,C-278,SKU-00052,21,834.00,71.19,Melbourne,R-21,26.19
INV-100524,2024-04-15,C-386,SKU-00053,7,589.00,78.75,Brisbane,R-18,34.00
INV-100525,2025-03-22,C-118,SKU-00016,19,574.00,70.49,Brisbane,R-07,9.56
INV-100526,2025-03-08,C-193,SKU-00019,7,357.00,87.57,Brisbane,R-02,33.42
INV-100527,2025-05-21,C-312,SKU-00032,14,60.00,80.36,Perth,R-15,37.89
INV-100528,2024-08-14,C-303,SKU-00021,23,453.00,70.61,Perth,R-13,3.56
INV-100529,2024-08-07,C-137,SKU-00057,4,143.00,76.68,Perth,R-23,4.02
INV-100530,2025-12-14,C-087,SKU-00045,7,841.00,73.35,Melbourne,R-21,0.22
INV-100531,2024-06-26,C-410,SKU-00052,17,834.00,75.14,Brisbane,R-12,37.16
INV-100532,2024-07-28,C-011,SKU-00005,13,643.00,88.01,Melbourne,R-03,16.05
INV-100533,2024-03-16,C-279,SKU-00020,1,702.00,90.56,Sydney,R-17,3.86
INV-100534,2025-10-13,C-153,SKU-00051,24,246.00,83.76,Perth,R-06,20.65
INV-100535,2025-02-14,C-219,SKU-00057,10,143.00,87.10,Melbourne,R-19,7.87
INV-100536,2024-05-03,C-129,SKU-00016,18,574.00,83.16,Adelaide,R-23,4.36
INV-100537,2025-12-18,C-192,SKU-00035,19,571.00,80.18,Newcastle,R-24,23.98
INV-100538,2025-10-22,C-151,SKU-00053,2,589.00,74.82,Melbourne,R-18,28.33
INV-100539,2024-11-03,C-254,SKU-00050,1,201.00,80.49,Sydney,R-19,31.71
INV-100540,2024-07-26,C-240,SKU-00020,17,702.00,76.79,Adelaide,R-02,17.84
INV-100541,2025-12-06,C-139,SKU-00011,11,62.00,84.48,Perth,R-10,7.61
INV-100542,2024-09-06,C-278,SKU-00035,18,571.00,77.94,Melbourne,R-28,4.44
INV-100543,2025-01-13,C-306,SKU-00003,22,237.00,80.74,Brisbane,R-16,22.07
INV-100544,2024-12-17,C-032,SKU-00012,11,822.00,86.02,Brisbane,R-07,38.30
INV-100545,2025-06-12,C-147,SKU-00005,13,643.00,75.27,Sydney,R-03,44.67
INV-100546,2024-12-16,C-035,SKU-00008,19,232.00,76.38,Newcastle,R-15,33.87
INV-100547,2024-10-06,C-138,SKU-00053,6,589.00,86.10,Newcastle,R-07,4.37
INV-100548,2025-02-04,C-258,SKU-00007,2,284.00,70.76,Perth,R-28,23.44
INV-100549,2024-07-05,C-290,SKU-00035,5,571.00,82.40,Perth,R-05,32.96
INV-100550,2025-04-14,C-066,SKU-00036,7,224.00,80.89,Adelaide,R-26,44.72
INV-100551,2025-08-12,C-353,SKU-00013,7,52.00,88.13,Adelaide,R-18,0.52
INV-100552,2025-02-27,C-366,SKU-00011,15,62.00,78.45,Melbourne,R-03,15.89
INV-100553,2025-01-23,C-090,SKU-00036,15,224.00,71.55,Newcastle,R-18,29.78
INV-100554,2024-01-01,C-395,SKU-00020,3,702.00,79.65,Sydney,R-22,10.08
INV-100555,2024-12-12,C-030,SKU-00024,20,208.00,74.20,Brisbane,R-12,34.91
INV-100556,2024-04-14,C-011,SKU-00021,13,453.00,87.49,Melbourne,R-05,5.65
INV-100557,2025-01-22,C-309,SKU-00007,12,284.00,77.76,Adelaide,R-18,41.80
INV-100558,2025-04-16,C-329,SKU-00050,13,201.00,74.23,Newcastle,R-28,36.56
INV-100559,2025-09-26,C-408,SKU-00041,13,612.00,73.97,Brisbane,R-27,22.06
INV-100560,2024-11-18,C-297,SKU-00041,23,612.00,65.17,Perth,R-23,22.14
INV-100561,2024-02-23,C-335,SKU-00019,2,357.00,81.76,Brisbane,R-06,5.57
INV-100562,2025-09-06,C-309,SKU-00005,8,643.00,74.00,Adelaide,R-21,18.19
INV-100563,2025-10-22,C-294,SKU-00008,11,232.00,81.07,Melbourne,R-10,42.29
INV-100564,2024-06-15,C-418,SKU-00058,23,513.00,78.89,Brisbane,R-12,37.70
INV-100565,2024-06-11,C-183,SKU-00030,9,439.00,86.49,Perth,R-23,7.74
INV-100566,2025-02-09,C-314,SKU-00049,12,840.00,72.00,Newcastle,R-28,44.42
INV-100567,2025-08-20,C-231,SKU-00031,18,336.00,77.04,Newcastle,R-16,6.53
INV-100568,2024-05-14,C-367,SKU-00034,5,214.00,71.45,Melbourne,R-13,19.45
INV-100569,2024-09-04,C-145,SKU-00050,4,201.00,90.48,Sydney,R-09,39.56
INV-100570,2024-08-27,C-102,SKU-00033,12,111.00,73.08,Adelaide,R-07,17.35
INV-100571,2024-11-27,C-015,SKU-00049,15,840.00,71.55,Sydney,R-09,7.77
INV-100572,2024-05-10,C-009,SKU-00058,7,513.00,89.60,Brisbane,R-13,9.36
INV-100573,2024-05-21,C-410,SKU-00045,4,841.00,81.68,Brisbane,R-17,15.07
INV-100574,2024-09-28,C-309,SKU-00015,4,332.00,71.16,Adelaide,R-26,31.98
INV-100575,2025-04-27,C-249,SKU-00027,8,107.00,83.76,Melbourne,R-23,27.07
INV-100576,2025-12-19,C-373,SKU-00040,22,257.00,70.84,Newcastle,R-08,30.37
INV-100577,2025-07-11,C-155,SKU-00044,18,183.00,81.54,Perth,R-09,11.17
INV-100578,2025-04-14,C-146,SKU-00004,14,340.00,77.70,Perth,R-18,16.89
INV-100579,2024-11-27,C-114,SKU-00037,6,831.00,83.94,Sydney,R-13,35.31
INV-100580,2024-10-12,C-261,SKU-00032,18,60.00,75.68,Brisbane,R-22,12.44
INV-100581,2024-05-22,C-251,SKU-00024,4,208.00,72.12,Perth,R-11,25.17
INV-100582,2025-04-18,C-233,SKU-00031,1,336.00,79.20,Sydney,R-13,4.41
INV-100583,2025-10-24,C-299,SKU-00036,4,224.00,89.12,Brisbane,R-08,4.25
INV-100584,2024-09-12,C-123,SKU-00010,18,27.00,85.50,Brisbane,R-14,35.18
INV-100585,2024-11-13,C-177,SKU-00031,6,336.00,70.74,Newcastle,R-18,4.11
INV-100586,2024-07-17,C-222,SKU-00045,4,841.00,70.40,Melbourne,R-02,23.36
INV-100587,2024-03-03,C-351,SKU-00011,6,62.00,83.16,Adelaide,R-08,13.10
INV-100588,2024-02-02,C-165,SKU-00015,1,332.00,77.17,Perth,R-22,1.55
INV-100589,2024-01-22,C-108,SKU-00054,22,714.00,72.16,Perth,R-02,3.39
INV-100590,2025-11-05,C-075,SKU-00029,16,291.00,69.33,Brisbane,R-19,13.74
INV-100591,2025-04-04,C-244,SKU-00037,13,831.00,71.76,Perth,R-20,25.72
INV-100592,2024-04-17,C-222,SKU-00052,8,834.00,88.24,Melbourne,R-01,41.85
INV-100593,2025-12-28,C-352,SKU-00008,7,232.00,80.43,Melbourne,R-13,42.61
INV-100594,2025-08-03,C-066,SKU-00049,23,840.00,72.91,Adelaide,R-27,16.29
INV-100595,2025-03-18,C-185,SKU-00039,17,204.00,78.37,Sydney,R-14,19.75
INV-100596,2024-02-18,C-278,SKU-00004,2,340.00,77.74,Melbourne,R-04,32.41
INV-100597,2025-08-25,C-144,SKU-00052,2,834.00,76.60,Newcastle,R-03,1.74
INV-100598,2025-11-16,C-037,SKU-00021,7,453.00,84.98,Adelaide,R-13,20.25
INV-100599,2025-04-08,C-182,SKU-00015,22,332.00,83.82,Perth,R-14,18.49
INV-100600,2024-01-10,C-243,SKU-00053,17,589.00,72.26,Melbourne,R-18,11.03
INV-100601,2025-04-01,C-327,SKU-00018,7,268.00,88.83,Adelaide,R-28,10.66
INV-100602,2024-09-14,C-398,SKU-00056,24,481.00,75.12,Adelaide,R-07,6.36
INV-100603,2024-09-04,C-094,SKU-00015,19,332.00,88.73,Adelaide,R-01,16.09
INV-100604,2025-01-10,C-320,SKU-00041,11,612.00,89.32,Sydney,R-09,22.10
INV-100605,2024-02-26,C-272,SKU-00024,17,208.00,83.13,Adelaide,R-15,17.38
INV-100606,2024-05-03,C-194,SKU-00003,11,237.00,89.43,Brisbane,R-07,28.45
INV-100607,2025-09-18,C-166,SKU-00038,7,427.00,74.55,Adelaide,R-27,31.88
INV-100608,2024-05-18,C-074,SKU-00019,19,357.00,73.72,Adelaide,R-13,3.41
INV-100609,2024-10-11,C-121,SKU-00044,2,183.00,82.86,Newcastle,R-17,43.03
INV-100610,2024-07-02,C-304,SKU-00011,11,62.00,65.38,Melbourne,R-17,5.02
INV-100611,2025-10-02,C-323,SKU-00032,6,60.00,73.26,Brisbane,R-19,42.69
INV-100612,2025-11-14,C-133,SKU-00025,17,345.00,82.45,Brisbane,R-08,18.45
INV-100613,2024-12-07,C-005,SKU-00058,3,513.00,90.57,Brisbane,R-19,37.16
INV-100614,2025-10-28,C-105,SKU-00023,2,115.00,80.72,Sydney,R-21,27.35
INV-100615,2024-12-08,C-067,SKU-00033,13,111.00,70.59,Adelaide,R-21,3.32
INV-100616,2024-10-15,C-040,SKU-00025,9,345.00,80.28,Melbourne,R-15,42.75
INV-100617,2024-06-08,C-275,SKU-00006,10,428.00,75.60,Adelaide,R-26,27.38
INV-100618,2024-09-19,C-007,SKU-00015,18,332.00,86.94,Adelaide,R-28,28.38
INV-100619,2024-07-12,C-358,SKU-00023,7,115.00,90.16,Melbourne,R-05,20.47
INV-100620,2025-07-15,C-152,SKU-00042,14,292.00,82.17,Melbourne,R-05,34.01
INV-100621,2024-05-15,C-279,SKU-00003,12,237.00,74.76,Sydney,R-19,38.15
INV-100622,2025-05-18,C-103,SKU-00054,15,714.00,81.15,Sydney,R-09,14.64
INV-100623,2025-03-18,C-199,SKU-00006,4,428.00,90.28,Newcastle,R-04,33.08
INV-100624,2024-10-04,C-224,SKU-00043,21,320.00,77.70,Sydney,R-21,4.95
INV-100625,2025-04-03,C-259,SKU-00009,1,761.00,86.13,Sydney,R-16,14.20
INV-100626,2025-02-12,C-326,SKU-00050,3,201.00,73.65,Adelaide,R-14,12.86
INV-100627,2024-09-09,C-103,SKU-00001,8,569.00,79.68,Sydney,R-26,17.73
INV-100628,2024-12-18,C-366,SKU-00008,7,232.00,76.58,Melbourne,R-26,3.35
INV-100629,2024-10-14,C-367,SKU-00043,22,320.00,88.66,Melbourne,R-28,13.11
INV-100630,2024-03-14,C-035,SKU-00050,19,201.00,77.26,Newcastle,R-15,10.37
INV-100631,2025-12-19,C-307,SKU-00016,14,574.00,72.10,Newcastle,R-09,26.78
INV-100632,2025-04-11,C-279,SKU-00031,20,336.00,72.00,Sydney,R-07,25.02
INV-100633,2024-03-08,C-323,SKU-00032,13,60.00,85.02,Brisbane,R-25,14.83
INV-100634,2025-07-23,C-338,SKU-00051,17,246.00,88.23,Perth,R-12,28.40
INV-100635,2025-02-04,C-026,SKU-00014,5,632.00,85.95,Melbourne,R-17,15.63
INV-100636,2025-03-11,C-408,SKU-00028,5,722.00,76.60,Brisbane,R-08,27.23
INV-100637,2024-02-16,C-148,SKU-00029,16,291.00,75.84,Melbourne,R-20,10.22
INV-100638,2024-05-16,C-091,SKU-00006,21,428.00,90.72,Brisbane,R-20,39.05
INV-100639,2024-06-15,C-308,SKU-00025,1,345.00,89.08,Melbourne,R-24,2.16
INV-100640,2024-08-02,C-106,SKU-00028,23,722.00,74.27,Sydney,R-15,35.75
INV-100641,2024-03-08,C-220,SKU-00001,1,569.00,88.70,Adelaide,R-03,3.81
INV-100642,2025-01-13,C-145,SKU-00032,1,60.00,86.43,Sydney,R-26,37.90
INV-100643,2025-02-25,C-373,SKU-00002,15,592.00,78.60,Newcastle,R-21,19.37
INV-100644,2024-08-12,C-411,SKU-00023,12,115.00,84.72,Perth,R-23,42.85
INV-100645,2025-10-23,C-380,SKU-00001,24,569.00,75.36,Adelaide,R-20,40.92
INV-100646,2024-09-24,C-396,SKU-00048,21,553.00,78.12,Adelaide,R-19,24.51
INV-100647,2024-02-13,C-419,SKU-00013,24,52.00,82.56,Brisbane,R-02,34.60
INV-100648,2025-02-05,C-113,SKU-00002,4,592.00,75.84,Brisbane,R-08,14.98
INV-100649,2024-07-05,C-239,SKU-00019,15,357.00,77.70,Perth,R-05,28.40
INV-100650,2024-03-16,C-059,SKU-00012,8,822.00,77.80,Perth,R-13,32.75
INV-100651,2024-10-07,C-372,SKU-00043,14,320.00,72.52,Melbourne,R-19,26.50
INV-100652,2025-08-15,C-220,SKU-00018,4,268.00,80.68,Adelaide,R-19,37.88
INV-100653,2024-01-20,C-292,SKU-00009,1,761.00,79.08,Perth,R-19,17.25
INV-100654,2025-07-12,C-151,SKU-00039,21,204.00,78.12,Melbourne,R-23,29.20
INV-100655,2025-04-24,C-248,SKU-00051,22,246.00,87.56,Newcastle,R-07,14.05
INV-100656,2024-02-01,C-330,SKU-00007,6,284.00,85.98,Brisbane,R-02,34.57
INV-100657,2025-08-05,C-035,SKU-00033,13,111.00,78.13,Newcastle,R-10,16.04
INV-100658,2024-11-02,C-164,SKU-00020,10,702.00,80.90,Perth,R-01,15.52
INV-100659,2025-10-18,C-402,SKU-00033,3,111.00,77.91,Melbourne,R-12,28.63
INV-100660,2024-05-26,C-376,SKU-00058,22,513.00,70.44,Brisbane,R-03,21.75
INV-100661,2025-10-19,C-407,SKU-00033,17,111.00,73.27,Adelaide,R-26,22.56
INV-100662,2025-07-19,C-231,SKU-00026,3,405.00,86.76,Newcastle,R-17,22.13
INV-100663,2024-12-01,C-059,SKU-00024,3,208.00,72.93,Perth,R-17,35.70
INV-100664,2024-10-24,C-266,SKU-00042,24,292.00,86.16,Adelaide,R-27,37.82
INV-100665,2024-02-10,C-178,SKU-00006,8,428.00,71.28,Newcastle,R-26,11.82
INV-100666,2024-04-19,C-094,SKU-00054,3,714.00,83.61,Adelaide,R-26,17.83
INV-100667,2024-01-28,C-032,SKU-00042,14,292.00,82.88,Brisbane,R-07,22.00
INV-100668,2025-07-20,C-240,SKU-00055,20,703.00,90.60,Adelaide,R-26,10.34
INV-100669,2024-03-03,C-384,SKU-00018,15,268.00,77.10,Perth,R-26,40.85
INV-100670,2025-07-04,C-069,SKU-00002,12,592.00,66.13,Sydney,R-19,37.29
INV-100671,2025-11-14,C-274,SKU-00031,14,336.00,79.24,Newcastle,R-03,29.30
INV-100672,2025-05-28,C-187,SKU-00018,2,268.00,83.74,Brisbane,R-25,8.77
INV-100673,2025-11-16,C-161,SKU-00053,2,589.00,81.36,Perth,R-06,38.69
INV-100674,2024-08-21,C-317,SKU-00022,4,477.00,89.88,Melbourne,R-14,4.26
INV-100675,2025-10-07,C-052,SKU-00043,12,320.00,78.48,Newcastle,R-25,0.40
INV-100676,2024-02-05,C-188,SKU-00001,17,569.00,70.21,Perth,R-01,37.58
INV-100677,2025-04-11,C-332,SKU-00025,22,345.00,72.60,Perth,R-14,43.86
INV-100678,2024-04-15,C-096,SKU-00022,14,477.00,84.56,Melbourne,R-18,34.03
INV-100679,2025-06-23,C-179,SKU-00006,22,428.00,70.40,Newcastle,R-06,30.09
INV-100680,2025-03-22,C-042,SKU-00052,11,834.00,70.94,Sydney,R-05,16.35
INV-100681,2024-04-11,C-184,SKU-00022,5,477.00,71.85,Brisbane,R-01,25.91
INV-100682,2025-09-14,C-212,SKU-00057,7,143.00,77.70,Perth,R-19,29.69
INV-100683,2024-03-02,C-179,SKU-00036,3,224.00,80.85,Newcastle,R-17,16.86
INV-100684,2025-09-22,C-143,SKU-00001,1,569.00,85.83,Adelaide,R-15,30.32
INV-100685,2024-10-02,C-412,SKU-00015,18,332.00,80.82,Newcastle,R-15,31.26
INV-100686,2024-03-28,C-323,SKU-00041,7,612.00,70.63,Brisbane,R-05,10.88
INV-100687,2025-07-24,C-096,SKU-00007,9,284.00,71.55,Melbourne,R-26,34.73
INV-100688,2024-10-25,C-414,SKU-00015,4,332.00,90.12,Melbourne,R-07,19.12
INV-100689,2025-04-14,C-212,SKU-00047,6,371.00,77.64,Perth,R-16,2.38
INV-100690,2025-07-01,C-027,SKU-00036,6,224.00,81.86,Brisbane,R-16,39.42
INV-100691,2024-11-10,C-006,SKU-00057,1,143.00,82.25,Sydney,R-15,35.11
INV-100692,2025-09-19,C-394,SKU-00019,7,357.00,77.49,Adelaide,R-01,6.92
INV-100693,2024-04-06,C-303,SKU-00051,15,246.00,76.80,Perth,R-15,2.72
INV-100694,2024-07-03,C-275,SKU-00022,17,477.00,71.91,Adelaide,R-14,33.53
INV-100695,2024-04-04,C-149,SKU-00041,22,612.00,70.62,Perth,R-05,10.53
INV-100696,2025-04-16,C-252,SKU-00024,17,208.00,80.07,Brisbane,R-01,38.05
INV-100697,2024-01-14,C-369,SKU-00020,23,702.00,71.99,Adelaide,R-13,0.53
INV-100698,2025-12-03,C-178,SKU-00023,21,115.00,72.87,Newcastle,R-18,7.69
INV-100699,2025-07-15,C-403,SKU-00044,11,183.00,75.68,Perth,R-01,12.16
INV-100700,2024-09-05,C-298,SKU-00016,18,574.00,70.55,Perth,R-02,5.20
INV-100701,2025-05-08,C-306,SKU-00022,1,477.00,89.41,Brisbane,R-09,22.84
INV-100702,2025-08-18,C-419,SKU-00020,22,702.00,86.02,Brisbane,R-21,38.61
INV-100703,2024-10-27,C-348,SKU-00041,22,612.00,80.30,Sydney,R-20,11.30
INV-100704,2025-07-20,C-063,SKU-00009,19,761.00,71.44,Sydney,R-24,11.96
INV-100705,2025-11-10,C-120,SKU-00056,3,481.00,80.10,Adelaide,R-26,35.21
INV-100706,2024-03-28,C-195,SKU-00005,23,643.00,81.65,Melbourne,R-09,14.51
INV-100707,2025-07-02,C-006,SKU-00048,10,553.00,75.80,Sydney,R-17,25.97
INV-100708,2024-12-16,C-315,SKU-00023,11,115.00,89.43,Brisbane,R-22,34.80
INV-100709,2024-09-08,C-098,SKU-00034,11,214.00,79.75,Adelaide,R-17,24.56
INV-100710,2024-07-19,C-022,SKU-00044,14,183.00,78.31,Adelaide,R-23,15.26
INV-100711,2024-02-06,C-165,SKU-00037,3,831.00,87.39,Perth,R-19,22.82
INV-100712,2025-09-07,C-170,SKU-00013,18,52.00,83.16,Brisbane,R-16,5.57
INV-100713,2024-01-27,C-087,SKU-00003,19,237.00,87.02,Melbourne,R-12,24.38
INV-100714,2025-11-04,C-149,SKU-00043,8,320.00,83.04,Perth,R-06,23.97
INV-100715,2025-04-22,C-067,SKU-00047,24,371.00,86.64,Adelaide,R-05,16.04
INV-100716,2024-02-17,C-416,SKU-00028,17,722.00,74.63,Melbourne,R-06,3.95
INV-100717,2025-03-23,C-285,SKU-00024,24,208.00,88.80,Melbourne,R-03,22.75
INV-100718,2025-04-02,C-226,SKU-00017,4,69.00,83.68,Perth,R-18,36.78
INV-100719,2024-12-07,C-142,SKU-00040,10,257.00,72.30,Melbourne,R-22,0.56
INV-100720,2024-04-28,C-086,SKU-00017,6,69.00,69.77,Perth,R-26,24.73
INV-100721,2024-07-26,C-230,SKU-00003,17,237.00,88.23,Melbourne,R-27,9.39
INV-100722,2025-01-04,C-247,SKU-00049,15,840.00,74.40,Sydney,R-05,24.48
INV-100723,2024-12-27,C-261,SKU-00012,10,822.00,80.30,Brisbane,R-20,42.94
INV-100724,2024-08-06,C-263,SKU-00019,7,357.00,74.55,Newcastle,R-16,0.98
INV-100725,2024-12-12,C-185,SKU-00033,19,111.00,79.61,Sydney,R-23,40.98
INV-100726,2024-04-13,C-275,SKU-00058,10,513.00,83.80,Adelaide,R-07,30.48
INV-100727,2024-06-20,C-199,SKU-00003,24,237.00,72.24,Newcastle,R-26,6.98
INV-100728,2025-09-03,C-214,SKU-00007,4,284.00,89.80,Perth,R-26,23.29
INV-100729,2024-03-16,C-047,SKU-00028,16,722.00,75.20,Perth,R-23,37.57
INV-100730,2024-02-23,C-004,SKU-00004,23,340.00,71.10,Perth,R-05,14.00
INV-100731,2024-07-26,C-300,SKU-00050,12,201.00,82.80,Brisbane,R-02,29.07
INV-100732,2025-10-21,C-051,SKU-00044,12,183.00,82.32,Newcastle,R-03,40.26
INV-100733,2025-11-15,C-031,SKU-00030,17,439.00,84.66,Newcastle,R-20,27.70
INV-100734,2025-06-01,C-063,SKU-00031,9,336.00,75.24,Sydney,R-04,41.07
INV-100735,2025-01-23,C-151,SKU-00031,22,336.00,73.26,Melbourne,R-03,25.75
INV-100736,2025-11-16,C-108,SKU-00053,9,589.00,81.72,Perth,R-15,1.90
INV-100737,2024-02-13,C-089,SKU-00027,8,107.00,85.20,Sydney,R-24,33.48
INV-100738,2024-03-27,C-420,SKU-00040,20,257.00,83.40,Perth,R-12,11.33
INV-100739,2025-04-14,C-355,SKU-00001,11,569.00,78.76,Newcastle,R-01,3.25
INV-100740,2024-05-08,C-135,SKU-00034,4,214.00,69.22,Newcastle,R-11,2.87
INV-100741,2024-05-17,C-018,SKU-00039,3,204.00,81.90,Melbourne,R-14,32.22
INV-100742,2024-12-11,C-231,SKU-00045,7,841.00,80.43,Newcastle,R-01,29.15
INV-100743,2024-07-27,C-398,SKU-00041,2,612.00,72.52,Adelaide,R-22,41.38
INV-100744,2024-10-04,C-056,SKU-00002,6,592.00,78.78,Adelaide,R-15,0.98
INV-100745,2025-09-15,C-302,SKU-00058,10,513.00,73.30,Adelaide,R-27,33.15
INV-100746,2024-02-15,C-041,SKU-00058,12,513.00,82.08,Adelaide,R-16,18.50
INV-100747,2024-02-04,C-214,SKU-00055,13,703.00,80.60,Perth,R-12,0.97
INV-100748,2025-05-21,C-187,SKU-00027,16,107.00,70.88,Brisbane,R-08,13.21
INV-100749,2024-05-20,C-382,SKU-00047,22,371.00,78.10,Newcastle,R-01,10.60
INV-100750,2024-01-10,C-383,SKU-00025,22,345.00,81.97,Perth,R-18,4.96
INV-100751,2025-07-18,C-070,SKU-00047,15,371.00,71.55,Adelaide,R-18,4.55
INV-100752,2024-06-25,C-190,SKU-00048,15,553.00,80.70,Adelaide,R-18,3.82
INV-100753,2024-12-13,C-117,SKU-00047,22,371.00,75.24,Adelaide,R-07,17.79
INV-100754,2024-12-27,C-175,SKU-00024,16,208.00,80.00,Perth,R-23,19.16
INV-100755,2025-06-04,C-269,SKU-00031,12,336.00,87.48,Newcastle,R-22,8.91
INV-100756,2024-05-01,C-291,SKU-00020,6,702.00,73.14,Melbourne,R-27,17.59
INV-100757,2024-09-22,C-280,SKU-00001,24,569.00,79.44,Newcastle,R-09,17.99
INV-100758,2024-06-22,C-281,SKU-00041,3,612.00,74.04,Melbourne,R-07,16.61
INV-100759,2025-05-01,C-277,SKU-00056,5,481.00,71.00,Newcastle,R-19,32.80
INV-100760,2025-07-25,C-342,SKU-00014,10,632.00,78.11,Melbourne,R-14,36.62
INV-100761,2025-02-14,C-062,SKU-00034,7,214.00,85.96,Perth,R-20,10.24
INV-100762,2025-05-24,C-011,SKU-00058,24,513.00,82.56,Melbourne,R-28,42.08
INV-100763,2024-11-03,C-359,SKU-00048,18,553.00,86.04,Sydney,R-10,43.88
INV-100764,2024-01-23,C-156,SKU-00026,13,405.00,79.95,Melbourne,R-12,38.40
INV-100765,2024-03-03,C-393,SKU-00017,15,69.00,70.35,Sydney,R-25,26.19
INV-100766,2025-11-23,C-122,SKU-00025,19,345.00,88.92,Brisbane,R-21,12.83
INV-100767,2024-04-09,C-395,SKU-00057,4,143.00,75.80,Sydney,R-07,33.35
INV-100768,2024-05-13,C-123,SKU-00054,8,714.00,71.36,Brisbane,R-25,35.85
INV-100769,2024-12-16,C-225,SKU-00019,22,357.00,71.72,Perth,R-11,11.93
INV-100770,2025-07-26,C-322,SKU-00042,21,292.00,65.30,Brisbane,R-09,6.66
INV-100771,2024-09-13,C-383,SKU-00025,19,345.00,89.30,Perth,R-28,38.66
INV-100772,2025-06-21,C-200,SKU-00058,7,513.00,72.17,Newcastle,R-08,2.21
INV-100773,2025-10-01,C-012,SKU-00046,23,711.00,80.73,Melbourne,R-17,43.30
INV-100774,2024-05-14,C-308,SKU-00009,12,761.00,75.60,Melbourne,R-07,28.53
INV-100775,2025-04-13,C-357,SKU-00008,14,232.00,86.66,Newcastle,R-23,19.39
INV-100776,2025-01-20,C-114,SKU-00055,20,703.00,87.40,Sydney,R-02,4.30
INV-100777,2025-12-25,C-420,SKU-00019,22,357.00,80.74,Perth,R-05,38.38
INV-100778,2025-11-16,C-272,SKU-00018,14,268.00,79.10,Adelaide,R-15,23.24
INV-100779,2024-10-14,C-080,SKU-00052,18,834.00,87.30,Newcastle,R-26,37.21
INV-100780,2024-05-08,C-187,SKU-00032,5,60.00,82.20,Brisbane,R-03,15.71
INV-100781,2024-04-18,C-051,SKU-00032,7,60.00,80.78,Newcastle,R-23,13.63
INV-100782,2025-12-14,C-060,SKU-00023,3,115.00,87.54,Brisbane,R-11,5.78
INV-100783,2024-02-01,C-056,SKU-00028,14,722.00,85.40,Adelaide,R-15,7.36
INV-100784,2025-02-20,C-281,SKU-00039,18,204.00,90.90,Melbourne,R-13,8.99
INV-100785,2025-06-27,C-188,SKU-00001,4,569.00,81.40,Perth,R-05,14.41
INV-100786,2024-05-02,C-023,SKU-00023,3,115.00,74.25,Perth,R-05,26.42
INV-100787,2025-03-10,C-250,SKU-00002,20,592.00,82.40,Perth,R-09,19.16
INV-100788,2024-04-09,C-356,SKU-00038,19,427.00,81.32,Perth,R-05,0.47
INV-100789,2024-12-20,C-319,SKU-00022,21,477.00,86.94,Perth,R-15,20.40
INV-100790,2025-06-14,C-284,SKU-00009,22,761.00,73.47,Melbourne,R-07,19.05
INV-100791,2025-07-05,C-389,SKU-00031,22,336.00,81.62,Perth,R-16,7.47
INV-100792,2025-08-01,C-281,SKU-00005,2,643.00,77.92,Melbourne,R-04,11.33
INV-100793,2025-04-03,C-290,SKU-00006,18,428.00,88.38,Perth,R-28,27.49
INV-100794,2024-09-15,C-036,SKU-00020,17,702.00,71.74,Melbourne,R-24,13.93
INV-100795,2024-12-09,C-400,SKU-00023,7,115.00,74.41,Newcastle,R-25,14.36
INV-100796,2025-06-17,C-330,SKU-00004,21,340.00,80.85,Brisbane,R-03,10.46
INV-100797,2024-04-23,C-291,SKU-00041,24,612.00,89.04,Melbourne,R-27,14.14
INV-100798,2024-11-24,C-158,SKU-00045,13,841.00,77.09,Melbourne,R-01,33.94
INV-100799,2024-07-28,C-105,SKU-00015,2,332.00,82.14,Sydney,R-23,22.11
INV-100800,2025-04-05,C-293,SKU-00003,15,237.00,66.24,Adelaide,R-11,30.01
INV-100801,2025-08-24,C-272,SKU-00021,7,453.00,80.57,Adelaide,R-28,6.13
INV-100802,2025-03-24,C-024,SKU-00020,21,702.00,70.77,Melbourne,R-19,43.08
INV-100803,2024-08-23,C-093,SKU-00057,13,143.00,79.17,Perth,R-03,13.21
INV-100804,2025-05-24,C-366,SKU-00051,13,246.00,88.40,Melbourne,R-18,1.50
INV-100805,2024-12-17,C-024,SKU-00040,1,257.00,76.04,Melbourne,R-11,19.61
INV-100806,2024-04-26,C-254,SKU-00050,2,201.00,77.66,Sydney,R-10,31.44
INV-100807,2024-11-08,C-280,SKU-00019,21,357.00,82.32,Newcastle,R-11,37.65
INV-100808,2025-09-07,C-063,SKU-00051,10,246.00,81.70,Sydney,R-05,1.87
INV-100809,2024-08-04,C-335,SKU-00057,4,143.00,73.84,Brisbane,R-09,28.51
INV-100810,2025-04-16,C-332,SKU-00020,9,702.00,80.56,Perth,R-14,29.86
INV-100811,2025-01-18,C-197,SKU-00024,5,208.00,71.85,Melbourne,R-12,29.75
INV-100812,2025-11-08,C-096,SKU-00004,3,340.00,74.58,Melbourne,R-19,34.53
INV-100813,2025-06-02,C-420,SKU-00036,12,224.00,81.48,Perth,R-14,34.42
INV-100814,2024-08-28,C-413,SKU-00028,24,722.00,78.48,Newcastle,R-19,35.99
INV-100815,2024-05-13,C-290,SKU-00036,9,224.00,78.66,Perth,R-06,4.08
INV-100816,2024-03-01,C-245,SKU-00034,17,214.00,75.31,Perth,R-15,5.01
INV-100817,2024-07-02,C-235,SKU-00004,12,340.00,76.68,Brisbane,R-04,2.55
INV-100818,2025-08-24,C-026,SKU-00044,5,183.00,79.70,Melbourne,R-08,20.46
INV-100819,2024-10-07,C-054,SKU-00004,9,340.00,82.62,Brisbane,R-22,21.67
INV-100820,2025-11-05,C-094,SKU-00018,7,268.00,65.43,Adelaide,R-20,19.91
INV-100821,2025-10-08,C-345,SKU-00028,5,722.00,84.95,Sydney,R-14,44.03
INV-100822,2024-01-09,C-406,SKU-00028,4,722.00,85.88,Perth,R-04,26.75
INV-100823,2025-05-04,C-339,SKU-00028,2,722.00,83.80,Adelaide,R-04,12.43
INV-100824,2025-09-06,C-211,SKU-00020,20,702.00,71.60,Newcastle,R-13,27.33
INV-100825,2025-04-03,C-381,SKU-00052,19,834.00,72.77,Perth,R-16,41.13
INV-100826,2024-04-07,C-129,SKU-00034,16,214.00,79.36,Adelaide,R-20,37.67
INV-100827,2024-12-22,C-415,SKU-00032,2,60.00,90.02,Melbourne,R-09,6.33
INV-100828,2025-11-11,C-071,SKU-00034,16,214.00,80.80,Brisbane,R-16,18.80
INV-100829,2024-07-14,C-060,SKU-00039,8,204.00,72.24,Brisbane,R-25,2.30
INV-100830,2024-12-15,C-411,SKU-00034,24,214.00,65.14,Perth,R-10,11.25
INV-100831,2024-03-13,C-289,SKU-00004,24,340.00,72.24,Perth,R-28,12.03
INV-100832,2024-04-15,C-032,SKU-00054,19,714.00,71.06,Brisbane,R-24,2.96
INV-100833,2024-07-23,C-040,SKU-00055,21,703.00,81.06,Melbourne,R-05,40.33
INV-100834,2025-04-06,C-055,SKU-00048,19,553.00,85.69,Adelaide,R-02,37.94
INV-100835,2024-06-10,C-167,SKU-00014,22,632.00,73.26,Sydney,R-28,25.75
INV-100836,2025-04-25,C-103,SKU-00058,4,513.00,87.36,Sydney,R-06,8.37
INV-100837,2024-05-05,C-176,SKU-00021,18,453.00,88.74,Sydney,R-14,25.90
INV-100838,2025-03-09,C-285,SKU-00014,11,632.00,80.63,Melbourne,R-16,15.82
INV-100839,2024-03-13,C-102,SKU-00014,2,632.00,86.30,Adelaide,R-23,1.59
INV-100840,2025-04-05,C-303,SKU-00003,20,237.00,77.10,Perth,R-18,0.80
INV-100841,2025-09-18,C-195,SKU-00010,21,27.00,78.12,Melbourne,R-23,40.04
INV-100842,2024-12-15,C-131,SKU-00009,9,761.00,75.33,Adelaide,R-09,5.17
INV-100843,2025-07-23,C-127,SKU-00022,10,477.00,82.30,Perth,R-22,24.99
INV-100844,2024-05-11,C-266,SKU-00026,21,405.00,79.80,Adelaide,R-18,3.69
INV-100845,2024-09-18,C-165,SKU-00047,6,371.00,71.70,Perth,R-11,38.83
INV-100846,2025-07-02,C-319,SKU-00041,20,612.00,86.20,Perth,R-13,26.24
INV-100847,2024-06-23,C-125,SKU-00057,9,143.00,87.75,Brisbane,R-26,43.46
INV-100848,2025-03-09,C-237,SKU-00001,8,569.00,83.52,Brisbane,R-21,14.19
INV-100849,2024-09-06,C-176,SKU-00016,20,574.00,72.00,Sydney,R-13,8.82
INV-100850,2024-09-16,C-321,SKU-00002,4,592.00,69.00,Sydney,R-04,20.39
INV-100851,2025-12-18,C-231,SKU-00012,23,822.00,83.49,Newcastle,R-14,9.77
INV-100852,2025-01-19,C-290,SKU-00010,5,27.00,79.55,Perth,R-03,16.56
INV-100853,2025-06-06,C-135,SKU-00028,16,722.00,79.20,Newcastle,R-14,4.79
INV-100854,2025-02-08,C-164,SKU-00015,23,332.00,74.06,Perth,R-25,23.07
INV-100855,2025-09-08,C-419,SKU-00026,5,405.00,79.50,Brisbane,R-15,15.42
INV-100856,2024-03-21,C-113,SKU-00004,12,340.00,71.76,Brisbane,R-06,23.00
INV-100857,2025-05-27,C-387,SKU-00039,2,204.00,71.54,Sydney,R-17,24.66
INV-100858,2024-04-24,C-124,SKU-00040,6,257.00,88.02,Adelaide,R-08,24.95
INV-100859,2024-09-08,C-105,SKU-00034,19,214.00,78.47,Sydney,R-11,44.56
INV-100860,2025-12-18,C-033,SKU-00031,5,336.00,65.32,Adelaide,R-08,21.09
INV-100861,2024-12-24,C-372,SKU-00039,22,204.00,71.28,Melbourne,R-25,15.93
INV-100862,2024-09-09,C-272,SKU-00007,14,284.00,88.06,Adelaide,R-26,28.80
INV-100863,2024-07-10,C-356,SKU-00036,21,224.00,73.50,Perth,R-14,29.13
INV-100864,2024-02-11,C-235,SKU-00016,23,574.00,75.67,Brisbane,R-28,24.69
INV-100865,2024-02-22,C-065,SKU-00002,7,592.00,72.31,Adelaide,R-26,16.29
INV-100866,2024-01-23,C-029,SKU-00053,3,589.00,73.32,Adelaide,R-04,18.11
INV-100867,2024-12-28,C-154,SKU-00004,3,340.00,73.32,Newcastle,R-06,2.48
INV-100868,2025-05-10,C-328,SKU-00042,3,292.00,76.56,Newcastle,R-06,5.89
INV-100869,2025-07-01,C-190,SKU-00006,20,428.00,73.60,Adelaide,R-16,4.00
INV-100870,2025-10-16,C-390,SKU-00009,3,761.00,74.00,Adelaide,R-12,4.31
INV-100871,2024-06-27,C-307,SKU-00042,9,292.00,82.17,Newcastle,R-10,25.21
INV-100872,2024-01-24,C-177,SKU-00035,23,571.00,88.09,Newcastle,R-20,36.90
INV-100873,2025-12-28,C-395,SKU-00052,19,834.00,90.06,Sydney,R-13,24.85
INV-100874,2025-07-02,C-209,SKU-00015,17,332.00,74.29,Newcastle,R-18,39.89
INV-100875,2024-04-05,C-373,SKU-00055,6,703.00,75.54,Newcastle,R-04,27.97
INV-100876,2024-03-10,C-120,SKU-00034,2,214.00,80.70,Adelaide,R-26,15.77
INV-100877,2025-10-18,C-323,SKU-00032,12,60.00,85.20,Brisbane,R-24,26.04
INV-100878,2025-05-04,C-068,SKU-00016,16,574.00,76.64,Adelaide,R-15,7.26
INV-100879,2025-09-14,C-111,SKU-00026,18,405.00,88.20,Adelaide,R-15,35.72
INV-100880,2025-10-10,C-311,SKU-00038,10,427.00,75.44,Newcastle,R-04,39.21
INV-100881,2025-10-15,C-255,SKU-00023,1,115.00,77.48,Sydney,R-09,9.58
INV-100882,2024-03-26,C-399,SKU-00025,21,345.00,88.83,Perth,R-04,39.80
INV-100883,2025-08-02,C-176,SKU-00020,3,702.00,73.41,Sydney,R-27,3.51
INV-100884,2025-12-21,C-022,SKU-00001,23,569.00,74.75,Adelaide,R-13,10.40
INV-100885,2025-04-18,C-250,SKU-00058,2,513.00,85.06,Perth,R-18,41.55
INV-100886,2024-12-21,C-082,SKU-00052,24,834.00,85.68,Melbourne,R-16,36.19
INV-100887,2024-04-22,C-051,SKU-00058,7,513.00,73.08,Newcastle,R-12,14.13
INV-100888,2024-06-27,C-144,SKU-00018,7,268.00,72.38,Newcastle,R-10,35.53
INV-100889,2024-04-18,C-186,SKU-00058,17,513.00,74.29,Brisbane,R-15,44.34
INV-100890,2025-10-24,C-044,SKU-00029,12,291.00,65.91,Brisbane,R-25,17.45
INV-100891,2024-08-28,C-399,SKU-00058,2,513.00,79.24,Perth,R-21,32.96
INV-100892,2024-05-13,C-132,SKU-00022,6,477.00,89.82,Newcastle,R-04,23.78
INV-100893,2025-08-08,C-252,SKU-00034,14,214.00,90.30,Brisbane,R-24,42.69
INV-100894,2024-01-23,C-003,SKU-00003,23,237.00,83.49,Newcastle,R-09,42.66
INV-100895,2025-04-20,C-125,SKU-00029,13,291.00,76.70,Brisbane,R-24,44.93
INV-100896,2024-01-23,C-236,SKU-00001,4,569.00,81.84,Newcastle,R-07,34.54
INV-100897,2025-08-12,C-362,SKU-00039,15,204.00,75.45,Perth,R-05,24.85
INV-100898,2024-05-21,C-308,SKU-00055,7,703.00,76.72,Melbourne,R-10,11.94
INV-100899,2024-06-21,C-010,SKU-00024,9,208.00,72.27,Perth,R-15,22.47
INV-100900,2024-05-23,C-383,SKU-00029,17,291.00,76.48,Perth,R-21,2.31
INV-100901,2024-04-17,C-014,SKU-00029,2,291.00,74.90,Sydney,R-09,23.98
INV-100902,2024-11-07,C-143,SKU-00016,24,574.00,88.32,Adelaide,R-18,37.61
INV-100903,2025-03-19,C-031,SKU-00046,17,711.00,84.15,Newcastle,R-23,43.49
INV-100904,2025-05-22,C-070,SKU-00036,6,224.00,74.64,Adelaide,R-28,11.38
INV-100905,2025-09-02,C-150,SKU-00045,15,841.00,83.40,Brisbane,R-10,18.65
INV-100906,2025-02-20,C-011,SKU-00041,19,612.00,76.57,Melbourne,R-14,30.27
INV-100907,2025-09-08,C-334,SKU-00020,6,702.00,73.08,Brisbane,R-25,41.15
INV-100908,2024-08-18,C-326,SKU-00024,12,208.00,84.00,Adelaide,R-10,7.65
INV-100909,2024-04-19,C-214,SKU-00032,13,60.00,77.87,Perth,R-04,18.06
INV-100910,2025-12-21,C-290,SKU-00043,5,320.00,68.72,Perth,R-24,42.79
INV-100911,2024-10-16,C-283,SKU-00029,8,291.00,77.76,Brisbane,R-14,20.85
INV-100912,2025-04-27,C-418,SKU-00010,5,27.00,80.70,Brisbane,R-19,16.90
INV-100913,2025-07-26,C-419,SKU-00011,8,62.00,79.84,Brisbane,R-20,9.78
INV-100914,2025-10-20,C-004,SKU-00050,19,201.00,86.26,Perth,R-16,4.49
INV-100915,2024-07-11,C-163,SKU-00035,18,571.00,74.52,Newcastle,R-26,41.76
INV-100916,2024-04-23,C-273,SKU-00043,9,320.00,74.61,Sydney,R-13,14.08
INV-100917,2025-06-28,C-342,SKU-00044,3,183.00,71.25,Melbourne,R-18,27.37
INV-100918,2024-08-26,C-362,SKU-00003,12,237.00,71.64,Perth,R-28,19.52
INV-100919,2025-10-17,C-172,SKU-00048,20,553.00,90.80,Newcastle,R-25,30.32
INV-100920,2025-10-02,C-289,SKU-00018,5,268.00,74.70,Perth,R-22,6.96
INV-100921,2024-01-22,C-069,SKU-00008,8,232.00,78.32,Sydney,R-13,2.47
INV-100922,2024-09-11,C-086,SKU-00017,14,69.00,71.96,Perth,R-11,26.47
INV-100923,2024-10-09,C-380,SKU-00056,22,481.00,88.88,Adelaide,R-27,16.11
INV-100924,2024-03-12,C-131,SKU-00012,20,822.00,77.00,Adelaide,R-19,39.02
INV-100925,2025-01-25,C-182,SKU-00009,6,761.00,82.98,Perth,R-12,2.49
INV-100926,2025-01-16,C-402,SKU-00052,15,834.00,81.90,Melbourne,R-07,5.41
INV-100927,2024-12-12,C-255,SKU-00028,14,722.00,87.08,Sydney,R-09,6.36
INV-100928,2025-04-15,C-181,SKU-00010,5,27.00,80.70,Perth,R-13,33.66
INV-100929,2025-07-19,C-371,SKU-00046,3,711.00,83.31,Adelaide,R-21,33.76
INV-100930,2024-10-28,C-354,SKU-00054,18,714.00,67.73,Perth,R-16,11.61
INV-100931,2025-09-01,C-244,SKU-00050,3,201.00,85.65,Perth,R-07,40.91
INV-100932,2025-05-09,C-315,SKU-00002,1,592.00,76.38,Brisbane,R-08,43.41
INV-100933,2025-10-27,C-227,SKU-00041,15,612.00,71.40,Adelaide,R-19,27.05
INV-100934,2025-09-08,C-063,SKU-00009,9,761.00,81.27,Sydney,R-26,7.50
INV-100935,2025-09-09,C-357,SKU-00043,12,320.00,73.68,Newcastle,R-09,21.15
INV-100936,2024-12-20,C-092,SKU-00032,17,60.00,90.27,Brisbane,R-25,40.63
INV-100937,2025-05-05,C-196,SKU-00027,23,107.00,82.34,Adelaide,R-22,19.83
INV-100938,2024-02-27,C-043,SKU-00053,5,589.00,84.55,Brisbane,R-08,17.54
INV-100939,2024-11-27,C-272,SKU-00001,9,569.00,71.46,Adelaide,R-04,42.42
INV-100940,2025-03-16,C-054,SKU-00013,7,52.00,81.27,Brisbane,R-12,7.75
INV-100941,2024-07-14,C-257,SKU-00026,16,405.00,84.64,Brisbane,R-25,15.12
INV-100942,2024-08-11,C-413,SKU-00039,12,204.00,83.52,Newcastle,R-06,25.71
INV-100943,2024-06-18,C-154,SKU-00023,4,115.00,88.08,Newcastle,R-28,0.72
INV-100944,2025-10-16,C-019,SKU-00048,9,553.00,79.74,Newcastle,R-17,34.96
INV-100945,2024-04-09,C-087,SKU-00039,18,204.00,83.88,Melbourne,R-17,34.08
INV-100946,2025-07-24,C-274,SKU-00040,22,257.00,79.20,Newcastle,R-12,13.67
INV-100947,2025-09-26,C-325,SKU-00028,13,722.00,87.36,Sydney,R-15,9.27
INV-100948,2025-07-09,C-108,SKU-00043,6,320.00,87.18,Perth,R-17,20.89
INV-100949,2024-03-16,C-041,SKU-00034,20,214.00,88.40,Adelaide,R-16,7.52
INV-100950,2025-11-10,C-059,SKU-00040,20,257.00,74.34,Perth,R-06,42.24
INV-100951,2025-08-24,C-264,SKU-00037,19,831.00,85.50,Brisbane,R-08,17.32
INV-100952,2024-04-23,C-354,SKU-00025,2,345.00,86.10,Perth,R-13,8.84
INV-100953,2024-09-16,C-054,SKU-00032,8,60.00,80.24,Brisbane,R-23,32.74
INV-100954,2024-12-25,C-089,SKU-00005,21,643.00,83.16,Sydney,R-24,0.61
INV-100955,2025-10-20,C-306,SKU-00008,20,232.00,75.60,Brisbane,R-24,4.82
INV-100956,2024-04-22,C-014,SKU-00013,5,52.00,81.00,Sydney,R-01,38.10
INV-100957,2024-01-08,C-255,SKU-00021,7,453.00,81.20,Sydney,R-05,12.61
INV-100958,2025-01-01,C-359,SKU-00018,23,268.00,86.71,Sydney,R-06,9.37
INV-100959,2025-08-21,C-079,SKU-00035,20,571.00,79.40,Newcastle,R-05,34.24
INV-100960,2025-03-20,C-405,SKU-00013,4,52.00,77.87,Brisbane,R-07,24.05
INV-100961,2025-09-08,C-073,SKU-00044,5,183.00,78.95,Melbourne,R-03,32.81
INV-100962,2024-09-04,C-289,SKU-00054,24,714.00,84.48,Perth,R-16,28.22
INV-100963,2024-06-23,C-196,SKU-00049,10,840.00,71.80,Adelaide,R-16,35.96
INV-100964,2025-10-03,C-298,SKU-00011,22,62.00,79.86,Perth,R-13,1.90
INV-100965,2024-08-18,C-067,SKU-00039,24,204.00,81.84,Adelaide,R-07,40.53
INV-100966,2025-06-04,C-188,SKU-00058,16,513.00,74.88,Perth,R-07,17.88
INV-100967,2025-03-14,C-286,SKU-00056,11,481.00,74.25,Brisbane,R-18,29.71
INV-100968,2025-05-10,C-111,SKU-00033,5,111.00,85.45,Adelaide,R-20,42.43
INV-100969,2025-01-24,C-414,SKU-00046,6,711.00,75.78,Melbourne,R-16,2.26
INV-100970,2024-02-18,C-061,SKU-00004,4,340.00,68.19,Sydney,R-26,6.25
INV-100971,2025-12-12,C-344,SKU-00039,3,204.00,76.32,Melbourne,R-19,25.14
INV-100972,2025-04-13,C-211,SKU-00008,3,232.00,83.37,Newcastle,R-22,10.87
INV-100973,2025-05-16,C-006,SKU-00022,22,477.00,80.74,Sydney,R-10,8.38
INV-100974,2025-06-13,C-354,SKU-00020,19,702.00,89.87,Perth,R-14,44.28
INV-100975,2024-10-18,C-003,SKU-00038,9,427.00,83.52,Newcastle,R-22,43.21
INV-100976,2024-10-25,C-090,SKU-00042,20,292.00,81.60,Newcastle,R-24,34.90
INV-100977,2025-09-23,C-046,SKU-00054,2,714.00,77.52,Perth,R-04,14.13
INV-100978,2025-09-03,C-022,SKU-00031,4,336.00,79.24,Adelaide,R-19,8.14
INV-100979,2024-02-04,C-374,SKU-00047,17,371.00,76.67,Newcastle,R-21,11.89
INV-100980,2024-06-11,C-268,SKU-00022,4,477.00,66.79,Newcastle,R-19,17.61
INV-100981,2024-11-14,C-190,SKU-00002,12,592.00,87.12,Adelaide,R-17,39.66
INV-100982,2024-10-04,C-082,SKU-00013,8,52.00,85.36,Melbourne,R-23,2.78
INV-100983,2025-11-07,C-043,SKU-00011,10,62.00,79.60,Brisbane,R-14,22.81
INV-100984,2025-05-19,C-095,SKU-00020,11,702.00,81.95,Sydney,R-14,8.96
INV-100985,2024-01-03,C-220,SKU-00052,15,834.00,87.60,Adelaide,R-20,24.86
INV-100986,2024-02-11,C-386,SKU-00038,17,427.00,72.93,Brisbane,R-10,29.59
INV-100987,2025-02-17,C-255,SKU-00045,17,841.00,90.61,Sydney,R-04,24.22
INV-100988,2025-10-16,C-136,SKU-00050,12,201.00,78.60,Sydney,R-05,3.77
INV-100989,2024-08-20,C-366,SKU-00043,24,320.00,72.96,Melbourne,R-04,22.08
INV-100990,2025-12-21,C-275,SKU-00004,1,340.00,65.57,Adelaide,R-28,33.63
INV-100991,2024-06-25,C-364,SKU-00008,18,232.00,73.26,Sydney,R-11,31.25
INV-100992,2024-09-11,C-044,SKU-00053,2,589.00,88.76,Brisbane,R-18,41.22
INV-100993,2024-04-25,C-153,SKU-00053,24,589.00,79.92,Perth,R-21,23.06
INV-100994,2025-09-22,C-239,SKU-00021,23,453.00,89.93,Perth,R-25,16.50
INV-100995,2025-02-06,C-301,SKU-00037,7,831.00,77.63,Melbourne,R-02,3.15
INV-100996,2025-06-28,C-240,SKU-00040,11,257.00,72.60,Adelaide,R-12,24.57
INV-100997,2024-09-18,C-078,SKU-00031,11,336.00,75.35,Newcastle,R-15,35.48
INV-100998,2024-01-09,C-020,SKU-00048,11,553.00,84.59,Perth,R-10,6.71
INV-100999,2024-03-27,C-157,SKU-00054,1,714.00,89.26,Sydney,R-22,16.43
INV-101000,2024-12-10,C-133,SKU-00001,20,569.00,73.97,Brisbane,R-08,16.97
INV-101001,2024-02-01,C-231,SKU-00041,19,612.00,77.52,Newcastle,R-27,8.65
INV-101002,2025-06-20,C-022,SKU-00019,3,357.00,88.29,Adelaide,R-14,13.20
INV-101003,2024-09-17,C-171,SKU-00001,13,569.00,86.58,Sydney,R-26,21.37
INV-101004,2024-05-22,C-184,SKU-00021,3,453.00,72.57,Brisbane,R-24,22.03
INV-101005,2025-04-11,C-171,SKU-00036,22,224.00,80.96,Sydney,R-22,19.57
INV-101006,2025-03-01,C-116,SKU-00052,17,834.00,73.95,Sydney,R-11,8.93
INV-101007,2024-05-26,C-219,SKU-00055,2,703.00,77.52,Melbourne,R-02,2.86
INV-101008,2025-10-24,C-350,SKU-00058,5,513.00,71.90,Perth,R-14,40.79
INV-101009,2024-07-28,C-059,SKU-00053,9,589.00,73.08,Perth,R-18,15.73
INV-101010,2025-07-10,C-392,SKU-00008,21,232.00,64.92,Sydney,R-26,2.69
INV-101011,2025-05-17,C-261,SKU-00011,12,62.00,74.64,Brisbane,R-22,32.96
INV-101012,2024-12-10,C-227,SKU-00012,9,822.00,71.28,Adelaide,R-13,20.71
INV-101013,2025-11-28,C-014,SKU-00024,18,208.00,71.10,Sydney,R-21,22.24
INV-101014,2024-05-19,C-085,SKU-00034,19,214.00,88.92,Newcastle,R-14,37.92
INV-101015,2024-10-02,C-074,SKU-00058,20,513.00,89.20,Adelaide,R-06,33.43
INV-101016,2025-11-16,C-162,SKU-00017,6,69.00,83.34,Perth,R-20,22.99
INV-101017,2024-09-19,C-091,SKU-00029,11,291.00,81.40,Brisbane,R-10,6.03
INV-101018,2024-04-05,C-141,SKU-00039,19,204.00,71.25,Perth,R-08,25.19
INV-101019,2025-07-28,C-238,SKU-00037,21,831.00,87.78,Adelaide,R-11,2.68
INV-101020,2024-12-04,C-266,SKU-00026,24,405.00,80.37,Adelaide,R-15,14.49
INV-101021,2025-10-23,C-266,SKU-00005,13,643.00,85.80,Adelaide,R-27,24.78
INV-101022,2024-09-16,C-003,SKU-00007,5,284.00,80.50,Newcastle,R-26,42.92
INV-101023,2025-09-22,C-101,SKU-00018,22,268.00,71.94,Newcastle,R-25,27.32
INV-101024,2024-06-12,C-247,SKU-00054,22,714.00,78.32,Sydney,R-19,30.86
INV-101025,2024-06-10,C-263,SKU-00030,19,439.00,73.72,Newcastle,R-05,31.71
INV-101026,2025-05-27,C-131,SKU-00021,16,453.00,77.60,Adelaide,R-24,2.01
INV-101027,2025-09-28,C-200,SKU-00002,11,592.00,89.54,Newcastle,R-18,16.58
INV-101028,2025-02-07,C-204,SKU-00027,16,107.00,72.32,Perth,R-23,29.33
INV-101029,2024-06-20,C-199,SKU-00032,20,60.00,89.80,Newcastle,R-15,22.61
INV-101030,2024-08-26,C-284,SKU-00018,6,268.00,66.63,Melbourne,R-17,27.49
INV-101031,2024-01-23,C-148,SKU-00017,1,69.00,86.59,Melbourne,R-09,34.76
INV-101032,2025-04-08,C-060,SKU-00054,14,714.00,85.40,Brisbane,R-28,35.98
INV-101033,2025-04-17,C-053,SKU-00053,24,589.00,79.20,Perth,R-23,7.74
INV-101034,2024-10-22,C-417,SKU-00034,9,214.00,76.50,Perth,R-10,19.80
INV-101035,2024-05-25,C-236,SKU-00032,3,60.00,72.48,Newcastle,R-06,21.75
INV-101036,2025-11-02,C-395,SKU-00043,22,320.00,78.98,Sydney,R-03,5.79
INV-101037,2024-04-10,C-268,SKU-00021,4,453.00,76.52,Newcastle,R-25,4.86
INV-101038,2024-08-26,C-114,SKU-00058,21,513.00,80.22,Sydney,R-20,37.61
INV-101039,2024-09-03,C-228,SKU-00055,1,703.00,72.93,Perth,R-12,2.68
INV-101040,2025-01-10,C-410,SKU-00015,6,332.00,78.05,Brisbane,R-18,21.68
INV-101041,2025-12-02,C-071,SKU-00007,4,284.00,83.04,Brisbane,R-24,16.28
INV-101042,2025-10-23,C-241,SKU-00044,21,183.00,70.35,Newcastle,R-10,32.12
INV-101043,2025-05-01,C-097,SKU-00050,10,201.00,71.20,Brisbane,R-11,11.58
INV-101044,2024-01-10,C-408,SKU-00036,12,224.00,74.88,Brisbane,R-12,14.13
INV-101045,2025-04-01,C-184,SKU-00006,14,428.00,71.26,Brisbane,R-13,36.30
INV-101046,2025-12-21,C-356,SKU-00010,2,27.00,86.84,Perth,R-06,27.93
INV-101047,2024-05-07,C-178,SKU-00036,8,224.00,71.68,Newcastle,R-03,17.78
INV-101048,2025-10-01,C-214,SKU-00041,8,612.00,90.08,Perth,R-03,39.65
INV-101049,2024-04-19,C-394,SKU-00035,22,571.00,83.82,Adelaide,R-27,4.98
INV-101050,2025-12-17,C-109,SKU-00037,18,831.00,79.82,Sydney,R-17,3.38
INV-101051,2025-01-06,C-287,SKU-00054,24,714.00,84.00,Melbourne,R-08,32.53
INV-101052,2025-03-08,C-335,SKU-00012,17,822.00,82.79,Brisbane,R-28,43.53
INV-101053,2025-01-05,C-339,SKU-00048,11,553.00,75.02,Adelaide,R-16,29.44
INV-101054,2024-02-22,C-188,SKU-00047,21,371.00,77.70,Perth,R-28,22.45
INV-101055,2025-12-24,C-382,SKU-00008,10,232.00,82.90,Newcastle,R-08,14.85
INV-101056,2025-04-10,C-266,SKU-00033,19,111.00,77.71,Adelaide,R-02,37.40
INV-101057,2025-11-06,C-145,SKU-00028,7,722.00,80.78,Sydney,R-15,14.66
INV-101058,2024-02-26,C-054,SKU-00019,14,357.00,81.34,Brisbane,R-09,15.50
INV-101059,2025-03-14,C-034,SKU-00008,15,232.00,76.20,Sydney,R-10,21.17
INV-101060,2025-04-03,C-359,SKU-00015,3,332.00,82.25,Sydney,R-10,40.29
INV-101061,2024-12-24,C-300,SKU-00047,22,371.00,76.78,Brisbane,R-19,14.23
INV-101062,2025-07-26,C-013,SKU-00008,13,232.00,89.18,Perth,R-04,35.51
INV-101063,2024-02-26,C-252,SKU-00020,5,702.00,72.35,Brisbane,R-17,31.50
INV-101064,2025-06-22,C-381,SKU-00039,21,204.00,78.54,Perth,R-19,30.64
INV-101065,2024-12-16,C-355,SKU-00031,1,336.00,82.22,Newcastle,R-24,0.15
INV-101066,2024-05-19,C-079,SKU-00042,10,292.00,71.20,Newcastle,R-09,8.12
INV-101067,2024-05-20,C-294,SKU-00030,21,439.00,76.02,Melbourne,R-14,1.59
INV-101068,2025-09-04,C-404,SKU-00021,20,453.00,73.40,Adelaide,R-06,17.46
INV-101069,2024-11-25,C-063,SKU-00029,19,291.00,77.52,Sydney,R-10,13.24
INV-101070,2024-12-08,C-398,SKU-00002,7,592.00,81.79,Adelaide,R-08,38.79
INV-101071,2024-01-25,C-064,SKU-00002,17,592.00,71.23,Newcastle,R-09,37.91
INV-101072,2024-08-21,C-182,SKU-00058,2,513.00,89.88,Perth,R-19,19.44
INV-101073,2024-05-06,C-009,SKU-00036,24,224.00,89.52,Brisbane,R-02,23.24
INV-101074,2024-05-05,C-232,SKU-00025,21,345.00,80.64,Perth,R-20,31.84
INV-101075,2024-08-15,C-033,SKU-00014,16,632.00,90.24,Adelaide,R-23,4.42
INV-101076,2024-12-28,C-414,SKU-00036,4,224.00,88.28,Melbourne,R-05,4.74
INV-101077,2025-05-24,C-336,SKU-00029,18,291.00,76.50,Perth,R-16,18.34
INV-101078,2024-05-10,C-315,SKU-00025,15,345.00,72.90,Brisbane,R-22,37.42
INV-101079,2024-02-03,C-165,SKU-00024,4,208.00,73.80,Perth,R-20,33.11
INV-101080,2024-12-27,C-255,SKU-00045,10,841.00,67.99,Sydney,R-10,44.39
INV-101081,2024-11-14,C-214,SKU-00044,17,183.00,81.09,Perth,R-04,20.23
INV-101082,2025-02-01,C-278,SKU-00008,21,232.00,77.28,Melbourne,R-21,42.17
INV-101083,2024-07-11,C-063,SKU-00013,16,52.00,72.80,Sydney,R-18,4.87
INV-101084,2024-03-12,C-344,SKU-00006,14,428.00,70.28,Melbourne,R-23,32.46
INV-101085,2024-09-04,C-005,SKU-00045,8,841.00,73.36,Brisbane,R-18,21.39
INV-101086,2025-02-28,C-264,SKU-00040,13,257.00,75.40,Brisbane,R-02,19.55
INV-101087,2025-08-05,C-049,SKU-00053,12,589.00,79.56,Melbourne,R-16,41.93
INV-101088,2024-01-20,C-270,SKU-00057,22,143.00,89.32,Newcastle,R-08,28.88
INV-101089,2025-02-18,C-385,SKU-00031,5,336.00,79.85,Sydney,R-06,4.71
INV-101090,2025-01-09,C-402,SKU-00022,21,477.00,69.36,Melbourne,R-10,0.37
INV-101091,2024-06-28,C-413,SKU-00014,1,632.00,84.03,Newcastle,R-26,29.57
INV-101092,2024-12-11,C-010,SKU-00057,18,143.00,80.10,Perth,R-15,26.76
INV-101093,2025-03-11,C-002,SKU-00022,4,477.00,85.00,Perth,R-07,9.94
INV-101094,2024-10-18,C-069,SKU-00024,8,208.00,70.96,Sydney,R-11,38.32
INV-101095,2025-09-18,C-034,SKU-00055,4,703.00,74.68,Sydney,R-08,13.55
INV-101096,2024-05-28,C-351,SKU-00042,15,292.00,72.30,Adelaide,R-10,19.77
INV-101097,2025-02-26,C-415,SKU-00048,16,553.00,79.52,Melbourne,R-11,13.70
INV-101098,2024-07-12,C-291,SKU-00042,22,292.00,75.90,Melbourne,R-07,30.62
INV-101099,2024-07-19,C-012,SKU-00054,6,714.00,85.32,Melbourne,R-05,44.95
INV-101100,2024-05-25,C-144,SKU-00037,16,831.00,71.98,Newcastle,R-17,18.73
INV-101101,2025-10-13,C-395,SKU-00038,11,427.00,84.48,Sydney,R-19,33.81
INV-101102,2024-08-24,C-332,SKU-00001,14,569.00,89.88,Perth,R-27,28.69
INV-101103,2025-10-15,C-135,SKU-00058,24,513.00,70.32,Newcastle,R-28,37.81
INV-101104,2024-06-04,C-021,SKU-00040,8,257.00,84.32,Adelaide,R-02,29.09
INV-101105,2025-06-13,C-406,SKU-00029,20,291.00,76.60,Perth,R-28,28.22
INV-101106,2024-03-28,C-195,SKU-00007,4,284.00,76.80,Melbourne,R-20,40.23
INV-101107,2024-11-28,C-063,SKU-00025,17,345.00,82.11,Sydney,R-26,9.31
INV-101108,2024-07-27,C-095,SKU-00047,9,371.00,82.17,Sydney,R-20,20.93
INV-101109,2025-07-14,C-051,SKU-00030,7,439.00,88.62,Newcastle,R-08,6.32
INV-101110,2025-06-28,C-039,SKU-00024,7,208.00,73.67,Perth,R-08,25.56
INV-101111,2024-05-25,C-077,SKU-00026,8,405.00,86.40,Adelaide,R-13,30.07
INV-101112,2025-10-27,C-246,SKU-00057,18,143.00,79.02,Newcastle,R-02,14.45
INV-101113,2025-12-21,C-190,SKU-00025,13,345.00,79.43,Adelaide,R-16,13.90
INV-101114,2025-03-24,C-354,SKU-00041,18,612.00,85.32,Perth,R-11,30.64
INV-101115,2025-07-22,C-273,SKU-00027,3,107.00,81.36,Sydney,R-27,13.64
INV-101116,2024-08-08,C-411,SKU-00036,23,224.00,74.29,Perth,R-10,27.58
INV-101117,2024-05-04,C-383,SKU-00026,16,405.00,86.88,Perth,R-07,8.24
INV-101118,2025-04-17,C-111,SKU-00054,2,714.00,77.64,Adelaide,R-18,31.23
INV-101119,2024-03-16,C-085,SKU-00015,13,332.00,87.49,Newcastle,R-17,2.10
INV-101120,2024-05-20,C-137,SKU-00015,20,332.00,66.98,Perth,R-06,13.66
INV-101121,2025-06-10,C-295,SKU-00051,10,246.00,70.70,Perth,R-02,0.47
INV-101122,2025-06-23,C-210,SKU-00007,10,284.00,79.60,Adelaide,R-17,16.38
INV-101123,2025-09-11,C-050,SKU-00050,19,201.00,73.91,Newcastle,R-22,9.12
INV-101124,2024-01-24,C-235,SKU-00046,6,711.00,75.90,Brisbane,R-25,26.84
INV-101125,2025-09-13,C-348,SKU-00028,5,722.00,86.55,Sydney,R-08,24.24
INV-101126,2025-10-20,C-301,SKU-00055,4,703.00,80.48,Melbourne,R-09,17.60
INV-101127,2025-05-19,C-345,SKU-00026,19,405.00,77.71,Sydney,R-14,9.09
INV-101128,2025-10-15,C-084,SKU-00028,24,722.00,73.68,Perth,R-19,24.92
INV-101129,2025-08-17,C-237,SKU-00055,23,703.00,78.89,Brisbane,R-19,7.67
INV-101130,2025-08-17,C-163,SKU-00029,16,291.00,80.81,Newcastle,R-18,12.51
INV-101131,2024-05-12,C-110,SKU-00050,1,201.00,83.48,Brisbane,R-28,29.62
INV-101132,2024-04-04,C-190,SKU-00003,19,237.00,70.49,Adelaide,R-21,42.58
INV-101133,2024-05-14,C-233,SKU-00050,12,201.00,80.88,Sydney,R-08,2.59
INV-101134,2024-03-26,C-148,SKU-00027,21,107.00,81.69,Melbourne,R-24,21.73
INV-101135,2025-10-26,C-185,SKU-00028,3,722.00,83.25,Sydney,R-10,11.18
INV-101136,2025-08-20,C-174,SKU-00025,16,345.00,70.88,Brisbane,R-05,5.77
INV-101137,2024-02-28,C-396,SKU-00043,13,320.00,78.91,Adelaide,R-18,29.01
INV-101138,2025-02-07,C-077,SKU-00053,23,589.00,71.07,Adelaide,R-10,34.86
INV-101139,2025-02-04,C-086,SKU-00037,8,831.00,70.32,Perth,R-24,15.94
INV-101140,2025-07-09,C-137,SKU-00011,5,62.00,80.68,Perth,R-11,25.52
INV-101141,2025-07-14,C-350,SKU-00033,4,111.00,90.04,Perth,R-23,32.17
INV-101142,2025-09-27,C-148,SKU-00038,3,427.00,87.48,Melbourne,R-23,25.50
INV-101143,2025-05-26,C-243,SKU-00058,13,513.00,71.89,Melbourne,R-03,33.19
INV-101144,2025-12-06,C-086,SKU-00018,21,268.00,83.58,Perth,R-28,40.72
INV-101145,2025-01-21,C-137,SKU-00023,10,115.00,78.60,Perth,R-24,15.85
INV-101146,2024-11-26,C-335,SKU-00017,1,69.00,84.49,Brisbane,R-26,30.23
INV-101147,2024-06-16,C-098,SKU-00043,21,320.00,84.42,Adelaide,R-08,20.80
INV-101148,2024-08-22,C-135,SKU-00033,7,111.00,70.28,Newcastle,R-25,18.95
INV-101149,2025-06-14,C-152,SKU-00039,6,204.00,76.50,Melbourne,R-05,9.30
INV-101150,2025-06-13,C-285,SKU-00029,13,291.00,75.47,Melbourne,R-28,34.09
INV-101151,2024-04-28,C-128,SKU-00037,22,831.00,84.48,Newcastle,R-15,36.95
INV-101152,2024-09-04,C-334,SKU-00017,2,69.00,81.30,Brisbane,R-15,24.03
INV-101153,2025-11-18,C-321,SKU-00012,15,822.00,71.55,Sydney,R-05,39.74
INV-101154,2024-09-02,C-228,SKU-00035,10,571.00,79.00,Perth,R-01,18.81
INV-101155,2024-06-12,C-107,SKU-00004,20,340.00,86.40,Melbourne,R-28,4.80
INV-101156,2025-11-09,C-225,SKU-00047,8,371.00,80.32,Perth,R-03,21.21
INV-101157,2024-05-15,C-259,SKU-00004,7,340.00,83.16,Sydney,R-01,7.52
INV-101158,2024-10-26,C-085,SKU-00021,6,453.00,78.36,Newcastle,R-02,38.58
INV-101159,2025-10-23,C-014,SKU-00024,8,208.00,75.04,Sydney,R-12,9.49
INV-101160,2024-09-13,C-338,SKU-00033,7,111.00,78.83,Perth,R-18,13.75
INV-101161,2024-12-26,C-402,SKU-00008,16,232.00,71.84,Melbourne,R-28,33.58
INV-101162,2024-09-01,C-150,SKU-00020,21,702.00,74.13,Brisbane,R-16,3.09
INV-101163,2024-09-23,C-397,SKU-00005,3,643.00,90.36,Melbourne,R-01,36.20
INV-101164,2024-11-14,C-373,SKU-00009,14,761.00,78.26,Newcastle,R-26,33.74
INV-101165,2024-11-20,C-112,SKU-00003,20,237.00,72.40,Brisbane,R-09,3.74
INV-101166,2025-12-08,C-029,SKU-00015,13,332.00,89.96,Adelaide,R-01,30.71
INV-101167,2025-03-11,C-224,SKU-00035,15,571.00,77.40,Sydney,R-21,5.08
INV-101168,2025-10-07,C-157,SKU-00042,20,292.00,90.80,Sydney,R-25,39.74
INV-101169,2024-04-24,C-092,SKU-00047,9,371.00,78.12,Brisbane,R-02,3.54
INV-101170,2025-09-26,C-220,SKU-00030,8,439.00,77.43,Adelaide,R-08,2.86
INV-101171,2025-02-01,C-388,SKU-00017,19,69.00,88.92,Adelaide,R-22,26.06
INV-101172,2024-06-03,C-240,SKU-00037,9,831.00,86.58,Adelaide,R-10,8.00
INV-101173,2024-12-02,C-192,SKU-00007,8,284.00,79.12,Newcastle,R-05,0.31
INV-101174,2024-07-13,C-070,SKU-00025,21,345.00,70.35,Adelaide,R-02,31.11
INV-101175,2025-06-04,C-271,SKU-00031,3,336.00,73.71,Brisbane,R-12,24.46
INV-101176,2025-04-10,C-284,SKU-00050,19,201.00,71.44,Melbourne,R-28,38.63
INV-101177,2025-11-12,C-395,SKU-00029,9,291.00,79.47,Sydney,R-03,18.14
INV-101178,2025-01-07,C-285,SKU-00012,7,822.00,79.59,Melbourne,R-02,22.89
INV-101179,2025-10-25,C-066,SKU-00005,17,643.00,75.82,Adelaide,R-03,41.04
INV-101180,2025-07-17,C-370,SKU-00058,6,513.00,75.79,Adelaide,R-14,16.22
INV-101181,2025-03-13,C-066,SKU-00019,8,357.00,70.40,Adelaide,R-12,4.09
INV-101182,2025-10-16,C-219,SKU-00046,15,711.00,76.80,Melbourne,R-27,13.45
INV-101183,2025-05-21,C-141,SKU-00015,19,332.00,81.32,Perth,R-12,38.27
INV-101184,2025-06-19,C-262,SKU-00012,4,822.00,74.56,Adelaide,R-28,36.05
INV-101185,2024-02-12,C-403,SKU-00019,23,357.00,71.99,Perth,R-19,1.76
INV-101186,2024-09-01,C-278,SKU-00012,23,822.00,70.38,Melbourne,R-07,16.05
INV-101187,2024-08-10,C-416,SKU-00055,13,703.00,73.84,Melbourne,R-23,39.24
INV-101188,2025-12-25,C-148,SKU-00038,6,427.00,74.04,Melbourne,R-26,44.43
INV-101189,2024-08-04,C-339,SKU-00029,16,291.00,72.64,Adelaide,R-28,29.76
INV-101190,2024-10-23,C-139,SKU-00043,15,320.00,65.69,Perth,R-12,36.31
INV-101191,2024-09-26,C-041,SKU-00019,13,357.00,75.27,Adelaide,R-05,20.48
INV-101192,2024-03-24,C-263,SKU-00028,21,722.00,83.58,Newcastle,R-08,14.34
INV-101193,2025-05-19,C-270,SKU-00043,21,320.00,72.03,Newcastle,R-05,21.33
INV-101194,2024-04-24,C-011,SKU-00031,18,336.00,81.72,Melbourne,R-06,34.07
INV-101195,2025-07-02,C-197,SKU-00015,12,332.00,82.92,Melbourne,R-23,29.27
INV-101196,2025-08-17,C-242,SKU-00045,22,841.00,71.50,Sydney,R-13,22.13
INV-101197,2025-02-28,C-338,SKU-00032,24,60.00,73.20,Perth,R-27,1.03
INV-101198,2025-12-05,C-018,SKU-00003,1,237.00,89.57,Melbourne,R-19,40.70
INV-101199,2024-08-06,C-320,SKU-00038,3,427.00,90.51,Sydney,R-06,3.35
INV-101200,2024-05-01,C-016,SKU-00021,23,453.00,66.44,Brisbane,R-28,16.06
INV-101201,2025-08-08,C-139,SKU-00055,16,703.00,81.12,Perth,R-06,9.02
INV-101202,2024-04-02,C-401,SKU-00012,23,822.00,75.21,Perth,R-17,8.86
INV-101203,2025-06-01,C-372,SKU-00028,3,722.00,81.30,Melbourne,R-13,43.45
INV-101204,2025-06-05,C-320,SKU-00022,19,477.00,87.40,Sydney,R-02,13.92
INV-101205,2025-09-01,C-332,SKU-00054,20,714.00,80.60,Perth,R-19,24.32
INV-101206,2025-11-21,C-211,SKU-00007,20,284.00,82.60,Newcastle,R-25,4.72
INV-101207,2025-02-28,C-172,SKU-00048,12,553.00,82.92,Newcastle,R-10,38.64
INV-101208,2025-01-24,C-210,SKU-00026,5,405.00,71.95,Adelaide,R-01,5.58
INV-101209,2024-08-14,C-306,SKU-00058,10,513.00,71.20,Brisbane,R-28,39.77
INV-101210,2025-01-11,C-112,SKU-00021,7,453.00,75.28,Brisbane,R-14,27.32
INV-101211,2025-12-28,C-282,SKU-00020,5,702.00,76.20,Adelaide,R-27,35.72
INV-101212,2025-06-14,C-365,SKU-00036,24,224.00,86.64,Adelaide,R-16,35.34
INV-101213,2025-02-19,C-130,SKU-00012,15,822.00,78.90,Sydney,R-28,9.59
INV-101214,2025-12-07,C-405,SKU-00053,2,589.00,71.98,Brisbane,R-26,34.27
INV-101215,2024-05-04,C-251,SKU-00017,20,69.00,87.80,Perth,R-23,22.76
INV-101216,2024-01-05,C-095,SKU-00020,21,702.00,71.61,Sydney,R-14,11.26
INV-101217,2024-05-02,C-252,SKU-00022,18,477.00,78.48,Brisbane,R-16,22.86
INV-101218,2025-06-09,C-119,SKU-00052,22,834.00,74.36,Perth,R-16,26.60
INV-101219,2024-04-05,C-260,SKU-00041,16,612.00,76.80,Sydney,R-23,15.98
INV-101220,2025-04-21,C-173,SKU-00006,2,428.00,67.49,Perth,R-18,30.44
INV-101221,2024-10-28,C-209,SKU-00057,15,143.00,79.50,Newcastle,R-27,38.11
INV-101222,2024-05-14,C-298,SKU-00041,3,612.00,75.99,Perth,R-26,28.90
INV-101223,2024-05-02,C-115,SKU-00055,15,703.00,83.70,Melbourne,R-12,2.22
INV-101224,2024-12-22,C-202,SKU-00025,4,345.00,83.08,Newcastle,R-20,23.08
INV-101225,2025-05-16,C-140,SKU-00017,24,69.00,79.20,Sydney,R-08,9.01
INV-101226,2025-06-20,C-305,SKU-00048,18,553.00,90.72,Perth,R-15,5.40
INV-101227,2025-06-24,C-186,SKU-00038,21,427.00,81.48,Brisbane,R-27,40.93
INV-101228,2025-08-11,C-088,SKU-00021,14,453.00,78.82,Adelaide,R-09,9.41
INV-101229,2025-07-20,C-258,SKU-00023,3,115.00,81.18,Perth,R-03,33.89
INV-101230,2025-11-17,C-177,SKU-00006,12,428.00,81.14,Newcastle,R-01,29.23
INV-101231,2025-12-16,C-031,SKU-00051,20,246.00,80.80,Newcastle,R-05,43.14
INV-101232,2025-04-02,C-017,SKU-00050,18,201.00,89.64,Adelaide,R-03,0.27
INV-101233,2024-02-28,C-315,SKU-00053,5,589.00,90.10,Brisbane,R-19,6.65
INV-101234,2025-08-13,C-368,SKU-00038,3,427.00,88.77,Sydney,R-05,17.11
INV-101235,2024-12-16,C-077,SKU-00003,16,237.00,77.76,Adelaide,R-14,5.73
INV-101236,2025-01-08,C-417,SKU-00003,1,237.00,76.75,Perth,R-04,12.46
INV-101237,2024-05-08,C-008,SKU-00054,11,714.00,85.80,Newcastle,R-02,5.90
INV-101238,2025-08-02,C-394,SKU-00043,19,320.00,70.87,Adelaide,R-09,39.19
INV-101239,2024-02-25,C-138,SKU-00007,24,284.00,79.92,Newcastle,R-16,13.82
INV-101240,2024-06-12,C-285,SKU-00009,1,761.00,78.89,Melbourne,R-22,35.36
INV-101241,2025-02-17,C-261,SKU-00023,21,115.00,81.06,Brisbane,R-07,31.39
INV-101242,2025-07-07,C-088,SKU-00030,14,439.00,89.18,Adelaide,R-07,39.38
INV-101243,2025-12-02,C-327,SKU-00014,12,632.00,82.20,Adelaide,R-10,7.48
INV-101244,2025-07-24,C-110,SKU-00054,3,714.00,86.55,Brisbane,R-07,36.68
INV-101245,2025-01-22,C-023,SKU-00004,5,340.00,88.70,Perth,R-18,31.14
INV-101246,2024-11-03,C-072,SKU-00033,24,111.00,80.40,Perth,R-22,31.30
INV-101247,2024-01-22,C-223,SKU-00029,19,291.00,81.70,Sydney,R-03,18.66
INV-101248,2024-04-15,C-323,SKU-00004,23,340.00,84.41,Brisbane,R-21,1.57
INV-101249,2025-07-24,C-023,SKU-00013,23,52.00,77.28,Perth,R-01,13.63
INV-101250,2025-10-09,C-035,SKU-00039,1,204.00,72.00,Newcastle,R-07,16.69
INV-101251,2024-04-05,C-330,SKU-00003,19,237.00,89.87,Brisbane,R-19,7.69
INV-101252,2025-08-11,C-230,SKU-00024,8,208.00,90.40,Melbourne,R-03,34.06
INV-101253,2024-04-26,C-201,SKU-00039,21,204.00,72.24,Perth,R-13,31.74
INV-101254,2025-05-13,C-237,SKU-00009,2,761.00,87.00,Brisbane,R-05,29.97
INV-101255,2025-06-17,C-388,SKU-00049,1,840.00,71.42,Adelaide,R-06,28.28
INV-101256,2025-06-21,C-061,SKU-00026,15,405.00,73.65,Sydney,R-25,7.87
INV-101257,2024-03-01,C-087,SKU-00021,13,453.00,74.62,Melbourne,R-26,37.87
INV-101258,2024-06-06,C-352,SKU-00024,11,208.00,76.56,Melbourne,R-14,29.69
INV-101259,2025-04-03,C-182,SKU-00033,2,111.00,80.10,Perth,R-09,9.82
INV-101260,2025-07-12,C-085,SKU-00048,3,553.00,80.07,Newcastle,R-19,36.42
INV-101261,2025-02-12,C-184,SKU-00011,13,62.00,72.02,Brisbane,R-16,43.09
INV-101262,2024-11-03,C-360,SKU-00009,8,761.00,82.24,Melbourne,R-09,23.42
INV-101263,2025-06-23,C-050,SKU-00037,9,831.00,89.01,Newcastle,R-05,19.55
INV-101264,2025-04-06,C-315,SKU-00030,5,439.00,82.95,Brisbane,R-26,14.80
INV-101265,2024-06-06,C-105,SKU-00043,22,320.00,82.28,Sydney,R-07,39.99
INV-101266,2025-11-18,C-363,SKU-00035,8,571.00,71.76,Perth,R-28,22.63
INV-101267,2025-08-19,C-285,SKU-00023,7,115.00,90.09,Melbourne,R-05,24.43
INV-101268,2025-06-21,C-355,SKU-00004,18,340.00,77.04,Newcastle,R-14,41.56
INV-101269,2025-12-02,C-103,SKU-00018,12,268.00,79.80,Sydney,R-04,42.72
INV-101270,2024-10-11,C-336,SKU-00026,3,405.00,72.15,Perth,R-23,0.60
INV-101271,2024-07-12,C-104,SKU-00053,19,589.00,87.59,Melbourne,R-17,32.68
INV-101272,2025-01-26,C-044,SKU-00044,20,183.00,83.80,Brisbane,R-25,6.29
INV-101273,2024-12-26,C-264,SKU-00033,5,111.00,82.85,Brisbane,R-24,2.75
INV-101274,2025-10-08,C-418,SKU-00051,6,246.00,75.12,Brisbane,R-25,31.97
INV-101275,2024-11-14,C-024,SKU-00040,2,257.00,73.10,Melbourne,R-22,39.53
INV-101276,2025-05-28,C-394,SKU-00026,8,405.00,82.88,Adelaide,R-14,23.93
INV-101277,2024-10-09,C-282,SKU-00032,17,60.00,70.55,Adelaide,R-10,40.06
INV-101278,2025-02-04,C-313,SKU-00037,22,831.00,74.80,Sydney,R-23,11.07
INV-101279,2024-07-08,C-047,SKU-00020,16,702.00,78.24,Perth,R-10,8.18
INV-101280,2024-11-27,C-144,SKU-00053,14,589.00,72.51,Newcastle,R-05,24.51
INV-101281,2024-04-05,C-139,SKU-00009,4,761.00,72.52,Perth,R-06,4.05
INV-101282,2024-10-11,C-035,SKU-00045,15,841.00,82.80,Newcastle,R-27,27.22
INV-101283,2025-08-24,C-078,SKU-00039,1,204.00,77.25,Newcastle,R-17,36.35
INV-101284,2024-07-28,C-078,SKU-00023,1,115.00,90.15,Newcastle,R-01,24.39
INV-101285,2025-11-19,C-324,SKU-00047,16,371.00,82.24,Newcastle,R-19,33.07
INV-101286,2025-07-27,C-134,SKU-00026,20,405.00,81.00,Melbourne,R-04,1.53
INV-101287,2024-09-23,C-235,SKU-00040,15,257.00,90.00,Brisbane,R-05,33.81
INV-101288,2025-10-13,C-314,SKU-00013,6,52.00,84.48,Newcastle,R-21,36.83
INV-101289,2024-11-12,C-362,SKU-00034,16,214.00,73.28,Perth,R-19,10.76
INV-101290,2025-09-16,C-202,SKU-00010,24,27.00,66.24,Newcastle,R-14,1.61
INV-101291,2024-04-05,C-338,SKU-00045,24,841.00,74.16,Perth,R-21,31.77
INV-101292,2025-04-19,C-193,SKU-00020,8,702.00,80.40,Brisbane,R-11,17.63
INV-101293,2025-04-27,C-091,SKU-00020,23,702.00,75.67,Brisbane,R-18,19.15
INV-101294,2025-11-23,C-128,SKU-00029,12,291.00,76.20,Newcastle,R-16,23.87
INV-101295,2025-01-14,C-159,SKU-00044,13,183.00,87.62,Melbourne,R-13,27.89
INV-101296,2025-04-18,C-239,SKU-00003,21,237.00,77.07,Perth,R-20,29.62
INV-101297,2024-10-28,C-361,SKU-00037,8,831.00,82.40,Melbourne,R-10,7.14
INV-101298,2025-08-08,C-323,SKU-00047,8,371.00,73.68,Brisbane,R-17,2.53
INV-101299,2025-03-25,C-357,SKU-00028,9,722.00,74.70,Newcastle,R-19,38.33
INV-101300,2025-12-07,C-197,SKU-00032,2,60.00,82.16,Melbourne,R-15,23.71
INV-101301,2024-12-09,C-191,SKU-00005,7,643.00,73.64,Newcastle,R-19,9.61
INV-101302,2024-01-19,C-151,SKU-00037,24,831.00,72.48,Melbourne,R-15,6.69
INV-101303,2025-11-22,C-088,SKU-00009,1,761.00,75.83,Adelaide,R-02,42.91
INV-101304,2024-03-16,C-306,SKU-00025,11,345.00,77.11,Brisbane,R-02,19.18
INV-101305,2025-06-06,C-382,SKU-00014,11,632.00,75.24,Newcastle,R-15,37.26
INV-101306,2024-01-02,C-096,SKU-00048,11,553.00,78.43,Melbourne,R-12,35.87
INV-101307,2025-01-01,C-402,SKU-00046,16,711.00,83.52,Melbourne,R-24,37.17
INV-101308,2024-07-26,C-334,SKU-00008,11,232.00,70.51,Brisbane,R-05,26.00
INV-101309,2024-08-07,C-081,SKU-00033,15,111.00,80.10,Sydney,R-04,35.61
INV-101310,2025-10-15,C-395,SKU-00009,15,761.00,65.14,Sydney,R-03,23.73
INV-101311,2025-01-12,C-398,SKU-00012,15,822.00,86.40,Adelaide,R-26,9.06
INV-101312,2024-07-06,C-259,SKU-00003,17,237.00,87.04,Sydney,R-20,34.14
INV-101313,2025-03-12,C-126,SKU-00051,11,246.00,71.39,Perth,R-03,34.45
INV-101314,2024-10-03,C-143,SKU-00021,6,453.00,80.64,Adelaide,R-08,7.90
INV-101315,2025-04-06,C-025,SKU-00046,21,711.00,73.71,Brisbane,R-03,6.22
INV-101316,2024-01-24,C-405,SKU-00021,8,453.00,87.68,Brisbane,R-06,19.42
INV-101317,2024-01-10,C-324,SKU-00032,9,60.00,74.52,Newcastle,R-15,14.96
INV-101318,2025-03-05,C-051,SKU-00029,12,291.00,73.20,Newcastle,R-11,10.98
INV-101319,2024-09-06,C-082,SKU-00053,8,589.00,87.36,Melbourne,R-24,38.33
INV-101320,2024-12-01,C-297,SKU-00055,11,703.00,65.07,Perth,R-09,39.64
INV-101321,2025-08-13,C-060,SKU-00016,8,574.00,81.84,Brisbane,R-27,20.27
INV-101322,2025-07-27,C-041,SKU-00025,3,345.00,84.30,Adelaide,R-12,28.37
INV-101323,2025-05-11,C-133,SKU-00032,18,60.00,90.18,Brisbane,R-07,12.84
INV-101324,2024-08-04,C-052,SKU-00001,3,569.00,84.57,Newcastle,R-06,42.05
INV-101325,2024-03-13,C-148,SKU-00046,1,711.00,82.36,Melbourne,R-11,5.46
INV-101326,2025-02-12,C-394,SKU-00017,21,69.00,87.99,Adelaide,R-14,31.96
INV-101327,2024-09-19,C-183,SKU-00019,8,357.00,70.88,Perth,R-02,27.58
INV-101328,2025-01-05,C-261,SKU-00001,1,569.00,72.75,Brisbane,R-02,44.52
INV-101329,2025-09-24,C-175,SKU-00033,5,111.00,76.95,Perth,R-18,24.97
INV-101330,2024-11-06,C-184,SKU-00003,21,237.00,68.39,Brisbane,R-03,23.14
INV-101331,2024-08-27,C-287,SKU-00001,20,569.00,77.00,Melbourne,R-01,23.89
INV-101332,2025-12-15,C-003,SKU-00031,12,336.00,73.08,Newcastle,R-04,28.66
INV-101333,2025-08-24,C-236,SKU-00045,3,841.00,75.72,Newcastle,R-20,15.24
INV-101334,2024-11-19,C-043,SKU-00021,11,453.00,86.35,Brisbane,R-05,38.61
INV-101335,2024-02-15,C-283,SKU-00032,1,60.00,87.68,Brisbane,R-22,39.12
INV-101336,2024-09-26,C-277,SKU-00041,11,612.00,79.64,Newcastle,R-21,44.20
INV-101337,2024-04-13,C-249,SKU-00043,12,320.00,73.08,Melbourne,R-13,30.36
INV-101338,2025-11-16,C-304,SKU-00012,4,822.00,82.20,Melbourne,R-19,1.31
INV-101339,2025-01-12,C-299,SKU-00025,6,345.00,84.36,Brisbane,R-17,6.21
INV-101340,2025-07-28,C-390,SKU-00042,20,292.00,67.34,Adelaide,R-03,18.25
INV-101341,2025-10-22,C-072,SKU-00017,1,69.00,90.08,Perth,R-05,17.30
INV-101342,2024-03-07,C-182,SKU-00049,21,840.00,72.03,Perth,R-09,42.12
INV-101343,2025-01-08,C-260,SKU-00005,23,643.00,75.44,Sydney,R-18,10.59
INV-101344,2024-02-09,C-156,SKU-00051,1,246.00,80.55,Melbourne,R-04,32.82
INV-101345,2025-10-20,C-077,SKU-00022,20,477.00,71.60,Adelaide,R-22,10.14
INV-101346,2025-08-27,C-389,SKU-00008,24,232.00,75.84,Perth,R-19,12.82
INV-101347,2024-07-17,C-384,SKU-00046,18,711.00,82.98,Perth,R-25,14.51
INV-101348,2025-10-16,C-138,SKU-00052,1,834.00,73.41,Newcastle,R-27,5.00
INV-101349,2025-08-28,C-312,SKU-00044,9,183.00,86.94,Perth,R-17,15.05
INV-101350,2025-02-06,C-280,SKU-00045,7,841.00,74.64,Newcastle,R-14,37.44
INV-101351,2024-04-01,C-226,SKU-00023,9,115.00,78.75,Perth,R-16,14.90
INV-101352,2024-03-27,C-220,SKU-00017,3,69.00,78.48,Adelaide,R-27,28.31
INV-101353,2024-06-09,C-386,SKU-00026,14,405.00,81.20,Brisbane,R-03,28.97
INV-101354,2025-12-09,C-313,SKU-00053,22,589.00,71.06,Sydney,R-06,5.87
INV-101355,2025-09-26,C-398,SKU-00008,4,232.00,76.12,Adelaide,R-28,35.67
INV-101356,2024-01-12,C-226,SKU-00049,16,840.00,72.16,Perth,R-07,16.10
INV-101357,2024-10-18,C-036,SKU-00051,11,246.00,83.38,Melbourne,R-23,44.55
INV-101358,2025-05-11,C-273,SKU-00049,9,840.00,78.30,Sydney,R-20,11.31
INV-101359,2025-02-23,C-322,SKU-00009,23,761.00,78.43,Brisbane,R-11,42.83
INV-101360,2025-10-18,C-227,SKU-00030,10,439.00,69.09,Adelaide,R-27,30.84
INV-101361,2024-12-06,C-415,SKU-00055,21,703.00,81.69,Melbourne,R-21,19.19
INV-101362,2024-12-23,C-158,SKU-00010,3,27.00,82.59,Melbourne,R-10,22.85
INV-101363,2024-03-26,C-325,SKU-00026,23,405.00,73.83,Sydney,R-23,38.95
INV-101364,2025-12-24,C-058,SKU-00049,1,840.00,87.88,Adelaide,R-14,21.91
INV-101365,2025-11-09,C-008,SKU-00018,13,268.00,72.15,Newcastle,R-10,2.03
INV-101366,2024-01-24,C-096,SKU-00051,11,246.00,71.72,Melbourne,R-16,2.23
INV-101367,2025-01-03,C-198,SKU-00030,15,439.00,87.15,Melbourne,R-14,19.77
INV-101368,2025-10-07,C-209,SKU-00033,16,111.00,80.00,Newcastle,R-04,5.93
INV-101369,2025-12-19,C-098,SKU-00048,24,553.00,90.72,Adelaide,R-02,33.89
INV-101370,2025-08-23,C-374,SKU-00029,11,291.00,79.14,Newcastle,R-19,3.96
INV-101371,2025-04-12,C-125,SKU-00056,23,481.00,74.75,Brisbane,R-26,38.88
INV-101372,2024-09-21,C-269,SKU-00049,24,840.00,78.24,Newcastle,R-15,12.66
INV-101373,2024-11-26,C-231,SKU-00035,10,571.00,76.40,Newcastle,R-23,26.42
INV-101374,2024-08-28,C-008,SKU-00020,11,702.00,73.81,Newcastle,R-28,33.98
INV-101375,2025-01-28,C-232,SKU-00014,18,632.00,72.54,Perth,R-26,22.53
INV-101376,2025-03-05,C-100,SKU-00014,19,632.00,75.62,Brisbane,R-14,1.67
INV-101377,2024-08-07,C-179,SKU-00029,8,291.00,84.64,Newcastle,R-19,26.23
INV-101378,2025-09-11,C-402,SKU-00017,20,69.00,77.60,Melbourne,R-22,20.11
INV-101379,2025-10-26,C-294,SKU-00041,21,612.00,72.03,Melbourne,R-24,35.24
INV-101380,2024-12-13,C-309,SKU-00003,14,237.00,68.26,Adelaide,R-09,19.68
INV-101381,2025-12-10,C-175,SKU-00025,14,345.00,82.88,Perth,R-09,15.02
INV-101382,2024-07-17,C-132,SKU-00048,20,553.00,84.20,Newcastle,R-11,14.59
INV-101383,2025-02-23,C-396,SKU-00010,8,27.00,79.76,Adelaide,R-06,8.12
INV-101384,2025-08-18,C-316,SKU-00028,12,722.00,77.28,Adelaide,R-17,21.56
INV-101385,2025-06-21,C-004,SKU-00057,22,143.00,71.28,Perth,R-01,15.28
INV-101386,2025-04-06,C-402,SKU-00018,16,268.00,81.44,Melbourne,R-24,13.36
INV-101387,2024-03-08,C-082,SKU-00004,3,340.00,84.27,Melbourne,R-17,29.55
INV-101388,2025-06-23,C-067,SKU-00055,6,703.00,78.00,Adelaide,R-17,30.51
INV-101389,2024-08-25,C-165,SKU-00022,17,477.00,77.86,Perth,R-18,25.06
INV-101390,2025-01-04,C-347,SKU-00048,5,553.00,80.68,Brisbane,R-07,15.98
INV-101391,2025-06-03,C-316,SKU-00055,12,703.00,70.92,Adelaide,R-28,7.47
INV-101392,2024-08-06,C-410,SKU-00048,12,553.00,77.40,Brisbane,R-07,26.47
INV-101393,2024-05-08,C-407,SKU-00035,17,571.00,71.57,Adelaide,R-25,35.34
INV-101394,2025-10-23,C-124,SKU-00008,9,232.00,73.89,Adelaide,R-19,8.60
INV-101395,2025-06-07,C-079,SKU-00031,23,336.00,79.58,Newcastle,R-25,8.39
INV-101396,2024-08-14,C-319,SKU-00047,5,371.00,72.55,Perth,R-26,12.57
INV-101397,2025-05-18,C-144,SKU-00052,1,834.00,83.26,Newcastle,R-15,31.76
INV-101398,2025-09-17,C-149,SKU-00049,2,840.00,72.78,Perth,R-22,13.13
INV-101399,2025-08-04,C-098,SKU-00051,22,246.00,84.70,Adelaide,R-14,42.46
INV-101400,2025-09-14,C-015,SKU-00005,11,643.00,76.81,Sydney,R-05,4.52
INV-101401,2024-03-07,C-309,SKU-00005,15,643.00,70.35,Adelaide,R-24,10.53
INV-101402,2025-02-13,C-098,SKU-00049,16,840.00,87.20,Adelaide,R-20,14.57
INV-101403,2024-03-23,C-158,SKU-00003,9,237.00,85.68,Melbourne,R-25,39.70
INV-101404,2024-09-19,C-135,SKU-00055,9,703.00,85.77,Newcastle,R-08,14.87
INV-101405,2025-05-06,C-356,SKU-00013,7,52.00,76.44,Perth,R-13,15.65
INV-101406,2025-03-03,C-213,SKU-00022,5,477.00,89.50,Brisbane,R-13,32.72
INV-101407,2025-04-22,C-313,SKU-00049,13,840.00,74.62,Sydney,R-16,28.24
INV-101408,2024-03-16,C-278,SKU-00056,20,481.00,82.20,Melbourne,R-22,6.64
INV-101409,2025-03-14,C-080,SKU-00006,6,428.00,87.48,Newcastle,R-27,24.75
INV-101410,2025-08-18,C-205,SKU-00047,20,371.00,70.47,Sydney,R-17,20.16
INV-101411,2024-12-04,C-143,SKU-00010,11,27.00,76.12,Adelaide,R-13,33.93
INV-101412,2024-07-14,C-116,SKU-00055,3,703.00,90.09,Sydney,R-11,34.39
INV-101413,2025-02-01,C-259,SKU-00058,16,513.00,79.52,Sydney,R-21,18.69
INV-101414,2025-10-03,C-119,SKU-00057,18,143.00,79.56,Perth,R-05,9.30
INV-101415,2025-05-08,C-026,SKU-00056,6,481.00,89.34,Melbourne,R-14,25.58
INV-101416,2024-03-19,C-162,SKU-00044,3,183.00,74.85,Perth,R-13,22.55
INV-101417,2025-06-22,C-097,SKU-00052,13,834.00,87.75,Brisbane,R-08,10.12
INV-101418,2025-06-23,C-285,SKU-00052,22,834.00,70.40,Melbourne,R-28,2.31
INV-101419,2025-01-20,C-341,SKU-00006,4,428.00,85.64,Perth,R-05,17.92
INV-101420,2025-08-28,C-247,SKU-00040,6,257.00,70.88,Sydney,R-18,1.05
INV-101421,2024-08-03,C-336,SKU-00055,8,703.00,79.60,Perth,R-06,0.43
INV-101422,2024-10-04,C-318,SKU-00044,9,183.00,76.68,Adelaide,R-15,25.63
INV-101423,2025-12-03,C-256,SKU-00035,13,571.00,73.97,Sydney,R-25,21.99
INV-101424,2024-07-19,C-041,SKU-00026,12,405.00,86.64,Adelaide,R-16,5.53
INV-101425,2024-12-22,C-085,SKU-00052,12,834.00,84.48,Newcastle,R-01,7.75
INV-101426,2024-05-10,C-002,SKU-00011,14,62.00,85.26,Perth,R-09,1.81
INV-101427,2024-06-03,C-217,SKU-00028,20,722.00,75.20,Newcastle,R-12,26.38
INV-101428,2024-04-25,C-076,SKU-00040,14,257.00,85.26,Perth,R-21,15.57
INV-101429,2024-04-26,C-268,SKU-00040,1,257.00,72.57,Newcastle,R-02,21.03
INV-101430,2025-03-24,C-162,SKU-00032,17,60.00,65.69,Perth,R-10,35.79
INV-101431,2024-02-22,C-409,SKU-00037,7,831.00,72.73,Sydney,R-28,1.81
INV-101432,2025-09-15,C-269,SKU-00035,14,571.00,71.26,Newcastle,R-05,29.03
INV-101433,2025-12-23,C-386,SKU-00048,21,553.00,89.46,Brisbane,R-18,3.41
INV-101434,2025-12-28,C-200,SKU-00041,8,612.00,80.96,Newcastle,R-01,29.54
INV-101435,2025-06-18,C-273,SKU-00003,13,237.00,86.19,Sydney,R-23,31.17
INV-101436,2024-01-21,C-105,SKU-00020,4,702.00,86.32,Sydney,R-14,39.35
INV-101437,2024-01-24,C-193,SKU-00030,3,439.00,80.91,Brisbane,R-24,11.07
INV-101438,2025-03-28,C-369,SKU-00017,12,69.00,83.04,Adelaide,R-10,37.97
INV-101439,2025-10-01,C-265,SKU-00046,12,711.00,87.12,Perth,R-19,44.69
INV-101440,2024-12-18,C-058,SKU-00057,1,143.00,64.83,Adelaide,R-18,40.09
INV-101441,2024-07-27,C-274,SKU-00053,2,589.00,79.24,Newcastle,R-19,24.03
INV-101442,2024-05-27,C-235,SKU-00011,14,62.00,90.02,Brisbane,R-06,44.65
INV-101443,2024-09-02,C-172,SKU-00014,23,632.00,71.30,Newcastle,R-20,31.43
INV-101444,2025-09-14,C-303,SKU-00029,10,291.00,77.60,Perth,R-09,30.06
INV-101445,2024-07-22,C-104,SKU-00036,14,224.00,75.46,Melbourne,R-20,30.86
INV-101446,2024-04-11,C-141,SKU-00028,3,722.00,77.61,Perth,R-14,24.18
INV-101447,2024-08-08,C-001,SKU-00026,12,405.00,85.68,Adelaide,R-25,33.06
INV-101448,2024-11-14,C-380,SKU-00004,5,340.00,84.35,Adelaide,R-03,41.91
INV-101449,2024-04-05,C-013,SKU-00019,20,357.00,78.40,Perth,R-14,2.06
INV-101450,2025-08-09,C-057,SKU-00019,23,357.00,82.10,Sydney,R-14,4.32
INV-101451,2024-05-26,C-385,SKU-00015,5,332.00,77.80,Sydney,R-21,16.76
INV-101452,2024-09-18,C-113,SKU-00029,21,291.00,82.32,Brisbane,R-28,31.87
INV-101453,2024-09-22,C-159,SKU-00008,5,232.00,78.30,Melbourne,R-05,8.92
INV-101454,2025-06-07,C-038,SKU-00024,2,208.00,77.72,Melbourne,R-04,6.37
INV-101455,2024-10-20,C-373,SKU-00045,24,841.00,73.92,Newcastle,R-12,7.99
INV-101456,2025-01-08,C-205,SKU-00035,7,571.00,72.73,Sydney,R-05,29.07
INV-101457,2024-02-16,C-331,SKU-00040,17,257.00,87.04,Adelaide,R-24,6.94
INV-101458,2025-01-23,C-146,SKU-00047,15,371.00,77.55,Perth,R-18,31.94
INV-101459,2024-05-01,C-100,SKU-00045,15,841.00,79.65,Brisbane,R-08,19.40
INV-101460,2024-04-22,C-184,SKU-00007,24,284.00,81.48,Brisbane,R-11,0.90
INV-101461,2025-08-09,C-014,SKU-00005,2,643.00,85.90,Sydney,R-25,16.54
INV-101462,2024-05-19,C-123,SKU-00014,23,632.00,81.65,Brisbane,R-13,21.81
INV-101463,2024-01-06,C-136,SKU-00013,17,52.00,81.77,Sydney,R-27,16.35
INV-101464,2024-05-08,C-054,SKU-00047,22,371.00,73.92,Brisbane,R-28,43.92
INV-101465,2024-10-19,C-337,SKU-00022,15,477.00,85.80,Sydney,R-28,42.16
INV-101466,2025-11-08,C-313,SKU-00043,19,320.00,73.15,Sydney,R-18,28.44
INV-101467,2024-09-23,C-289,SKU-00012,17,822.00,74.80,Perth,R-09,3.96
INV-101468,2024-10-05,C-217,SKU-00001,20,569.00,87.40,Newcastle,R-22,0.62
INV-101469,2024-01-16,C-389,SKU-00029,19,291.00,78.66,Perth,R-17,14.62
INV-101470,2025-07-17,C-338,SKU-00036,21,224.00,69.36,Perth,R-02,3.62
INV-101471,2024-02-13,C-381,SKU-00003,14,237.00,86.38,Perth,R-18,8.46
INV-101472,2025-12-24,C-310,SKU-00046,7,711.00,88.83,Perth,R-28,25.73
INV-101473,2024-01-11,C-137,SKU-00047,5,371.00,84.30,Perth,R-02,43.70
INV-101474,2025-01-18,C-157,SKU-00040,6,257.00,84.66,Sydney,R-16,34.28
INV-101475,2024-10-26,C-002,SKU-00015,2,332.00,81.14,Perth,R-22,31.02
INV-101476,2024-10-25,C-337,SKU-00018,19,268.00,83.22,Sydney,R-11,23.65
INV-101477,2025-07-19,C-196,SKU-00017,14,69.00,80.22,Adelaide,R-08,36.90
INV-101478,2025-10-23,C-200,SKU-00020,5,702.00,76.25,Newcastle,R-04,3.58
INV-101479,2024-02-14,C-280,SKU-00041,16,612.00,77.44,Newcastle,R-12,18.07
INV-101480,2024-09-21,C-040,SKU-00030,11,439.00,76.20,Melbourne,R-27,5.10
INV-101481,2024-03-09,C-368,SKU-00018,6,268.00,78.24,Sydney,R-15,2.81
INV-101482,2024-10-15,C-197,SKU-00044,19,183.00,74.29,Melbourne,R-09,36.46
INV-101483,2024-03-19,C-132,SKU-00058,8,513.00,88.64,Newcastle,R-06,38.44
INV-101484,2025-01-14,C-057,SKU-00009,1,761.00,81.79,Sydney,R-09,15.74
INV-101485,2024-08-07,C-308,SKU-00009,1,761.00,71.38,Melbourne,R-18,30.50
INV-101486,2025-10-20,C-143,SKU-00018,19,268.00,88.73,Adelaide,R-05,23.16
INV-101487,2025-10-22,C-336,SKU-00053,3,589.00,85.11,Perth,R-26,15.76
INV-101488,2024-06-06,C-115,SKU-00014,20,632.00,76.00,Melbourne,R-28,14.03
INV-101489,2024-03-23,C-311,SKU-00025,24,345.00,71.76,Newcastle,R-07,26.75
INV-101490,2024-02-14,C-372,SKU-00040,22,257.00,72.46,Melbourne,R-13,27.78
INV-101491,2024-04-06,C-230,SKU-00033,18,111.00,75.60,Melbourne,R-25,42.17
INV-101492,2025-01-17,C-120,SKU-00022,11,477.00,77.22,Adelaide,R-19,9.05
INV-101493,2025-03-11,C-136,SKU-00027,12,107.00,74.40,Sydney,R-26,27.20
INV-101494,2024-02-12,C-258,SKU-00014,13,632.00,82.29,Perth,R-23,12.68
INV-101495,2025-09-10,C-178,SKU-00053,17,589.00,89.25,Newcastle,R-11,39.38
INV-101496,2025-04-27,C-194,SKU-00037,14,831.00,75.74,Brisbane,R-09,34.92
INV-101497,2025-08-12,C-172,SKU-00014,13,632.00,83.59,Newcastle,R-06,19.12
INV-101498,2024-02-15,C-020,SKU-00033,24,111.00,83.76,Perth,R-24,9.69
INV-101499,2024-12-26,C-279,SKU-00014,19,632.00,86.83,Sydney,R-09,28.79
INV-101500,2024-12-01,C-117,SKU-00013,16,52.00,67.56,Adelaide,R-10,20.10
INV-101501,2025-11-15,C-005,SKU-00005,21,643.00,74.97,Brisbane,R-17,6.04
INV-101502,2025-07-08,C-369,SKU-00028,19,722.00,81.89,Adelaide,R-23,19.37
INV-101503,2025-08-15,C-281,SKU-00027,10,107.00,74.30,Melbourne,R-09,37.83
INV-101504,2024-07-18,C-243,SKU-00031,23,336.00,73.37,Melbourne,R-03,5.60
INV-101505,2024-08-19,C-023,SKU-00058,20,513.00,79.20,Perth,R-05,41.79
INV-101506,2025-09-05,C-213,SKU-00024,10,208.00,90.10,Brisbane,R-17,30.27
INV-101507,2024-05-06,C-196,SKU-00055,24,703.00,72.24,Adelaide,R-12,36.76
INV-101508,2025-12-05,C-043,SKU-00058,10,513.00,72.80,Brisbane,R-02,38.56
INV-101509,2025-03-20,C-001,SKU-00055,8,703.00,89.44,Adelaide,R-26,42.50
INV-101510,2024-04-14,C-419,SKU-00019,23,357.00,76.60,Brisbane,R-05,29.79
INV-101511,2024-04-02,C-059,SKU-00036,6,224.00,72.30,Perth,R-20,21.06
INV-101512,2024-10-11,C-259,SKU-00017,2,69.00,81.82,Sydney,R-24,19.26
INV-101513,2025-10-24,C-371,SKU-00028,19,722.00,70.87,Adelaide,R-21,5.01
INV-101514,2024-06-14,C-024,SKU-00029,4,291.00,77.52,Melbourne,R-20,36.11
INV-101515,2024-12-12,C-202,SKU-00047,18,371.00,80.64,Newcastle,R-28,28.89
INV-101516,2024-08-25,C-278,SKU-00021,11,453.00,72.38,Melbourne,R-25,19.35
INV-101517,2025-03-07,C-168,SKU-00044,19,183.00,83.98,Brisbane,R-27,12.17
INV-101518,2025-11-20,C-212,SKU-00005,8,643.00,88.00,Perth,R-05,27.86
INV-101519,2025-08-19,C-350,SKU-00058,17,513.00,90.10,Perth,R-23,22.00
INV-101520,2025-06-18,C-124,SKU-00042,13,292.00,81.21,Adelaide,R-15,38.30
INV-101521,2025-05-18,C-292,SKU-00048,16,553.00,82.24,Perth,R-28,10.05
INV-101522,2024-09-05,C-224,SKU-00027,18,107.00,85.32,Sydney,R-06,27.80
INV-101523,2025-08-20,C-346,SKU-00050,1,201.00,72.24,Newcastle,R-12,12.63
INV-101524,2024-03-10,C-338,SKU-00004,3,340.00,75.36,Perth,R-02,4.37
INV-101525,2024-10-03,C-050,SKU-00024,22,208.00,84.92,Newcastle,R-19,13.88
INV-101526,2025-05-13,C-257,SKU-00058,13,513.00,72.93,Brisbane,R-07,25.98
INV-101527,2024-02-09,C-214,SKU-00010,20,27.00,85.80,Perth,R-17,9.74
INV-101528,2025-12-17,C-207,SKU-00031,21,336.00,80.01,Melbourne,R-23,32.55
INV-101529,2024-09-12,C-126,SKU-00025,11,345.00,88.88,Perth,R-10,2.47
INV-101530,2024-12-19,C-087,SKU-00003,21,237.00,71.48,Melbourne,R-04,33.63
INV-101531,2024-06-12,C-181,SKU-00016,4,574.00,80.92,Perth,R-21,44.66
INV-101532,2025-11-09,C-250,SKU-00032,20,60.00,78.80,Perth,R-16,39.87
INV-101533,2025-03-25,C-122,SKU-00020,1,702.00,78.18,Brisbane,R-18,22.00
INV-101534,2024-01-28,C-212,SKU-00049,23,840.00,70.61,Perth,R-01,44.44
INV-101535,2025-03-17,C-196,SKU-00032,3,60.00,90.39,Adelaide,R-21,14.28
INV-101536,2024-10-12,C-386,SKU-00040,18,257.00,87.12,Brisbane,R-04,42.50
INV-101537,2024-07-15,C-249,SKU-00003,6,237.00,78.00,Melbourne,R-18,37.68
INV-101538,2024-03-01,C-313,SKU-00035,3,571.00,73.80,Sydney,R-24,24.10
INV-101539,2024-06-21,C-002,SKU-00016,21,574.00,76.23,Perth,R-15,32.28
INV-101540,2024-12-03,C-057,SKU-00005,7,643.00,70.78,Sydney,R-25,32.90
INV-101541,2024-06-24,C-236,SKU-00020,16,702.00,78.40,Newcastle,R-11,1.43
INV-101542,2025-06-08,C-283,SKU-00011,20,62.00,86.80,Brisbane,R-08,30.89
INV-101543,2025-11-25,C-010,SKU-00052,22,834.00,78.10,Perth,R-22,2.04
INV-101544,2024-03-08,C-255,SKU-00036,10,224.00,71.50,Sydney,R-26,27.38
INV-101545,2024-01-23,C-283,SKU-00053,1,589.00,72.25,Brisbane,R-26,37.28
INV-101546,2025-08-24,C-379,SKU-00055,13,703.00,73.58,Newcastle,R-06,12.18
INV-101547,2025-08-16,C-222,SKU-00023,9,115.00,74.97,Melbourne,R-12,42.74
INV-101548,2025-04-06,C-080,SKU-00045,2,841.00,79.80,Newcastle,R-03,33.41
INV-101549,2024-05-18,C-049,SKU-00023,18,115.00,77.76,Melbourne,R-20,30.82
INV-101550,2024-06-28,C-338,SKU-00043,17,320.00,65.06,Perth,R-11,7.28
INV-101551,2024-03-11,C-187,SKU-00032,15,60.00,70.35,Brisbane,R-12,29.31
INV-101552,2025-01-11,C-037,SKU-00039,6,204.00,80.04,Adelaide,R-23,23.33
INV-101553,2024-09-05,C-164,SKU-00033,17,111.00,90.61,Perth,R-18,20.68
INV-101554,2025-08-14,C-226,SKU-00049,3,840.00,78.27,Perth,R-17,1.93
INV-101555,2024-07-21,C-126,SKU-00053,19,589.00,76.19,Perth,R-21,32.43
INV-101556,2024-03-26,C-074,SKU-00016,16,574.00,74.40,Adelaide,R-16,0.81
INV-101557,2024-11-26,C-297,SKU-00003,21,237.00,83.79,Perth,R-04,6.57
INV-101558,2024-11-26,C-378,SKU-00027,2,107.00,73.70,Melbourne,R-18,14.73
INV-101559,2024-04-11,C-083,SKU-00035,24,571.00,85.20,Adelaide,R-22,3.41
INV-101560,2025-03-21,C-115,SKU-00017,13,69.00,76.42,Melbourne,R-11,14.54
INV-101561,2025-07-04,C-368,SKU-00026,22,405.00,75.46,Sydney,R-13,24.85
INV-101562,2025-02-06,C-222,SKU-00033,3,111.00,90.81,Melbourne,R-10,19.56
INV-101563,2024-02-16,C-159,SKU-00005,5,643.00,78.20,Melbourne,R-17,11.64
INV-101564,2025-11-27,C-098,SKU-00015,8,332.00,88.64,Adelaide,R-24,3.88
INV-101565,2024-02-11,C-242,SKU-00057,15,143.00,73.65,Sydney,R-28,39.04
INV-101566,2025-11-14,C-142,SKU-00049,12,840.00,83.40,Melbourne,R-05,29.23
INV-101567,2025-06-08,C-290,SKU-00050,18,201.00,83.34,Perth,R-14,33.39
INV-101568,2025-04-16,C-319,SKU-00049,6,840.00,76.20,Perth,R-14,31.90
INV-101569,2024-08-27,C-293,SKU-00023,10,115.00,70.90,Adelaide,R-12,44.06
INV-101570,2024-06-28,C-369,SKU-00055,8,703.00,74.34,Adelaide,R-18,39.28
INV-101571,2024-06-21,C-274,SKU-00029,16,291.00,80.32,Newcastle,R-20,24.66
INV-101572,2024-07-27,C-041,SKU-00032,23,60.00,75.44,Adelaide,R-15,39.79
INV-101573,2024-12-01,C-374,SKU-00042,8,292.00,73.52,Newcastle,R-25,20.47
INV-101574,2025-07-16,C-134,SKU-00019,14,357.00,84.98,Melbourne,R-09,26.56
INV-101575,2025-05-17,C-042,SKU-00038,15,427.00,76.50,Sydney,R-14,41.20
INV-101576,2025-09-28,C-018,SKU-00028,6,722.00,86.04,Melbourne,R-27,21.66
INV-101577,2024-02-14,C-132,SKU-00048,18,553.00,71.64,Newcastle,R-22,15.86
INV-101578,2025-12-01,C-314,SKU-00039,6,204.00,81.84,Newcastle,R-10,11.93
INV-101579,2024-02-20,C-258,SKU-00035,13,571.00,73.97,Perth,R-09,35.28
INV-101580,2024-07-08,C-150,SKU-00022,18,477.00,83.30,Brisbane,R-26,43.64
INV-101581,2024-06-11,C-173,SKU-00001,10,569.00,75.60,Perth,R-25,38.07
INV-101582,2024-12-12,C-343,SKU-00040,8,257.00,90.56,Newcastle,R-12,26.58
INV-101583,2025-03-02,C-308,SKU-00032,15,60.00,81.00,Melbourne,R-14,10.86
INV-101584,2025-12-01,C-209,SKU-00026,4,405.00,87.72,Newcastle,R-09,14.76
INV-101585,2025-03-23,C-374,SKU-00015,3,332.00,76.71,Newcastle,R-23,36.11
INV-101586,2025-10-01,C-329,SKU-00024,20,208.00,78.60,Newcastle,R-26,44.83
INV-101587,2024-03-24,C-006,SKU-00001,17,569.00,88.40,Sydney,R-13,10.11
INV-101588,2024-09-02,C-066,SKU-00030,10,439.00,76.60,Adelaide,R-16,27.15
INV-101589,2025-11-25,C-027,SKU-00043,10,320.00,82.20,Brisbane,R-20,37.40
INV-101590,2025-07-02,C-379,SKU-00017,12,69.00,65.03,Newcastle,R-25,43.33
INV-101591,2025-10-06,C-288,SKU-00013,22,52.00,72.38,Newcastle,R-15,2.17
INV-101592,2024-08-26,C-173,SKU-00034,17,214.00,70.89,Perth,R-13,30.28
INV-101593,2025-09-28,C-401,SKU-00019,10,357.00,80.90,Perth,R-11,30.81
INV-101594,2024-03-03,C-350,SKU-00022,12,477.00,75.24,Perth,R-10,11.66
INV-101595,2025-11-19,C-286,SKU-00019,1,357.00,86.70,Brisbane,R-24,0.53
INV-101596,2024-12-27,C-309,SKU-00047,3,371.00,86.04,Adelaide,R-01,43.88
INV-101597,2025-03-21,C-341,SKU-00012,19,822.00,78.66,Perth,R-23,11.28
INV-101598,2024-08-27,C-237,SKU-00007,18,284.00,75.24,Brisbane,R-21,44.60
INV-101599,2025-04-03,C-289,SKU-00055,23,703.00,83.26,Perth,R-13,34.30
INV-101600,2025-08-08,C-037,SKU-00057,6,143.00,69.61,Adelaide,R-08,29.00
INV-101601,2024-01-15,C-115,SKU-00001,4,569.00,81.20,Melbourne,R-28,37.26
INV-101602,2024-10-16,C-061,SKU-00042,12,292.00,73.80,Sydney,R-28,29.49
INV-101603,2024-03-07,C-142,SKU-00054,17,714.00,84.83,Melbourne,R-20,6.19
INV-101604,2025-08-07,C-278,SKU-00048,24,553.00,77.28,Melbourne,R-27,28.35
INV-101605,2024-08-10,C-300,SKU-00024,21,208.00,74.55,Brisbane,R-12,26.22
INV-101606,2024-06-12,C-287,SKU-00052,24,834.00,75.60,Melbourne,R-24,16.41
INV-101607,2025-12-20,C-104,SKU-00027,22,107.00,88.66,Melbourne,R-22,0.36
INV-101608,2025-09-07,C-185,SKU-00008,14,232.00,77.42,Sydney,R-16,17.73
INV-101609,2024-06-02,C-337,SKU-00029,17,291.00,89.25,Sydney,R-01,22.54
INV-101610,2024-01-16,C-117,SKU-00022,12,477.00,76.18,Adelaide,R-27,22.87
INV-101611,2025-12-17,C-077,SKU-00001,15,569.00,90.60,Adelaide,R-16,29.47
INV-101612,2025-06-21,C-345,SKU-00033,6,111.00,88.08,Sydney,R-06,21.40
INV-101613,2024-03-20,C-396,SKU-00027,10,107.00,87.00,Adelaide,R-04,15.63
INV-101614,2024-01-19,C-365,SKU-00028,2,722.00,72.84,Adelaide,R-05,40.19
INV-101615,2024-01-26,C-256,SKU-00015,18,332.00,72.00,Sydney,R-20,23.68
INV-101616,2024-11-17,C-183,SKU-00029,9,291.00,72.27,Perth,R-12,33.50
INV-101617,2024-02-17,C-344,SKU-00016,4,574.00,80.44,Melbourne,R-03,11.52
INV-101618,2025-02-02,C-344,SKU-00029,11,291.00,72.82,Melbourne,R-26,39.21
INV-101619,2024-10-28,C-258,SKU-00008,6,232.00,87.90,Perth,R-21,30.98
INV-101620,2024-05-26,C-054,SKU-00031,8,336.00,76.62,Brisbane,R-18,1.56
INV-101621,2025-12-18,C-028,SKU-00031,11,336.00,70.29,Melbourne,R-22,43.12
INV-101622,2025-05-26,C-401,SKU-00058,16,513.00,75.04,Perth,R-11,0.12
INV-101623,2024-04-11,C-320,SKU-00042,5,292.00,76.10,Sydney,R-19,17.50
INV-101624,2024-10-04,C-215,SKU-00014,3,632.00,71.37,Newcastle,R-09,21.23
INV-101625,2025-02-27,C-173,SKU-00058,6,513.00,80.58,Perth,R-12,4.10
INV-101626,2025-03-17,C-095,SKU-00042,19,292.00,86.45,Sydney,R-15,8.31
INV-101627,2024-04-27,C-133,SKU-00029,7,291.00,72.87,Brisbane,R-09,18.59
INV-101628,2025-11-26,C-266,SKU-00009,11,761.00,76.78,Adelaide,R-02,5.39
INV-101629,2025-07-26,C-263,SKU-00013,7,52.00,73.50,Newcastle,R-02,23.42
INV-101630,2025-06-16,C-083,SKU-00019,1,357.00,66.39,Adelaide,R-15,20.81
INV-101631,2024-08-18,C-105,SKU-00043,17,320.00,82.28,Sydney,R-10,0.08
INV-101632,2024-11-24,C-214,SKU-00035,14,571.00,72.80,Perth,R-05,26.81
INV-101633,2025-04-05,C-019,SKU-00005,15,643.00,76.65,Newcastle,R-04,14.26
INV-101634,2025-05-05,C-079,SKU-00037,19,831.00,74.86,Newcastle,R-11,6.53
INV-101635,2025-04-18,C-222,SKU-00035,2,571.00,80.28,Melbourne,R-13,9.64
INV-101636,2025-06-19,C-164,SKU-00041,22,612.00,84.04,Perth,R-28,3.98
INV-101637,2025-06-24,C-030,SKU-00045,3,841.00,75.03,Brisbane,R-16,13.14
INV-101638,2024-05-02,C-229,SKU-00034,18,214.00,71.10,Brisbane,R-26,24.05
INV-101639,2024-07-17,C-225,SKU-00033,16,111.00,74.08,Perth,R-14,10.97
INV-101640,2025-09-09,C-227,SKU-00019,19,357.00,79.71,Adelaide,R-07,24.52
INV-101641,2024-01-02,C-171,SKU-00038,20,427.00,72.40,Sydney,R-19,33.56
INV-101642,2025-10-23,C-002,SKU-00012,6,822.00,77.34,Perth,R-03,6.72
INV-101643,2025-07-05,C-021,SKU-00043,18,320.00,86.58,Adelaide,R-23,42.14
INV-101644,2024-04-05,C-021,SKU-00052,20,834.00,71.00,Adelaide,R-03,22.30
INV-101645,2025-10-26,C-155,SKU-00041,11,612.00,84.59,Perth,R-06,12.87
INV-101646,2024-05-01,C-126,SKU-00018,5,268.00,90.15,Perth,R-11,39.99
INV-101647,2025-12-17,C-375,SKU-00056,11,481.00,82.06,Newcastle,R-27,44.51
INV-101648,2024-09-03,C-091,SKU-00046,22,711.00,80.52,Brisbane,R-23,16.73
INV-101649,2024-08-04,C-411,SKU-00029,13,291.00,71.11,Perth,R-10,9.35
INV-101650,2025-03-10,C-152,SKU-00007,1,284.00,68.49,Melbourne,R-05,26.59
INV-101651,2024-10-03,C-213,SKU-00038,6,427.00,85.20,Brisbane,R-15,11.85
INV-101652,2024-07-25,C-406,SKU-00025,22,345.00,71.28,Perth,R-01,13.54
INV-101653,2025-05-03,C-211,SKU-00005,13,643.00,79.95,Newcastle,R-15,4.09
INV-101654,2024-11-07,C-072,SKU-00011,10,62.00,74.60,Perth,R-16,11.87
INV-101655,2025-12-05,C-385,SKU-00020,22,702.00,89.98,Sydney,R-18,26.66
INV-101656,2024-04-10,C-143,SKU-00019,3,357.00,74.58,Adelaide,R-03,21.64
INV-101657,2024-07-03,C-099,SKU-00043,1,320.00,90.52,Perth,R-01,6.55
INV-101658,2025-01-09,C-342,SKU-00023,22,115.00,76.78,Melbourne,R-27,6.08
INV-101659,2024-04-06,C-177,SKU-00036,11,224.00,79.09,Newcastle,R-23,17.34
INV-101660,2025-01-26,C-151,SKU-00021,19,453.00,82.86,Melbourne,R-19,8.58
INV-101661,2024-07-20,C-079,SKU-00049,1,840.00,75.13,Newcastle,R-11,19.33
INV-101662,2025-11-14,C-361,SKU-00038,16,427.00,79.84,Melbourne,R-01,42.16
INV-101663,2025-04-22,C-004,SKU-00033,18,111.00,71.10,Perth,R-20,36.87
INV-101664,2025-05-07,C-375,SKU-00056,4,481.00,88.48,Newcastle,R-12,15.18
INV-101665,2025-02-15,C-277,SKU-00019,18,357.00,73.98,Newcastle,R-20,5.27
INV-101666,2025-06-09,C-123,SKU-00006,10,428.00,87.80,Brisbane,R-22,0.73
INV-101667,2024-07-27,C-355,SKU-00043,20,320.00,85.60,Newcastle,R-23,20.33
INV-101668,2024-07-18,C-031,SKU-00043,16,320.00,81.76,Newcastle,R-25,33.25
INV-101669,2024-09-14,C-028,SKU-00007,20,284.00,80.80,Melbourne,R-13,22.36
INV-101670,2024-03-08,C-079,SKU-00043,23,320.00,77.23,Newcastle,R-27,5.03
INV-101671,2025-04-25,C-193,SKU-00021,4,453.00,73.56,Brisbane,R-07,37.16
INV-101672,2024-06-10,C-088,SKU-00053,22,589.00,88.00,Adelaide,R-24,4.34
INV-101673,2025-03-22,C-016,SKU-00014,10,632.00,77.40,Brisbane,R-20,15.49
INV-101674,2024-02-16,C-230,SKU-00054,10,714.00,74.50,Melbourne,R-07,2.62
INV-101675,2025-02-27,C-136,SKU-00054,9,714.00,84.42,Sydney,R-22,29.84
INV-101676,2024-09-26,C-172,SKU-00058,2,513.00,83.30,Newcastle,R-10,29.80
INV-101677,2024-04-24,C-233,SKU-00005,18,643.00,88.92,Sydney,R-14,38.43
INV-101678,2025-09-18,C-234,SKU-00012,9,822.00,73.44,Adelaide,R-28,7.89
INV-101679,2024-02-09,C-126,SKU-00012,10,822.00,73.20,Perth,R-09,12.92
INV-101680,2024-05-15,C-040,SKU-00018,15,268.00,71.35,Melbourne,R-08,38.96
INV-101681,2025-05-05,C-315,SKU-00025,13,345.00,80.86,Brisbane,R-04,14.05
INV-101682,2025-08-01,C-119,SKU-00046,15,711.00,74.10,Perth,R-11,39.63
INV-101683,2024-03-22,C-408,SKU-00030,9,439.00,77.67,Brisbane,R-18,0.71
INV-101684,2025-05-20,C-347,SKU-00014,1,632.00,72.53,Brisbane,R-21,42.08
INV-101685,2024-08-16,C-367,SKU-00043,9,320.00,74.07,Melbourne,R-18,39.64
INV-101686,2024-02-10,C-340,SKU-00024,13,208.00,82.29,Newcastle,R-02,9.68
INV-101687,2024-03-24,C-227,SKU-00031,18,336.00,89.64,Adelaide,R-12,23.67
INV-101688,2025-01-17,C-142,SKU-00007,18,284.00,70.74,Melbourne,R-02,10.74
INV-101689,2025-04-26,C-256,SKU-00054,4,714.00,84.64,Sydney,R-26,30.40
INV-101690,2025-08-02,C-195,SKU-00039,2,204.00,69.04,Melbourne,R-15,38.62
INV-101691,2025-05-27,C-289,SKU-00006,3,428.00,77.43,Perth,R-06,8.63
INV-101692,2024-06-05,C-415,SKU-00053,24,589.00,87.84,Melbourne,R-23,32.67
INV-101693,2025-12-04,C-204,SKU-00037,17,831.00,75.82,Perth,R-22,22.65
INV-101694,2024-06-06,C-020,SKU-00048,6,553.00,86.76,Perth,R-25,16.42
INV-101695,2025-04-11,C-420,SKU-00042,16,292.00,77.92,Perth,R-18,0.43
INV-101696,2024-01-28,C-325,SKU-00011,7,62.00,71.40,Sydney,R-11,20.35
INV-101697,2025-08-11,C-212,SKU-00011,19,62.00,83.60,Perth,R-07,39.38
INV-101698,2025-04-09,C-192,SKU-00027,6,107.00,74.28,Newcastle,R-10,5.31
INV-101699,2024-02-09,C-090,SKU-00051,1,246.00,74.65,Newcastle,R-25,7.93
INV-101700,2025-12-09,C-230,SKU-00015,16,332.00,77.72,Melbourne,R-05,16.84
INV-101701,2025-05-18,C-245,SKU-00039,21,204.00,77.28,Perth,R-12,34.54
INV-101702,2025-02-11,C-256,SKU-00006,15,428.00,71.10,Sydney,R-19,17.62
INV-101703,2025-08-08,C-294,SKU-00057,15,143.00,76.35,Melbourne,R-06,13.33
INV-101704,2024-01-18,C-148,SKU-00048,18,553.00,87.66,Melbourne,R-26,38.69
INV-101705,2024-02-27,C-150,SKU-00041,24,612.00,80.40,Brisbane,R-23,14.75
INV-101706,2025-02-18,C-172,SKU-00033,20,111.00,73.80,Newcastle,R-26,22.94
INV-101707,2024-08-12,C-144,SKU-00045,8,841.00,80.32,Newcastle,R-11,16.03
INV-101708,2025-08-06,C-016,SKU-00040,19,257.00,75.81,Brisbane,R-20,43.58
INV-101709,2025-10-20,C-254,SKU-00053,16,589.00,78.72,Sydney,R-08,38.78
INV-101710,2025-10-09,C-214,SKU-00048,24,553.00,80.37,Perth,R-07,41.00
INV-101711,2024-06-14,C-056,SKU-00010,22,27.00,73.04,Adelaide,R-20,32.74
INV-101712,2024-03-26,C-043,SKU-00024,14,208.00,75.18,Brisbane,R-11,18.55
INV-101713,2025-12-08,C-122,SKU-00009,1,761.00,77.29,Brisbane,R-08,17.53
INV-101714,2025-09-23,C-221,SKU-00009,9,761.00,82.62,Newcastle,R-10,24.54
INV-101715,2025-03-12,C-329,SKU-00030,18,439.00,81.72,Newcastle,R-16,19.93
INV-101716,2025-02-22,C-146,SKU-00009,8,761.00,83.84,Perth,R-25,24.03
INV-101717,2024-02-12,C-260,SKU-00040,16,257.00,79.04,Sydney,R-24,29.08
INV-101718,2025-03-08,C-070,SKU-00013,10,52.00,81.30,Adelaide,R-23,11.05
INV-101719,2024-11-05,C-277,SKU-00020,15,702.00,85.05,Newcastle,R-27,21.30
INV-101720,2025-03-13,C-356,SKU-00046,8,711.00,82.87,Perth,R-03,11.02
INV-101721,2025-11-02,C-024,SKU-00056,10,481.00,86.90,Melbourne,R-28,42.70
INV-101722,2025-07-01,C-304,SKU-00049,24,840.00,73.92,Melbourne,R-09,6.52
INV-101723,2025-01-26,C-069,SKU-00030,12,439.00,81.24,Sydney,R-04,12.79
INV-101724,2025-03-16,C-396,SKU-00056,17,481.00,78.03,Adelaide,R-20,31.00
INV-101725,2024-04-11,C-009,SKU-00035,13,571.00,73.84,Brisbane,R-09,15.91
INV-101726,2024-09-01,C-420,SKU-00007,24,284.00,73.92,Perth,R-04,44.58
INV-101727,2025-10-09,C-344,SKU-00053,6,589.00,80.46,Melbourne,R-15,40.09
INV-101728,2025-05-10,C-354,SKU-00008,19,232.00,74.29,Perth,R-03,39.89
INV-101729,2024-01-14,C-287,SKU-00030,12,439.00,88.44,Melbourne,R-12,5.13
INV-101730,2024-03-26,C-039,SKU-00040,19,257.00,70.09,Perth,R-25,41.99
INV-101731,2025-02-02,C-201,SKU-00054,21,714.00,78.12,Perth,R-14,28.18
INV-101732,2025-03-17,C-242,SKU-00035,5,571.00,79.55,Sydney,R-23,34.92
INV-101733,2024-11-18,C-019,SKU-00013,16,52.00,79.20,Newcastle,R-20,31.42
INV-101734,2024-01-18,C-103,SKU-00003,20,237.00,75.40,Sydney,R-27,6.74
INV-101735,2024-06-02,C-022,SKU-00023,6,115.00,72.54,Adelaide,R-28,5.72
INV-101736,2024-02-09,C-026,SKU-00058,8,513.00,71.04,Melbourne,R-13,3.11
INV-101737,2025-08-06,C-128,SKU-00028,24,722.00,85.68,Newcastle,R-14,44.98
INV-101738,2025-08-28,C-183,SKU-00002,21,592.00,82.95,Perth,R-18,16.00
INV-101739,2024-03-17,C-076,SKU-00046,7,711.00,90.86,Perth,R-10,31.09
INV-101740,2024-02-09,C-406,SKU-00055,2,703.00,75.66,Perth,R-12,7.16
INV-101741,2024-05-26,C-103,SKU-00048,6,553.00,84.60,Sydney,R-28,34.88
INV-101742,2024-10-14,C-171,SKU-00005,4,643.00,89.92,Sydney,R-28,13.73
INV-101743,2024-05-18,C-334,SKU-00021,17,453.00,76.84,Brisbane,R-11,14.36
INV-101744,2025-08-23,C-395,SKU-00051,17,246.00,89.42,Sydney,R-10,36.68
INV-101745,2024-05-12,C-157,SKU-00043,17,320.00,82.45,Sydney,R-07,38.60
INV-101746,2024-06-06,C-277,SKU-00030,15,439.00,75.60,Newcastle,R-09,17.22
INV-101747,2025-05-15,C-294,SKU-00055,8,703.00,81.20,Melbourne,R-05,18.39
INV-101748,2025-04-08,C-092,SKU-00005,22,643.00,84.04,Brisbane,R-27,11.95
INV-101749,2024-11-01,C-226,SKU-00008,10,232.00,85.90,Perth,R-11,37.05
INV-101750,2024-04-03,C-361,SKU-00002,8,592.00,69.55,Melbourne,R-22,2.09
INV-101751,2025-08-06,C-366,SKU-00053,5,589.00,73.50,Melbourne,R-02,42.44
INV-101752,2024-02-01,C-156,SKU-00051,7,246.00,79.31,Melbourne,R-02,16.08
INV-101753,2025-10-25,C-215,SKU-00010,10,27.00,78.50,Newcastle,R-15,28.78
INV-101754,2025-01-16,C-037,SKU-00011,5,62.00,79.80,Adelaide,R-23,0.60
INV-101755,2025-01-23,C-373,SKU-00031,8,336.00,86.64,Newcastle,R-08,18.27
INV-101756,2025-03-22,C-349,SKU-00004,11,340.00,83.60,Sydney,R-15,31.19
INV-101757,2025-01-08,C-080,SKU-00042,15,292.00,90.15,Newcastle,R-14,41.77
INV-101758,2024-06-16,C-023,SKU-00045,1,841.00,78.34,Perth,R-09,37.48
INV-101759,2024-12-14,C-035,SKU-00055,23,703.00,85.79,Newcastle,R-24,1.59
INV-101760,2024-01-19,C-130,SKU-00047,3,371.00,76.65,Sydney,R-18,13.84
INV-101761,2025-10-25,C-282,SKU-00042,13,292.00,90.74,Adelaide,R-04,39.58
INV-101762,2024-04-20,C-192,SKU-00035,11,571.00,77.11,Newcastle,R-14,25.64
INV-101763,2025-12-05,C-084,SKU-00050,12,201.00,72.84,Perth,R-16,28.67
INV-101764,2025-08-19,C-092,SKU-00035,14,571.00,73.64,Brisbane,R-08,26.87
INV-101765,2025-11-26,C-380,SKU-00006,5,428.00,79.05,Adelaide,R-14,44.77
INV-101766,2025-11-16,C-182,SKU-00007,16,284.00,90.08,Perth,R-18,37.49
INV-101767,2024-10-16,C-397,SKU-00025,18,345.00,76.50,Melbourne,R-28,21.06
INV-101768,2024-03-05,C-025,SKU-00017,2,69.00,73.84,Brisbane,R-15,8.58
INV-101769,2025-12-16,C-345,SKU-00012,4,822.00,71.60,Sydney,R-26,31.82
INV-101770,2024-06-09,C-055,SKU-00011,24,62.00,69.11,Adelaide,R-23,1.56
INV-101771,2025-04-01,C-223,SKU-00033,10,111.00,83.50,Sydney,R-21,5.15
INV-101772,2024-09-28,C-176,SKU-00023,10,115.00,75.00,Sydney,R-22,8.51
INV-101773,2025-05-04,C-257,SKU-00045,15,841.00,72.75,Brisbane,R-20,43.04
INV-101774,2025-03-14,C-079,SKU-00030,24,439.00,75.84,Newcastle,R-06,23.82
INV-101775,2025-05-28,C-166,SKU-00023,5,115.00,90.50,Adelaide,R-21,27.56
INV-101776,2024-11-19,C-243,SKU-00004,21,340.00,81.69,Melbourne,R-20,33.58
INV-101777,2024-12-03,C-365,SKU-00008,3,232.00,79.68,Adelaide,R-10,2.60
INV-101778,2024-02-23,C-244,SKU-00020,13,702.00,84.37,Perth,R-19,40.55
INV-101779,2024-04-17,C-380,SKU-00020,7,702.00,75.53,Adelaide,R-22,39.77
INV-101780,2024-07-20,C-114,SKU-00043,20,320.00,70.10,Sydney,R-28,22.59
INV-101781,2024-07-10,C-201,SKU-00033,13,111.00,83.20,Perth,R-20,26.39
INV-101782,2025-07-05,C-042,SKU-00014,18,632.00,70.56,Sydney,R-14,32.12
INV-101783,2025-04-04,C-393,SKU-00042,5,292.00,90.10,Sydney,R-03,38.77
INV-101784,2025-05-25,C-103,SKU-00018,16,268.00,74.08,Sydney,R-11,29.68
INV-101785,2024-02-20,C-090,SKU-00017,16,69.00,72.32,Newcastle,R-23,28.06
INV-101786,2025-04-23,C-137,SKU-00044,3,183.00,90.18,Perth,R-24,30.62
INV-101787,2024-11-02,C-144,SKU-00009,7,761.00,90.51,Newcastle,R-25,41.33
INV-101788,2025-02-13,C-159,SKU-00010,22,27.00,86.02,Melbourne,R-14,10.26
INV-101789,2024-12-08,C-101,SKU-00015,4,332.00,82.88,Newcastle,R-10,23.15
INV-101790,2024-09-27,C-283,SKU-00012,20,822.00,82.25,Brisbane,R-10,25.36
INV-101791,2024-02-21,C-092,SKU-00033,3,111.00,80.58,Brisbane,R-19,35.00
INV-101792,2024-09-13,C-217,SKU-00057,2,143.00,85.00,Newcastle,R-16,9.61
INV-101793,2025-11-24,C-283,SKU-00048,8,553.00,81.04,Brisbane,R-27,20.18
INV-101794,2024-11-07,C-028,SKU-00019,1,357.00,74.45,Melbourne,R-08,7.44
INV-101795,2025-01-11,C-041,SKU-00024,22,208.00,71.72,Adelaide,R-06,16.90
INV-101796,2025-12-16,C-361,SKU-00004,17,340.00,75.82,Melbourne,R-19,27.43
INV-101797,2025-06-14,C-110,SKU-00049,4,840.00,74.56,Brisbane,R-15,20.74
INV-101798,2024-10-25,C-204,SKU-00030,19,439.00,86.07,Perth,R-06,30.88
INV-101799,2025-01-15,C-407,SKU-00015,6,332.00,79.68,Adelaide,R-16,5.44
INV-101800,2025-07-08,C-294,SKU-00056,24,481.00,74.41,Melbourne,R-13,13.98
INV-101801,2025-01-28,C-131,SKU-00013,15,52.00,81.15,Adelaide,R-10,43.19
INV-101802,2024-03-08,C-022,SKU-00001,4,569.00,74.96,Adelaide,R-01,16.64
INV-101803,2025-06-23,C-272,SKU-00032,10,60.00,82.60,Adelaide,R-28,3.69
INV-101804,2025-02-18,C-251,SKU-00022,15,477.00,81.30,Perth,R-09,42.12
INV-101805,2024-11-28,C-266,SKU-00047,4,371.00,71.36,Adelaide,R-13,35.96
INV-101806,2024-10-24,C-181,SKU-00025,13,345.00,85.67,Perth,R-10,44.09
INV-101807,2025-10-24,C-026,SKU-00040,3,257.00,73.26,Melbourne,R-17,17.76
INV-101808,2024-06-22,C-289,SKU-00044,3,183.00,78.06,Perth,R-25,26.91
INV-101809,2024-05-17,C-097,SKU-00014,1,632.00,71.36,Brisbane,R-09,19.53
INV-101810,2024-11-05,C-387,SKU-00058,12,513.00,68.45,Sydney,R-28,27.02
INV-101811,2025-03-14,C-077,SKU-00056,3,481.00,72.81,Adelaide,R-25,6.54
INV-101812,2025-07-07,C-367,SKU-00003,22,237.00,86.46,Melbourne,R-07,19.00
INV-101813,2025-10-21,C-335,SKU-00023,13,115.00,75.40,Brisbane,R-01,37.18
INV-101814,2025-08-04,C-015,SKU-00016,11,574.00,77.99,Sydney,R-25,7.59
INV-101815,2024-11-16,C-258,SKU-00053,23,589.00,82.34,Perth,R-23,43.59
INV-101816,2025-03-14,C-257,SKU-00027,18,107.00,75.06,Brisbane,R-01,14.43
INV-101817,2025-08-16,C-408,SKU-00036,15,224.00,79.35,Brisbane,R-22,43.44
INV-101818,2024-11-24,C-230,SKU-00024,3,208.00,84.99,Melbourne,R-24,10.91
INV-101819,2025-05-02,C-097,SKU-00055,6,703.00,74.88,Brisbane,R-11,19.52
INV-101820,2024-03-03,C-238,SKU-00003,4,237.00,69.74,Adelaide,R-07,32.93
INV-101821,2025-04-03,C-247,SKU-00040,15,257.00,70.35,Sydney,R-17,9.86
INV-101822,2025-10-09,C-079,SKU-00025,20,345.00,72.40,Newcastle,R-20,5.94
INV-101823,2024-05-10,C-157,SKU-00010,4,27.00,77.92,Sydney,R-08,26.87
INV-101824,2024-12-15,C-183,SKU-00012,12,822.00,81.84,Perth,R-08,11.48
INV-101825,2025-03-01,C-211,SKU-00021,18,453.00,78.48,Newcastle,R-01,38.17
INV-101826,2025-01-01,C-283,SKU-00051,12,246.00,90.12,Brisbane,R-08,41.40
INV-101827,2024-08-21,C-289,SKU-00043,4,320.00,79.84,Perth,R-11,21.72
INV-101828,2025-07-10,C-290,SKU-00002,5,592.00,80.00,Perth,R-22,41.40
INV-101829,2024-12-27,C-230,SKU-00028,18,722.00,78.48,Melbourne,R-20,31.05
INV-101830,2024-09-22,C-108,SKU-00047,7,371.00,75.61,Perth,R-15,1.65
INV-101831,2024-02-28,C-296,SKU-00014,19,632.00,73.91,Newcastle,R-09,19.94
INV-101832,2025-05-12,C-313,SKU-00015,21,332.00,90.09,Sydney,R-12,16.54
INV-101833,2025-01-19,C-068,SKU-00038,14,427.00,80.78,Adelaide,R-20,27.49
INV-101834,2024-11-21,C-219,SKU-00050,4,201.00,80.52,Melbourne,R-21,24.82
INV-101835,2025-09-13,C-039,SKU-00048,19,553.00,90.06,Perth,R-11,19.16
INV-101836,2025-11-25,C-039,SKU-00007,7,284.00,75.46,Perth,R-21,2.63
INV-101837,2024-08-12,C-277,SKU-00028,16,722.00,72.32,Newcastle,R-26,2.31
INV-101838,2024-07-13,C-202,SKU-00033,7,111.00,84.91,Newcastle,R-22,16.11
INV-101839,2024-06-07,C-320,SKU-00039,1,204.00,70.96,Sydney,R-07,28.68
INV-101840,2024-10-04,C-030,SKU-00040,17,257.00,74.76,Brisbane,R-07,42.54
INV-101841,2024-08-10,C-301,SKU-00018,7,268.00,80.01,Melbourne,R-19,35.43
INV-101842,2024-09-24,C-125,SKU-00047,20,371.00,76.80,Brisbane,R-10,40.82
INV-101843,2024-01-03,C-052,SKU-00008,13,232.00,90.61,Newcastle,R-28,23.46
INV-101844,2024-07-01,C-147,SKU-00025,5,345.00,83.30,Sydney,R-02,3.64
INV-101845,2024-06-16,C-007,SKU-00029,19,291.00,84.17,Adelaide,R-26,25.72
INV-101846,2024-12-12,C-050,SKU-00037,9,831.00,76.95,Newcastle,R-11,27.89
INV-101847,2025-04-12,C-297,SKU-00019,2,357.00,80.40,Perth,R-20,27.49
INV-101848,2025-02-19,C-114,SKU-00030,23,439.00,88.09,Sydney,R-03,38.59
INV-101849,2025-07-26,C-162,SKU-00041,11,612.00,82.06,Perth,R-08,7.13
INV-101850,2025-08-14,C-208,SKU-00014,8,632.00,69.63,Perth,R-02,32.35
INV-101851,2025-07-17,C-171,SKU-00035,6,571.00,86.88,Sydney,R-27,42.19
INV-101852,2025-11-09,C-064,SKU-00003,3,237.00,82.32,Newcastle,R-04,29.98
INV-101853,2024-01-16,C-121,SKU-00044,22,183.00,86.68,Newcastle,R-09,18.50
INV-101854,2024-05-08,C-341,SKU-00013,1,52.00,81.68,Perth,R-26,22.96
INV-101855,2024-11-18,C-190,SKU-00028,2,722.00,77.98,Adelaide,R-04,25.14
INV-101856,2025-11-16,C-122,SKU-00037,20,831.00,84.40,Brisbane,R-23,10.01
INV-101857,2025-06-20,C-053,SKU-00042,16,292.00,73.28,Perth,R-18,2.28
INV-101858,2024-02-24,C-231,SKU-00033,10,111.00,77.00,Newcastle,R-02,20.67
INV-101859,2024-10-18,C-003,SKU-00041,22,612.00,82.06,Newcastle,R-01,22.17
INV-101860,2025-08-05,C-312,SKU-00010,14,27.00,78.05,Perth,R-07,43.93
INV-101861,2025-08-21,C-292,SKU-00002,21,592.00,86.31,Perth,R-13,38.52
INV-101862,2025-10-28,C-398,SKU-00033,8,111.00,78.64,Adelaide,R-19,26.99
INV-101863,2025-10-02,C-054,SKU-00050,19,201.00,74.29,Brisbane,R-28,32.82
INV-101864,2025-05-19,C-192,SKU-00006,5,428.00,87.85,Newcastle,R-28,26.87
INV-101865,2024-06-12,C-131,SKU-00005,2,643.00,78.90,Adelaide,R-08,35.10
INV-101866,2024-10-04,C-279,SKU-00010,23,27.00,73.83,Sydney,R-22,22.41
INV-101867,2025-08-17,C-108,SKU-00006,3,428.00,75.57,Perth,R-09,22.65
INV-101868,2024-05-10,C-260,SKU-00047,16,371.00,70.56,Sydney,R-07,19.65
INV-101869,2025-01-18,C-291,SKU-00024,21,208.00,86.31,Melbourne,R-14,32.40
INV-101870,2025-12-21,C-207,SKU-00021,5,453.00,69.92,Melbourne,R-08,37.16
INV-101871,2024-05-18,C-037,SKU-00012,10,822.00,82.50,Adelaide,R-10,23.87
INV-101872,2024-10-03,C-015,SKU-00003,12,237.00,74.88,Sydney,R-08,1.84
INV-101873,2024-02-10,C-341,SKU-00006,9,428.00,75.78,Perth,R-05,9.37
INV-101874,2025-08-09,C-171,SKU-00047,18,371.00,72.54,Sydney,R-24,3.53
INV-101875,2025-11-12,C-209,SKU-00006,2,428.00,87.12,Newcastle,R-17,22.33
INV-101876,2024-09-06,C-150,SKU-00056,1,481.00,75.37,Brisbane,R-20,29.37
INV-101877,2025-06-05,C-121,SKU-00006,6,428.00,84.06,Newcastle,R-25,21.71
INV-101878,2024-04-21,C-145,SKU-00008,23,232.00,71.53,Sydney,R-27,3.73
INV-101879,2024-03-05,C-392,SKU-00004,3,340.00,77.25,Sydney,R-18,15.86
INV-101880,2025-03-13,C-339,SKU-00008,13,232.00,67.33,Adelaide,R-06,10.96
INV-101881,2024-04-25,C-207,SKU-00018,12,268.00,72.48,Melbourne,R-22,36.75
INV-101882,2024-10-20,C-394,SKU-00026,17,405.00,86.87,Adelaide,R-07,24.12
INV-101883,2024-12-04,C-198,SKU-00046,7,711.00,75.04,Melbourne,R-15,13.73
INV-101884,2025-08-15,C-407,SKU-00027,24,107.00,78.24,Adelaide,R-17,14.21
INV-101885,2024-04-15,C-140,SKU-00002,10,592.00,74.90,Sydney,R-02,43.71
INV-101886,2024-12-24,C-127,SKU-00010,19,27.00,80.75,Perth,R-10,28.50
INV-101887,2024-11-28,C-004,SKU-00009,6,761.00,81.72,Perth,R-19,11.20
INV-101888,2025-04-07,C-394,SKU-00025,14,345.00,79.52,Adelaide,R-02,31.17
INV-101889,2025-11-11,C-061,SKU-00042,18,292.00,84.78,Sydney,R-17,8.34
INV-101890,2024-01-06,C-414,SKU-00003,1,237.00,76.53,Melbourne,R-02,27.70
INV-101891,2025-04-26,C-308,SKU-00024,18,208.00,87.30,Melbourne,R-05,15.28
INV-101892,2024-08-07,C-392,SKU-00051,1,246.00,84.76,Sydney,R-11,2.28
INV-101893,2024-02-23,C-296,SKU-00052,11,834.00,89.87,Newcastle,R-04,37.14
INV-101894,2024-02-15,C-372,SKU-00020,22,702.00,79.86,Melbourne,R-23,5.18
INV-101895,2025-08-01,C-157,SKU-00058,13,513.00,83.20,Sydney,R-18,19.94
INV-101896,2025-12-26,C-259,SKU-00026,14,405.00,73.22,Sydney,R-16,4.42
INV-101897,2024-11-08,C-304,SKU-00046,10,711.00,86.20,Melbourne,R-15,3.23
INV-101898,2025-06-11,C-125,SKU-00025,1,345.00,78.16,Brisbane,R-04,21.25
INV-101899,2025-09-26,C-254,SKU-00047,17,371.00,70.55,Sydney,R-13,26.12
INV-101900,2024-05-04,C-392,SKU-00011,19,62.00,64.85,Sydney,R-15,43.03
INV-101901,2024-04-02,C-180,SKU-00006,9,428.00,81.36,Brisbane,R-27,39.78
INV-101902,2025-06-07,C-310,SKU-00013,16,52.00,80.96,Perth,R-15,35.30
INV-101903,2024-02-23,C-142,SKU-00042,2,292.00,90.70,Melbourne,R-24,39.03
INV-101904,2025-03-16,C-283,SKU-00051,18,246.00,79.74,Brisbane,R-23,27.29
INV-101905,2024-06-06,C-240,SKU-00052,4,834.00,74.28,Adelaide,R-24,21.30
INV-101906,2025-08-20,C-348,SKU-00035,14,571.00,70.42,Sydney,R-02,18.41
INV-101907,2024-05-23,C-136,SKU-00043,17,320.00,75.48,Sydney,R-11,37.98
INV-101908,2024-01-12,C-049,SKU-00029,16,291.00,79.36,Melbourne,R-08,26.34
INV-101909,2025-05-14,C-041,SKU-00025,3,345.00,77.16,Adelaide,R-25,41.87
INV-101910,2024-03-08,C-153,SKU-00005,4,643.00,71.54,Perth,R-26,31.51
INV-101911,2024-08-25,C-066,SKU-00051,8,246.00,87.36,Adelaide,R-03,24.46
INV-101912,2024-02-17,C-377,SKU-00030,17,439.00,80.92,Newcastle,R-05,13.21
INV-101913,2024-07-05,C-194,SKU-00035,17,571.00,79.22,Brisbane,R-26,34.01
INV-101914,2025-07-27,C-016,SKU-00016,20,574.00,73.40,Brisbane,R-22,38.57
INV-101915,2024-02-03,C-280,SKU-00002,18,592.00,76.32,Newcastle,R-05,1.06
INV-101916,2024-08-17,C-370,SKU-00042,6,292.00,72.06,Adelaide,R-05,0.67
INV-101917,2025-03-06,C-124,SKU-00021,8,453.00,72.56,Adelaide,R-11,28.58
INV-101918,2024-02-15,C-157,SKU-00020,8,702.00,86.24,Sydney,R-23,36.19
INV-101919,2025-01-25,C-134,SKU-00013,12,52.00,84.48,Melbourne,R-26,20.65
INV-101920,2024-12-01,C-065,SKU-00054,23,714.00,77.23,Adelaide,R-05,3.20
INV-101921,2025-11-20,C-143,SKU-00028,11,722.00,77.22,Adelaide,R-26,17.08
INV-101922,2025-06-23,C-069,SKU-00015,2,332.00,75.80,Sydney,R-15,24.05
INV-101923,2024-05-19,C-110,SKU-00003,13,237.00,70.72,Brisbane,R-03,25.50
INV-101924,2025-07-22,C-080,SKU-00049,19,840.00,82.27,Newcastle,R-12,36.28
INV-101925,2025-01-16,C-312,SKU-00025,6,345.00,87.06,Perth,R-24,22.01
INV-101926,2024-11-13,C-184,SKU-00043,23,320.00,72.91,Brisbane,R-11,16.97
INV-101927,2025-10-17,C-083,SKU-00010,5,27.00,77.65,Adelaide,R-18,28.06
INV-101928,2024-03-15,C-209,SKU-00049,6,840.00,76.14,Newcastle,R-05,41.52
INV-101929,2025-01-20,C-251,SKU-00009,21,761.00,71.19,Perth,R-23,10.00
INV-101930,2025-11-17,C-012,SKU-00040,17,257.00,78.20,Melbourne,R-06,8.81
INV-101931,2025-06-11,C-063,SKU-00015,7,332.00,80.01,Sydney,R-12,10.64
INV-101932,2025-11-15,C-216,SKU-00047,9,371.00,85.32,Brisbane,R-14,22.13
INV-101933,2024-09-07,C-077,SKU-00046,21,711.00,75.81,Adelaide,R-18,35.66
INV-101934,2024-05-28,C-188,SKU-00058,10,513.00,82.90,Perth,R-05,29.41
INV-101935,2024-03-19,C-218,SKU-00048,14,553.00,72.66,Newcastle,R-27,11.72
INV-101936,2025-06-21,C-272,SKU-00032,11,60.00,77.99,Adelaide,R-10,37.25
INV-101937,2025-01-20,C-350,SKU-00013,19,52.00,73.34,Perth,R-28,14.91
INV-101938,2025-08-04,C-115,SKU-00055,1,703.00,77.91,Melbourne,R-01,6.46
INV-101939,2025-11-11,C-306,SKU-00027,24,107.00,79.44,Brisbane,R-21,15.73
INV-101940,2025-09-05,C-188,SKU-00055,7,703.00,65.24,Perth,R-13,37.75
INV-101941,2024-08-08,C-013,SKU-00051,23,246.00,85.79,Perth,R-18,28.53
INV-101942,2025-11-27,C-181,SKU-00051,16,246.00,83.36,Perth,R-23,11.34
INV-101943,2025-10-02,C-045,SKU-00049,14,840.00,76.86,Newcastle,R-12,32.47
INV-101944,2025-06-02,C-157,SKU-00014,11,632.00,70.29,Sydney,R-06,9.64
INV-101945,2024-11-23,C-405,SKU-00014,13,632.00,82.42,Brisbane,R-23,7.55
INV-101946,2025-12-14,C-098,SKU-00057,17,143.00,88.40,Adelaide,R-10,24.16
INV-101947,2025-10-16,C-199,SKU-00024,5,208.00,70.35,Newcastle,R-20,38.76
INV-101948,2025-02-10,C-017,SKU-00055,4,703.00,78.24,Adelaide,R-27,11.99
INV-101949,2025-01-14,C-172,SKU-00022,3,477.00,74.43,Newcastle,R-19,8.19
INV-101950,2024-03-09,C-177,SKU-00011,24,62.00,64.92,Newcastle,R-21,13.88
INV-101951,2025-02-28,C-002,SKU-00038,2,427.00,75.90,Perth,R-02,4.67
INV-101952,2025-07-27,C-134,SKU-00022,8,477.00,72.00,Melbourne,R-18,32.00
INV-101953,2025-08-21,C-380,SKU-00003,5,237.00,76.25,Adelaide,R-05,2.26
INV-101954,2024-08-22,C-275,SKU-00011,7,62.00,85.47,Adelaide,R-13,42.70
INV-101955,2024-12-07,C-179,SKU-00004,5,340.00,73.15,Newcastle,R-14,3.77
INV-101956,2024-10-13,C-350,SKU-00010,8,27.00,72.48,Perth,R-07,15.25
INV-101957,2024-09-05,C-173,SKU-00042,18,292.00,89.10,Perth,R-22,34.00
INV-101958,2024-10-13,C-115,SKU-00039,7,204.00,72.31,Melbourne,R-04,14.84
INV-101959,2024-12-14,C-341,SKU-00043,5,320.00,75.40,Perth,R-25,37.28
INV-101960,2024-02-15,C-354,SKU-00058,23,513.00,64.96,Perth,R-16,25.19
INV-101961,2024-11-01,C-131,SKU-00018,10,268.00,84.00,Adelaide,R-21,20.06
INV-101962,2025-04-01,C-150,SKU-00019,19,357.00,78.85,Brisbane,R-04,35.69
INV-101963,2025-05-28,C-253,SKU-00056,12,481.00,82.80,Melbourne,R-13,30.33
INV-101964,2024-09-11,C-092,SKU-00027,13,107.00,73.19,Brisbane,R-22,34.08
INV-101965,2025-05-28,C-419,SKU-00011,11,62.00,71.06,Brisbane,R-06,4.17
INV-101966,2025-08-11,C-299,SKU-00010,22,27.00,84.70,Brisbane,R-16,39.96
INV-101967,2025-11-26,C-414,SKU-00014,20,632.00,71.40,Melbourne,R-20,19.87
INV-101968,2024-03-23,C-379,SKU-00011,14,62.00,73.36,Newcastle,R-19,30.75
INV-101969,2025-01-21,C-082,SKU-00017,24,69.00,72.96,Melbourne,R-11,44.45
INV-101970,2024-04-18,C-408,SKU-00057,20,143.00,70.66,Brisbane,R-27,44.25
INV-101971,2025-05-07,C-155,SKU-00035,11,571.00,77.22,Perth,R-22,21.75
INV-101972,2025-03-11,C-280,SKU-00058,17,513.00,89.76,Newcastle,R-03,14.98
INV-101973,2024-02-27,C-180,SKU-00042,13,292.00,72.28,Brisbane,R-16,44.79
INV-101974,2024-12-03,C-411,SKU-00043,17,320.00,86.53,Perth,R-17,34.39
INV-101975,2025-10-26,C-197,SKU-00013,11,52.00,87.23,Melbourne,R-13,16.15
INV-101976,2024-05-02,C-367,SKU-00051,11,246.00,77.55,Melbourne,R-27,5.66
INV-101977,2024-10-18,C-148,SKU-00010,23,27.00,79.12,Melbourne,R-07,27.53
INV-101978,2024-06-13,C-261,SKU-00019,8,357.00,78.40,Brisbane,R-17,3.45
INV-101979,2024-10-04,C-252,SKU-00023,1,115.00,75.39,Brisbane,R-22,8.46
INV-101980,2024-09-02,C-302,SKU-00034,19,214.00,70.62,Adelaide,R-27,5.06
INV-101981,2024-02-12,C-112,SKU-00018,22,268.00,86.46,Brisbane,R-13,1.38
INV-101982,2025-10-19,C-349,SKU-00045,14,841.00,82.74,Sydney,R-05,34.28
INV-101983,2025-04-17,C-047,SKU-00032,15,60.00,83.85,Perth,R-02,34.72
INV-101984,2024-01-02,C-051,SKU-00043,24,320.00,70.80,Newcastle,R-06,10.20
INV-101985,2025-04-11,C-101,SKU-00005,1,643.00,87.47,Newcastle,R-23,26.28
INV-101986,2024-05-16,C-002,SKU-00042,20,292.00,79.80,Perth,R-09,26.84
INV-101987,2024-05-08,C-418,SKU-00047,10,371.00,79.90,Brisbane,R-21,32.05
INV-101988,2024-02-28,C-394,SKU-00055,14,703.00,89.18,Adelaide,R-26,2.71
INV-101989,2024-10-10,C-146,SKU-00003,11,237.00,82.17,Perth,R-10,35.86
INV-101990,2025-03-16,C-312,SKU-00026,12,405.00,78.27,Perth,R-25,15.95
INV-101991,2025-06-11,C-391,SKU-00009,1,761.00,77.07,Sydney,R-10,27.20
INV-101992,2025-07-12,C-167,SKU-00041,21,612.00,71.19,Sydney,R-19,35.00
INV-101993,2025-01-03,C-225,SKU-00054,4,714.00,70.84,Perth,R-14,12.55
INV-101994,2025-10-17,C-280,SKU-00005,3,643.00,74.52,Newcastle,R-27,39.71
INV-101995,2025-12-20,C-082,SKU-00020,11,702.00,86.02,Melbourne,R-17,23.82
INV-101996,2025-04-25,C-116,SKU-00046,23,711.00,72.68,Sydney,R-08,26.07
INV-101997,2024-07-07,C-283,SKU-00034,15,214.00,89.85,Brisbane,R-07,36.40
INV-101998,2024-03-06,C-041,SKU-00005,23,643.00,70.38,Adelaide,R-02,11.61
INV-101999,2025-10-18,C-321,SKU-00013,13,52.00,76.57,Sydney,R-10,34.01
INV-102000,2024-07-16,C-236,SKU-00052,15,834.00,77.14,Newcastle,R-22,19.43
INV-102001,2024-06-23,C-063,SKU-00006,14,428.00,73.36,Sydney,R-11,33.24
INV-102002,2025-12-15,C-094,SKU-00042,4,292.00,84.32,Adelaide,R-08,21.00
INV-102003,2024-06-18,C-093,SKU-00057,15,143.00,73.95,Perth,R-15,13.30
INV-102004,2024-10-13,C-132,SKU-00028,22,722.00,88.00,Newcastle,R-25,41.43
INV-102005,2025-07-16,C-103,SKU-00042,11,292.00,90.53,Sydney,R-24,44.57
INV-102006,2025-02-17,C-138,SKU-00046,2,711.00,80.38,Newcastle,R-20,38.76
INV-102007,2025-10-03,C-272,SKU-00030,17,439.00,78.88,Adelaide,R-25,29.77
INV-102008,2024-04-27,C-314,SKU-00050,8,201.00,72.00,Newcastle,R-21,19.18
INV-102009,2024-11-17,C-009,SKU-00008,20,232.00,90.40,Brisbane,R-11,38.96
INV-102010,2025-03-21,C-251,SKU-00014,22,632.00,77.92,Perth,R-27,16.43
INV-102011,2024-06-14,C-420,SKU-00013,1,52.00,83.55,Perth,R-11,42.35
INV-102012,2024-07-18,C-353,SKU-00031,18,336.00,81.54,Adelaide,R-13,31.95
INV-102013,2024-03-20,C-078,SKU-00003,11,237.00,72.93,Newcastle,R-21,15.34
INV-102014,2025-01-25,C-129,SKU-00003,18,237.00,71.28,Adelaide,R-13,18.47
INV-102015,2025-04-14,C-085,SKU-00027,7,107.00,85.26,Newcastle,R-03,20.48
INV-102016,2025-12-21,C-332,SKU-00016,4,574.00,82.36,Perth,R-01,37.94
INV-102017,2025-09-06,C-273,SKU-00053,15,589.00,87.45,Sydney,R-04,13.06
INV-102018,2025-11-21,C-349,SKU-00028,15,722.00,85.35,Sydney,R-09,0.97
INV-102019,2025-08-15,C-049,SKU-00010,23,27.00,72.45,Melbourne,R-23,28.73
INV-102020,2024-09-16,C-251,SKU-00020,4,702.00,76.47,Perth,R-17,42.74
INV-102021,2025-11-20,C-338,SKU-00047,22,371.00,90.64,Perth,R-18,2.11
INV-102022,2025-04-20,C-329,SKU-00007,18,284.00,84.42,Newcastle,R-11,26.30
INV-102023,2025-12-12,C-235,SKU-00010,13,27.00,81.51,Brisbane,R-02,25.55
INV-102024,2025-07-25,C-072,SKU-00012,3,822.00,83.31,Perth,R-05,13.75
INV-102025,2025-04-07,C-103,SKU-00005,6,643.00,87.96,Sydney,R-17,22.87
INV-102026,2025-08-27,C-053,SKU-00030,3,439.00,76.83,Perth,R-23,32.76
INV-102027,2025-02-14,C-232,SKU-00040,17,257.00,89.93,Perth,R-12,3.06
INV-102028,2024-03-25,C-188,SKU-00054,14,714.00,84.56,Perth,R-06,39.19
INV-102029,2025-05-14,C-320,SKU-00038,2,427.00,84.62,Sydney,R-28,40.32
INV-102030,2024-04-18,C-365,SKU-00015,15,332.00,74.11,Adelaide,R-16,13.09
INV-102031,2025-10-28,C-185,SKU-00047,24,371.00,72.48,Sydney,R-09,6.01
INV-102032,2025-09-01,C-400,SKU-00056,21,481.00,71.19,Newcastle,R-03,14.57
INV-102033,2025-07-02,C-030,SKU-00053,3,589.00,90.54,Brisbane,R-11,42.57
INV-102034,2025-06-25,C-263,SKU-00004,13,340.00,88.92,Newcastle,R-11,23.00
INV-102035,2024-06-28,C-248,SKU-00018,6,268.00,76.74,Newcastle,R-03,0.67
INV-102036,2024-04-15,C-245,SKU-00021,21,453.00,81.90,Perth,R-07,39.00
INV-102037,2024-10-06,C-420,SKU-00036,9,224.00,77.58,Perth,R-24,42.02
INV-102038,2024-05-09,C-340,SKU-00056,3,481.00,88.65,Newcastle,R-18,28.75
INV-102039,2024-09-11,C-087,SKU-00044,12,183.00,74.04,Melbourne,R-22,36.97
INV-102040,2024-12-22,C-225,SKU-00053,21,589.00,65.88,Perth,R-12,39.92
INV-102041,2025-04-01,C-071,SKU-00052,13,834.00,84.11,Brisbane,R-02,29.53
INV-102042,2024-09-04,C-305,SKU-00037,12,831.00,76.80,Perth,R-14,21.50
INV-102043,2024-12-06,C-046,SKU-00045,10,841.00,70.90,Perth,R-16,37.34
INV-102044,2025-05-01,C-371,SKU-00014,11,632.00,77.33,Adelaide,R-03,23.31
INV-102045,2024-11-14,C-294,SKU-00012,24,822.00,71.52,Melbourne,R-10,44.99
INV-102046,2024-11-05,C-060,SKU-00020,18,702.00,75.78,Brisbane,R-10,11.93
INV-102047,2024-05-11,C-198,SKU-00012,5,822.00,74.95,Melbourne,R-27,19.84
INV-102048,2024-03-12,C-240,SKU-00023,2,115.00,79.82,Adelaide,R-15,20.37
INV-102049,2025-07-27,C-299,SKU-00008,6,232.00,88.38,Brisbane,R-17,18.93
INV-102050,2024-07-17,C-063,SKU-00033,22,111.00,70.64,Sydney,R-23,44.18
INV-102051,2025-01-24,C-255,SKU-00044,22,183.00,81.40,Sydney,R-23,15.61
INV-102052,2024-11-14,C-045,SKU-00003,15,237.00,89.40,Newcastle,R-22,34.65
INV-102053,2024-05-21,C-286,SKU-00049,3,840.00,75.30,Brisbane,R-11,13.56
INV-102054,2025-10-13,C-008,SKU-00036,14,224.00,85.40,Newcastle,R-03,20.08
INV-102055,2024-09-21,C-218,SKU-00027,22,107.00,70.40,Newcastle,R-13,9.17
INV-102056,2024-11-01,C-045,SKU-00003,11,237.00,72.60,Newcastle,R-17,10.18
INV-102057,2025-08-23,C-210,SKU-00047,11,371.00,79.09,Adelaide,R-06,4.78
INV-102058,2025-07-08,C-172,SKU-00016,7,574.00,86.66,Newcastle,R-22,4.10
INV-102059,2025-03-12,C-143,SKU-00008,11,232.00,80.52,Adelaide,R-10,9.96
INV-102060,2025-06-03,C-397,SKU-00041,8,612.00,69.85,Melbourne,R-27,23.80
INV-102061,2024-01-19,C-074,SKU-00015,6,332.00,78.00,Adelaide,R-28,13.89
INV-102062,2025-02-28,C-266,SKU-00021,10,453.00,88.20,Adelaide,R-20,37.35
INV-102063,2025-11-23,C-257,SKU-00045,13,841.00,85.02,Brisbane,R-18,24.41
INV-102064,2025-12-09,C-139,SKU-00019,22,357.00,77.00,Perth,R-04,43.44
INV-102065,2024-11-19,C-262,SKU-00024,24,208.00,84.96,Adelaide,R-16,23.24
INV-102066,2024-07-05,C-401,SKU-00032,11,60.00,80.08,Perth,R-28,42.64
INV-102067,2025-08-04,C-007,SKU-00043,14,320.00,71.40,Adelaide,R-25,5.53
INV-102068,2025-01-04,C-032,SKU-00006,17,428.00,73.44,Brisbane,R-02,4.47
INV-102069,2025-04-11,C-238,SKU-00043,14,320.00,81.34,Adelaide,R-26,20.30
INV-102070,2024-03-15,C-103,SKU-00044,11,183.00,66.69,Sydney,R-11,12.69
INV-102071,2024-10-04,C-353,SKU-00055,19,703.00,74.86,Adelaide,R-20,3.49
INV-102072,2025-02-20,C-095,SKU-00013,20,52.00,75.40,Sydney,R-09,28.41
INV-102073,2025-04-21,C-102,SKU-00052,10,834.00,72.40,Adelaide,R-06,25.62
INV-102074,2025-03-04,C-200,SKU-00016,14,574.00,82.88,Newcastle,R-06,34.19
INV-102075,2024-02-21,C-077,SKU-00026,18,405.00,72.36,Adelaide,R-07,22.43
INV-102076,2025-05-06,C-336,SKU-00041,16,612.00,76.64,Perth,R-10,34.43
INV-102077,2024-12-10,C-266,SKU-00015,23,332.00,82.34,Adelaide,R-18,19.19
INV-102078,2024-09-13,C-279,SKU-00015,4,332.00,84.08,Sydney,R-24,7.42
INV-102079,2025-12-01,C-183,SKU-00018,17,268.00,77.52,Perth,R-20,10.18
INV-102080,2024-01-10,C-018,SKU-00002,18,592.00,65.25,Melbourne,R-27,6.64
INV-102081,2024-08-23,C-240,SKU-00035,22,571.00,82.94,Adelaide,R-12,25.51
INV-102082,2025-01-02,C-123,SKU-00039,21,204.00,70.98,Brisbane,R-04,37.08
INV-102083,2024-06-28,C-250,SKU-00045,16,841.00,84.48,Perth,R-22,6.89
INV-102084,2024-10-01,C-088,SKU-00009,22,761.00,71.28,Adelaide,R-02,3.78
INV-102085,2025-05-24,C-163,SKU-00003,13,237.00,82.81,Newcastle,R-10,37.67
INV-102086,2024-02-25,C-207,SKU-00041,6,612.00,73.44,Melbourne,R-13,26.21
INV-102087,2024-03-19,C-213,SKU-00002,20,592.00,73.20,Brisbane,R-25,5.65
INV-102088,2025-12-05,C-282,SKU-00056,18,481.00,72.18,Adelaide,R-26,13.31
INV-102089,2024-10-17,C-205,SKU-00050,16,201.00,76.64,Sydney,R-12,27.26
INV-102090,2024-07-26,C-226,SKU-00043,13,320.00,70.44,Perth,R-03,37.37
INV-102091,2025-04-14,C-381,SKU-00054,13,714.00,81.77,Perth,R-23,6.88
INV-102092,2024-10-03,C-261,SKU-00003,21,237.00,76.44,Brisbane,R-03,7.81
INV-102093,2024-12-25,C-367,SKU-00002,11,592.00,85.47,Melbourne,R-16,21.19
INV-102094,2025-01-05,C-068,SKU-00051,17,246.00,81.77,Adelaide,R-25,14.57
INV-102095,2025-09-04,C-063,SKU-00016,3,574.00,73.95,Sydney,R-19,29.16
INV-102096,2024-11-19,C-117,SKU-00011,14,62.00,76.72,Adelaide,R-20,23.64
INV-102097,2024-09-11,C-083,SKU-00054,14,714.00,85.96,Adelaide,R-02,1.53
INV-102098,2024-04-18,C-158,SKU-00049,1,840.00,71.71,Melbourne,R-06,22.50
INV-102099,2024-02-23,C-274,SKU-00056,16,481.00,81.12,Newcastle,R-13,26.99
INV-102100,2024-12-18,C-368,SKU-00008,2,232.00,72.55,Sydney,R-21,31.38
INV-102101,2025-06-18,C-188,SKU-00024,7,208.00,82.25,Perth,R-25,33.43
INV-102102,2025-08-25,C-064,SKU-00013,7,52.00,74.76,Newcastle,R-27,38.74
INV-102103,2024-09-12,C-395,SKU-00004,9,340.00,81.72,Sydney,R-07,33.10
INV-102104,2024-04-08,C-040,SKU-00016,1,574.00,70.35,Melbourne,R-13,36.38
INV-102105,2024-10-14,C-289,SKU-00017,23,69.00,71.53,Perth,R-27,11.43
INV-102106,2025-07-04,C-352,SKU-00027,1,107.00,87.59,Melbourne,R-11,6.07
INV-102107,2024-07-01,C-349,SKU-00015,13,332.00,75.14,Sydney,R-25,7.15
INV-102108,2024-11-13,C-384,SKU-00054,13,714.00,83.85,Perth,R-23,5.55
INV-102109,2024-12-23,C-287,SKU-00019,3,357.00,86.10,Melbourne,R-08,12.96
INV-102110,2025-02-24,C-018,SKU-00045,20,841.00,69.92,Melbourne,R-05,33.57
INV-102111,2025-09-26,C-167,SKU-00040,6,257.00,75.78,Sydney,R-08,26.84
INV-102112,2025-05-05,C-269,SKU-00019,8,357.00,86.64,Newcastle,R-27,21.34
INV-102113,2024-10-01,C-269,SKU-00031,2,336.00,80.06,Newcastle,R-13,32.94
INV-102114,2025-11-08,C-237,SKU-00003,12,237.00,81.72,Brisbane,R-04,24.90
INV-102115,2025-04-13,C-136,SKU-00037,10,831.00,79.30,Sydney,R-03,32.00
INV-102116,2025-05-18,C-081,SKU-00031,1,336.00,71.86,Sydney,R-05,39.44
INV-102117,2024-06-07,C-221,SKU-00037,8,831.00,74.32,Newcastle,R-16,11.13
INV-102118,2024-09-09,C-149,SKU-00040,22,257.00,88.22,Perth,R-25,24.83
INV-102119,2024-02-23,C-134,SKU-00024,1,208.00,78.02,Melbourne,R-08,38.29
INV-102120,2024-06-26,C-095,SKU-00030,12,439.00,74.41,Sydney,R-27,33.99
INV-102121,2025-11-16,C-293,SKU-00008,4,232.00,84.72,Adelaide,R-07,18.30
INV-102122,2025-07-05,C-012,SKU-00055,3,703.00,78.63,Melbourne,R-02,11.56
INV-102123,2025-08-18,C-017,SKU-00057,22,143.00,75.90,Adelaide,R-14,3.50
INV-102124,2025-01-12,C-361,SKU-00056,22,481.00,74.36,Melbourne,R-10,20.46
INV-102125,2025-10-24,C-382,SKU-00048,18,553.00,79.38,Newcastle,R-08,37.36
INV-102126,2024-10-04,C-213,SKU-00014,16,632.00,83.36,Brisbane,R-19,3.09
INV-102127,2024-09-06,C-345,SKU-00028,18,722.00,72.18,Sydney,R-14,30.94
INV-102128,2025-10-23,C-206,SKU-00034,12,214.00,78.96,Newcastle,R-22,0.78
INV-102129,2025-09-15,C-084,SKU-00048,1,553.00,85.87,Perth,R-27,12.85
INV-102130,2025-07-20,C-331,SKU-00044,10,183.00,72.13,Adelaide,R-14,5.98
INV-102131,2025-12-22,C-191,SKU-00043,14,320.00,79.80,Newcastle,R-07,33.05
INV-102132,2025-01-17,C-362,SKU-00034,19,214.00,71.06,Perth,R-07,22.06
INV-102133,2024-08-25,C-050,SKU-00051,15,246.00,89.10,Newcastle,R-20,2.25
INV-102134,2024-01-27,C-134,SKU-00044,19,183.00,71.44,Melbourne,R-21,16.95
INV-102135,2024-01-21,C-253,SKU-00039,18,204.00,89.46,Melbourne,R-21,26.04
INV-102136,2025-02-08,C-196,SKU-00034,23,214.00,73.60,Adelaide,R-05,36.61
INV-102137,2025-05-20,C-212,SKU-00010,18,27.00,78.66,Perth,R-13,27.07
INV-102138,2024-04-18,C-157,SKU-00019,20,357.00,82.60,Sydney,R-04,22.87
INV-102139,2025-09-15,C-273,SKU-00011,9,62.00,72.18,Sydney,R-17,6.02
INV-102140,2024-07-08,C-414,SKU-00038,17,427.00,73.04,Melbourne,R-19,44.85
INV-102141,2025-03-06,C-245,SKU-00015,24,332.00,89.52,Perth,R-03,31.19
INV-102142,2024-07-08,C-303,SKU-00037,19,831.00,75.43,Perth,R-02,28.99
INV-102143,2025-06-18,C-300,SKU-00024,14,208.00,70.28,Brisbane,R-09,35.68
INV-102144,2025-02-12,C-272,SKU-00026,13,405.00,79.82,Adelaide,R-26,41.32
INV-102145,2025-08-21,C-318,SKU-00025,9,345.00,76.41,Adelaide,R-19,28.38
INV-102146,2024-01-11,C-188,SKU-00049,22,840.00,77.00,Perth,R-26,28.30
INV-102147,2024-01-10,C-300,SKU-00017,2,69.00,88.26,Brisbane,R-05,14.89
INV-102148,2024-09-27,C-157,SKU-00017,18,69.00,73.98,Sydney,R-10,14.07
INV-102149,2024-05-07,C-395,SKU-00045,24,841.00,84.96,Sydney,R-03,12.41
INV-102150,2024-07-15,C-091,SKU-00058,12,513.00,80.81,Brisbane,R-23,16.99
INV-102151,2024-08-10,C-328,SKU-00001,23,569.00,77.51,Newcastle,R-10,43.22
INV-102152,2024-07-27,C-203,SKU-00046,2,711.00,79.64,Sydney,R-19,22.78
INV-102153,2025-12-13,C-024,SKU-00044,5,183.00,83.65,Melbourne,R-14,35.70
INV-102154,2025-04-04,C-244,SKU-00041,10,612.00,77.30,Perth,R-16,36.10
INV-102155,2025-06-26,C-375,SKU-00021,19,453.00,74.67,Newcastle,R-23,6.61
INV-102156,2024-08-24,C-163,SKU-00042,2,292.00,77.70,Newcastle,R-17,4.19
INV-102157,2025-03-16,C-075,SKU-00042,12,292.00,75.60,Brisbane,R-03,1.01
INV-102158,2024-05-25,C-394,SKU-00022,19,477.00,72.20,Adelaide,R-28,3.45
INV-102159,2025-01-11,C-064,SKU-00055,22,703.00,82.50,Newcastle,R-04,21.78
INV-102160,2025-09-26,C-263,SKU-00024,22,208.00,65.17,Newcastle,R-14,23.84
INV-102161,2025-07-21,C-297,SKU-00044,16,183.00,77.28,Perth,R-17,21.23
INV-102162,2025-11-13,C-135,SKU-00058,23,513.00,74.75,Newcastle,R-08,15.34
INV-102163,2025-06-06,C-403,SKU-00032,9,60.00,85.68,Perth,R-23,26.27
INV-102164,2024-05-17,C-198,SKU-00004,19,340.00,80.56,Melbourne,R-21,3.89
INV-102165,2025-12-05,C-220,SKU-00016,23,574.00,82.57,Adelaide,R-15,28.84
INV-102166,2025-08-15,C-043,SKU-00028,23,722.00,79.35,Brisbane,R-11,22.81
INV-102167,2024-08-26,C-257,SKU-00055,3,703.00,78.27,Brisbane,R-06,1.89
INV-102168,2025-06-06,C-039,SKU-00006,23,428.00,81.88,Perth,R-13,6.92
INV-102169,2024-03-20,C-019,SKU-00035,19,571.00,79.99,Newcastle,R-22,24.24
INV-102170,2024-04-06,C-169,SKU-00045,10,841.00,66.33,Melbourne,R-08,17.18
INV-102171,2025-08-08,C-249,SKU-00014,4,632.00,79.24,Melbourne,R-26,19.74
INV-102172,2024-10-08,C-328,SKU-00004,20,340.00,77.60,Newcastle,R-19,2.20
INV-102173,2024-05-16,C-032,SKU-00037,20,831.00,81.60,Brisbane,R-23,39.42
INV-102174,2025-03-23,C-284,SKU-00051,13,246.00,89.31,Melbourne,R-03,12.69
INV-102175,2025-06-07,C-079,SKU-00040,16,257.00,88.64,Newcastle,R-08,8.52
INV-102176,2024-06-23,C-236,SKU-00031,7,336.00,71.96,Newcastle,R-20,18.49
INV-102177,2024-01-15,C-242,SKU-00022,2,477.00,77.84,Sydney,R-28,41.49
INV-102178,2024-10-15,C-409,SKU-00009,2,761.00,71.56,Sydney,R-15,14.54
INV-102179,2025-10-10,C-197,SKU-00017,21,69.00,75.39,Melbourne,R-09,36.68
INV-102180,2025-04-16,C-182,SKU-00013,20,52.00,81.70,Perth,R-09,42.05
INV-102181,2024-02-22,C-230,SKU-00051,21,246.00,86.73,Melbourne,R-11,30.53
INV-102182,2025-03-04,C-374,SKU-00018,23,268.00,83.72,Newcastle,R-20,21.67
INV-102183,2025-09-06,C-227,SKU-00020,5,702.00,88.70,Adelaide,R-10,13.69
INV-102184,2025-03-19,C-043,SKU-00054,20,714.00,78.80,Brisbane,R-15,3.71
INV-102185,2025-10-15,C-199,SKU-00049,21,840.00,74.34,Newcastle,R-05,37.91
INV-102186,2025-08-04,C-205,SKU-00005,9,643.00,74.52,Sydney,R-18,9.18
INV-102187,2025-03-15,C-319,SKU-00036,18,224.00,71.10,Perth,R-21,34.44
INV-102188,2024-04-28,C-023,SKU-00001,17,569.00,81.94,Perth,R-10,2.70
INV-102189,2024-06-12,C-363,SKU-00024,16,208.00,75.04,Perth,R-18,38.83
INV-102190,2024-01-24,C-096,SKU-00037,6,831.00,78.22,Melbourne,R-12,16.58
INV-102191,2024-08-23,C-062,SKU-00019,13,357.00,89.57,Perth,R-02,14.66
INV-102192,2025-12-18,C-071,SKU-00004,2,340.00,84.92,Brisbane,R-15,13.50
INV-102193,2024-02-12,C-387,SKU-00021,1,453.00,78.81,Sydney,R-17,2.91
INV-102194,2025-09-07,C-368,SKU-00003,20,237.00,90.40,Sydney,R-18,20.86
INV-102195,2024-05-07,C-262,SKU-00030,5,439.00,81.35,Adelaide,R-12,29.45
INV-102196,2024-10-09,C-222,SKU-00016,19,574.00,87.78,Melbourne,R-14,20.33
INV-102197,2025-04-11,C-072,SKU-00050,7,201.00,88.27,Perth,R-12,42.78
INV-102198,2024-06-16,C-171,SKU-00044,19,183.00,77.90,Sydney,R-09,26.30
INV-102199,2025-06-01,C-127,SKU-00042,4,292.00,74.12,Perth,R-09,7.12
INV-102200,2024-09-07,C-248,SKU-00045,13,841.00,74.27,Newcastle,R-28,1.93
INV-102201,2025-07-07,C-319,SKU-00031,11,336.00,77.11,Perth,R-27,12.50
INV-102202,2024-01-02,C-397,SKU-00008,10,232.00,74.50,Melbourne,R-16,16.22
INV-102203,2024-06-05,C-188,SKU-00023,4,115.00,88.76,Perth,R-09,7.86
INV-102204,2025-02-06,C-320,SKU-00034,13,214.00,72.80,Sydney,R-22,20.84
INV-102205,2024-06-16,C-324,SKU-00048,1,553.00,78.36,Newcastle,R-13,13.35
INV-102206,2025-04-28,C-098,SKU-00042,12,292.00,81.72,Adelaide,R-16,7.72
INV-102207,2024-12-02,C-331,SKU-00051,3,246.00,76.23,Adelaide,R-23,19.88
INV-102208,2024-07-20,C-005,SKU-00030,13,439.00,85.15,Brisbane,R-18,39.53
INV-102209,2025-12-08,C-397,SKU-00026,22,405.00,79.20,Melbourne,R-27,1.84
INV-102210,2025-03-13,C-356,SKU-00040,21,257.00,76.12,Perth,R-16,31.96
INV-102211,2025-03-23,C-043,SKU-00027,16,107.00,87.68,Brisbane,R-22,16.81
INV-102212,2025-05-09,C-316,SKU-00037,14,831.00,83.16,Adelaide,R-13,3.44
INV-102213,2024-11-03,C-142,SKU-00001,22,569.00,82.06,Melbourne,R-15,31.21
INV-102214,2025-07-16,C-328,SKU-00003,19,237.00,86.83,Newcastle,R-19,12.84
INV-102215,2024-06-10,C-375,SKU-00019,21,357.00,89.04,Newcastle,R-22,10.03
INV-102216,2024-09-16,C-187,SKU-00018,21,268.00,72.45,Brisbane,R-15,15.68
INV-102217,2025-03-06,C-093,SKU-00029,20,291.00,84.60,Perth,R-26,18.35
INV-102218,2025-12-07,C-251,SKU-00043,2,320.00,77.44,Perth,R-19,32.24
INV-102219,2025-02-20,C-355,SKU-00012,8,822.00,81.52,Newcastle,R-21,27.25
INV-102220,2025-07-09,C-269,SKU-00050,24,201.00,66.46,Newcastle,R-21,10.52
INV-102221,2025-08-27,C-098,SKU-00031,2,336.00,78.90,Adelaide,R-03,39.28
INV-102222,2025-02-15,C-362,SKU-00042,4,292.00,78.72,Perth,R-07,20.05
INV-102223,2025-12-04,C-019,SKU-00001,4,569.00,72.28,Newcastle,R-15,8.51
INV-102224,2024-11-15,C-245,SKU-00055,12,703.00,75.96,Perth,R-18,25.38
INV-102225,2025-03-10,C-168,SKU-00013,5,52.00,78.30,Brisbane,R-12,20.59
INV-102226,2024-06-15,C-349,SKU-00029,12,291.00,80.52,Sydney,R-08,22.54
INV-102227,2025-03-06,C-256,SKU-00013,21,52.00,85.68,Sydney,R-28,24.55
INV-102228,2024-06-13,C-413,SKU-00058,9,513.00,73.17,Newcastle,R-04,30.45
INV-102229,2025-03-22,C-080,SKU-00051,14,246.00,75.60,Newcastle,R-20,28.24
INV-102230,2024-08-11,C-362,SKU-00031,17,336.00,72.88,Perth,R-12,19.88
INV-102231,2024-06-13,C-113,SKU-00031,5,336.00,83.05,Brisbane,R-11,44.32
INV-102232,2025-10-01,C-172,SKU-00043,22,320.00,82.94,Newcastle,R-16,13.94
INV-102233,2024-11-08,C-316,SKU-00046,19,711.00,86.07,Adelaide,R-05,22.90
INV-102234,2024-02-13,C-110,SKU-00008,19,232.00,74.67,Brisbane,R-07,21.65
INV-102235,2024-04-25,C-212,SKU-00007,8,284.00,71.52,Perth,R-11,24.28
INV-102236,2025-08-25,C-193,SKU-00019,13,357.00,84.63,Brisbane,R-12,0.37
INV-102237,2024-09-21,C-246,SKU-00007,23,284.00,82.34,Newcastle,R-14,27.93
INV-102238,2025-04-26,C-328,SKU-00021,10,453.00,83.80,Newcastle,R-22,6.76
INV-102239,2024-08-14,C-306,SKU-00042,12,292.00,84.24,Brisbane,R-15,5.67
INV-102240,2025-03-02,C-036,SKU-00001,13,569.00,65.66,Melbourne,R-17,18.26
INV-102241,2025-07-16,C-266,SKU-00020,2,702.00,83.24,Adelaide,R-11,28.35
INV-102242,2025-02-13,C-286,SKU-00031,2,336.00,71.82,Brisbane,R-25,36.52
INV-102243,2024-06-09,C-313,SKU-00029,16,291.00,76.00,Sydney,R-20,15.51
INV-102244,2024-03-28,C-353,SKU-00058,22,513.00,70.84,Adelaide,R-03,30.58
INV-102245,2024-03-23,C-389,SKU-00057,8,143.00,86.16,Perth,R-23,2.51
INV-102246,2024-09-08,C-095,SKU-00025,16,345.00,79.04,Sydney,R-14,1.10
INV-102247,2025-04-17,C-307,SKU-00029,24,291.00,71.04,Newcastle,R-15,5.63
INV-102248,2024-07-15,C-293,SKU-00008,2,232.00,82.14,Adelaide,R-04,44.78
INV-102249,2025-05-03,C-135,SKU-00030,24,439.00,86.64,Newcastle,R-20,28.20
INV-102250,2024-11-23,C-230,SKU-00037,19,831.00,66.60,Melbourne,R-13,10.09
INV-102251,2024-12-27,C-261,SKU-00039,2,204.00,84.48,Brisbane,R-06,9.53
INV-102252,2025-07-12,C-256,SKU-00052,17,834.00,87.21,Sydney,R-24,14.94
INV-102253,2024-11-18,C-248,SKU-00039,14,204.00,80.50,Newcastle,R-15,35.97
INV-102254,2025-09-24,C-007,SKU-00029,14,291.00,78.54,Adelaide,R-22,11.66
INV-102255,2025-11-27,C-337,SKU-00047,1,371.00,73.37,Sydney,R-17,28.03
INV-102256,2024-12-28,C-106,SKU-00012,12,822.00,71.04,Sydney,R-22,14.32
INV-102257,2024-03-15,C-021,SKU-00018,3,268.00,86.61,Adelaide,R-10,40.99
INV-102258,2025-05-17,C-358,SKU-00035,2,571.00,81.26,Melbourne,R-09,4.69
INV-102259,2024-01-23,C-375,SKU-00053,1,589.00,73.63,Newcastle,R-16,22.51
INV-102260,2025-11-19,C-102,SKU-00006,17,428.00,71.32,Adelaide,R-12,1.94
INV-102261,2025-07-10,C-415,SKU-00043,19,320.00,73.72,Melbourne,R-20,32.40
INV-102262,2024-12-21,C-408,SKU-00005,9,643.00,89.82,Brisbane,R-13,21.39
INV-102263,2024-07-28,C-354,SKU-00047,16,371.00,76.48,Perth,R-01,30.98
INV-102264,2024-04-19,C-042,SKU-00040,12,257.00,85.20,Sydney,R-16,24.63
INV-102265,2024-10-11,C-372,SKU-00001,22,569.00,80.74,Melbourne,R-13,4.35
INV-102266,2025-10-20,C-016,SKU-00036,7,224.00,70.63,Brisbane,R-13,7.50
INV-102267,2025-10-24,C-052,SKU-00013,4,52.00,77.32,Newcastle,R-19,26.14
INV-102268,2025-12-13,C-312,SKU-00041,19,612.00,75.05,Perth,R-04,22.60
INV-102269,2025-06-02,C-320,SKU-00045,4,841.00,86.32,Sydney,R-20,23.43
INV-102270,2025-05-28,C-399,SKU-00048,6,553.00,76.23,Perth,R-16,38.34
INV-102271,2025-03-21,C-301,SKU-00027,12,107.00,76.56,Melbourne,R-20,20.28
INV-102272,2024-05-01,C-197,SKU-00053,13,589.00,78.39,Melbourne,R-08,17.50
INV-102273,2025-05-28,C-010,SKU-00012,21,822.00,73.92,Perth,R-23,4.40
INV-102274,2024-11-01,C-351,SKU-00034,18,214.00,86.40,Adelaide,R-02,35.74
INV-102275,2025-11-25,C-214,SKU-00014,22,632.00,83.16,Perth,R-09,33.78
INV-102276,2025-01-28,C-321,SKU-00029,19,291.00,85.88,Sydney,R-11,2.44
INV-102277,2024-04-28,C-296,SKU-00047,4,371.00,86.40,Newcastle,R-16,14.66
INV-102278,2024-03-24,C-314,SKU-00030,2,439.00,83.92,Newcastle,R-08,41.40
INV-102279,2025-09-24,C-099,SKU-00042,17,292.00,73.10,Perth,R-20,8.07
INV-102280,2025-10-09,C-290,SKU-00005,5,643.00,79.90,Perth,R-10,18.23
INV-102281,2024-06-06,C-213,SKU-00044,7,183.00,78.89,Brisbane,R-19,8.10
INV-102282,2025-12-12,C-193,SKU-00038,6,427.00,84.78,Brisbane,R-23,1.93
INV-102283,2025-10-12,C-009,SKU-00041,10,612.00,72.90,Brisbane,R-19,33.24
INV-102284,2025-07-28,C-321,SKU-00052,19,834.00,83.98,Sydney,R-02,21.76
INV-102285,2025-07-02,C-044,SKU-00025,1,345.00,71.24,Brisbane,R-07,11.95
INV-102286,2025-02-10,C-374,SKU-00023,16,115.00,76.48,Newcastle,R-06,14.50
INV-102287,2024-11-17,C-098,SKU-00044,2,183.00,71.86,Adelaide,R-08,29.56
INV-102288,2024-03-12,C-396,SKU-00026,2,405.00,70.70,Adelaide,R-27,40.42
INV-102289,2024-07-09,C-042,SKU-00054,2,714.00,90.08,Sydney,R-08,36.42
INV-102290,2025-04-23,C-357,SKU-00016,14,574.00,72.77,Newcastle,R-01,17.84
INV-102291,2025-09-04,C-121,SKU-00041,10,612.00,89.10,Newcastle,R-15,7.39
INV-102292,2024-01-22,C-362,SKU-00044,2,183.00,77.24,Perth,R-08,36.68
INV-102293,2025-10-11,C-219,SKU-00007,12,284.00,73.80,Melbourne,R-05,31.63
INV-102294,2024-04-25,C-120,SKU-00057,13,143.00,85.93,Adelaide,R-01,6.65
INV-102295,2025-12-22,C-290,SKU-00058,14,513.00,82.60,Perth,R-12,40.23
INV-102296,2025-09-23,C-362,SKU-00009,4,761.00,70.92,Perth,R-21,12.11
INV-102297,2024-11-28,C-254,SKU-00032,12,60.00,71.76,Sydney,R-13,13.60
INV-102298,2025-12-07,C-065,SKU-00056,17,481.00,71.57,Adelaide,R-23,8.69
INV-102299,2025-04-04,C-004,SKU-00014,2,632.00,79.60,Perth,R-05,32.21
INV-102300,2025-07-16,C-345,SKU-00029,4,291.00,75.92,Sydney,R-28,2.57
INV-102301,2024-04-23,C-252,SKU-00022,7,477.00,78.40,Brisbane,R-15,31.92
INV-102302,2025-11-12,C-365,SKU-00052,10,834.00,76.20,Adelaide,R-13,7.46
INV-102303,2024-12-13,C-092,SKU-00032,22,60.00,73.04,Brisbane,R-10,28.20
INV-102304,2024-02-06,C-369,SKU-00036,14,224.00,72.80,Adelaide,R-10,28.44
INV-102305,2025-12-01,C-335,SKU-00026,19,405.00,71.06,Brisbane,R-22,39.60
INV-102306,2024-08-23,C-204,SKU-00014,6,632.00,74.76,Perth,R-21,41.31
INV-102307,2024-04-21,C-144,SKU-00016,12,574.00,81.12,Newcastle,R-26,39.52
INV-102308,2025-05-23,C-142,SKU-00048,5,553.00,72.45,Melbourne,R-27,41.87
INV-102309,2025-09-17,C-083,SKU-00019,6,357.00,73.74,Adelaide,R-24,36.47
INV-102310,2025-01-25,C-224,SKU-00058,9,513.00,71.21,Sydney,R-19,25.47
INV-102311,2024-11-13,C-417,SKU-00054,21,714.00,81.48,Perth,R-04,12.99
INV-102312,2025-12-07,C-369,SKU-00021,18,453.00,83.52,Adelaide,R-24,34.28
INV-102313,2025-06-13,C-150,SKU-00027,7,107.00,83.79,Brisbane,R-26,17.96
INV-102314,2025-10-17,C-087,SKU-00015,7,332.00,79.38,Melbourne,R-24,37.82
INV-102315,2024-01-15,C-326,SKU-00018,23,268.00,76.59,Adelaide,R-21,43.34
INV-102316,2024-10-23,C-172,SKU-00016,1,574.00,83.32,Newcastle,R-16,21.83
INV-102317,2025-06-04,C-026,SKU-00049,16,840.00,84.48,Melbourne,R-08,28.47
INV-102318,2025-08-27,C-105,SKU-00042,8,292.00,74.32,Sydney,R-15,22.59
INV-102319,2025-07-19,C-265,SKU-00026,13,405.00,89.57,Perth,R-23,30.27
INV-102320,2025-11-13,C-345,SKU-00022,8,477.00,70.29,Sydney,R-13,7.73
INV-102321,2024-09-16,C-057,SKU-00047,17,371.00,73.95,Sydney,R-15,38.68
INV-102322,2024-04-18,C-305,SKU-00057,9,143.00,85.32,Perth,R-18,20.04
INV-102323,2025-11-01,C-078,SKU-00046,23,711.00,73.83,Newcastle,R-15,37.24
INV-102324,2025-03-23,C-143,SKU-00019,8,357.00,84.16,Adelaide,R-09,24.93
INV-102325,2024-04-27,C-145,SKU-00031,5,336.00,71.40,Sydney,R-09,23.84
INV-102326,2025-12-07,C-003,SKU-00058,11,513.00,72.16,Newcastle,R-12,5.62
INV-102327,2024-02-28,C-217,SKU-00027,8,107.00,85.44,Newcastle,R-13,2.46
INV-102328,2024-05-01,C-179,SKU-00026,17,405.00,71.06,Newcastle,R-26,1.69
INV-102329,2025-02-06,C-316,SKU-00012,10,822.00,70.60,Adelaide,R-23,18.12
INV-102330,2025-03-25,C-211,SKU-00004,14,340.00,76.12,Newcastle,R-15,13.78
INV-102331,2025-11-26,C-107,SKU-00040,12,257.00,86.64,Melbourne,R-24,9.10
INV-102332,2025-06-17,C-171,SKU-00034,11,214.00,79.31,Sydney,R-22,3.47
INV-102333,2025-02-25,C-193,SKU-00003,11,237.00,81.95,Brisbane,R-08,23.74
INV-102334,2025-12-08,C-291,SKU-00029,15,291.00,71.85,Melbourne,R-15,19.89
INV-102335,2025-02-24,C-289,SKU-00010,18,27.00,72.72,Perth,R-20,31.56
INV-102336,2024-08-01,C-075,SKU-00043,8,320.00,82.64,Brisbane,R-15,12.06
INV-102337,2024-10-09,C-205,SKU-00049,11,840.00,90.64,Sydney,R-13,35.15
INV-102338,2024-10-01,C-160,SKU-00052,11,834.00,82.72,Melbourne,R-11,22.08
INV-102339,2024-03-07,C-240,SKU-00014,16,632.00,73.44,Adelaide,R-11,13.37
INV-102340,2025-12-22,C-360,SKU-00057,12,143.00,67.45,Melbourne,R-22,12.51
INV-102341,2025-02-05,C-224,SKU-00036,22,224.00,89.10,Sydney,R-03,0.20
INV-102342,2025-01-18,C-205,SKU-00020,16,702.00,76.48,Sydney,R-13,28.09
INV-102343,2025-06-06,C-408,SKU-00009,11,761.00,88.77,Brisbane,R-11,41.06
INV-102344,2024-05-14,C-188,SKU-00012,23,822.00,84.18,Perth,R-24,10.71
INV-102345,2024-05-04,C-357,SKU-00014,13,632.00,70.98,Newcastle,R-20,22.49
INV-102346,2025-02-13,C-080,SKU-00013,3,52.00,76.80,Newcastle,R-02,42.91
INV-102347,2024-02-19,C-189,SKU-00029,24,291.00,75.36,Brisbane,R-02,4.32
INV-102348,2025-06-05,C-264,SKU-00053,15,589.00,85.80,Brisbane,R-27,34.63
INV-102349,2024-05-14,C-354,SKU-00050,24,201.00,72.96,Perth,R-07,16.24
INV-102350,2024-01-27,C-040,SKU-00037,2,831.00,72.61,Melbourne,R-05,24.14
INV-102351,2025-04-04,C-096,SKU-00034,6,214.00,77.82,Melbourne,R-16,43.68
INV-102352,2025-06-15,C-106,SKU-00041,10,612.00,73.50,Sydney,R-14,39.53
INV-102353,2024-05-03,C-223,SKU-00015,19,332.00,71.44,Sydney,R-12,37.97
INV-102354,2025-07-06,C-410,SKU-00058,16,513.00,71.84,Brisbane,R-04,37.91
INV-102355,2024-03-07,C-043,SKU-00022,3,477.00,75.96,Brisbane,R-01,28.01
INV-102356,2025-10-09,C-250,SKU-00042,11,292.00,81.29,Perth,R-24,18.04
INV-102357,2024-08-04,C-043,SKU-00013,9,52.00,90.18,Brisbane,R-12,3.41
INV-102358,2025-09-15,C-074,SKU-00027,5,107.00,79.95,Adelaide,R-16,18.00
INV-102359,2025-03-01,C-273,SKU-00051,13,246.00,76.05,Sydney,R-18,15.27
INV-102360,2025-09-09,C-209,SKU-00003,22,237.00,68.41,Newcastle,R-01,27.28
INV-102361,2025-11-28,C-285,SKU-00018,4,268.00,86.44,Melbourne,R-09,0.99
INV-102362,2024-08-20,C-357,SKU-00030,22,439.00,72.38,Newcastle,R-26,42.40
INV-102363,2024-12-04,C-052,SKU-00050,2,201.00,74.36,Newcastle,R-25,13.70
INV-102364,2025-01-07,C-390,SKU-00055,1,703.00,71.33,Adelaide,R-17,14.54
INV-102365,2024-07-11,C-169,SKU-00033,13,111.00,72.15,Melbourne,R-26,9.92
INV-102366,2024-03-02,C-037,SKU-00012,1,822.00,82.23,Adelaide,R-12,25.56
INV-102367,2024-03-24,C-277,SKU-00034,9,214.00,72.36,Newcastle,R-06,41.33
INV-102368,2025-01-19,C-358,SKU-00018,10,268.00,79.20,Melbourne,R-05,20.88
INV-102369,2024-08-14,C-236,SKU-00028,11,722.00,80.96,Newcastle,R-03,19.74
INV-102370,2024-06-01,C-198,SKU-00030,8,439.00,72.28,Melbourne,R-19,26.55
INV-102371,2024-10-26,C-301,SKU-00036,16,224.00,80.80,Melbourne,R-06,44.28
INV-102372,2024-01-27,C-288,SKU-00012,8,822.00,71.68,Newcastle,R-28,36.31
INV-102373,2024-05-02,C-218,SKU-00008,19,232.00,80.94,Newcastle,R-14,42.49
INV-102374,2025-01-19,C-395,SKU-00019,4,357.00,82.28,Sydney,R-19,30.24
INV-102375,2024-09-03,C-177,SKU-00016,21,574.00,76.65,Newcastle,R-11,43.49
INV-102376,2024-03-13,C-306,SKU-00037,15,831.00,77.70,Brisbane,R-06,18.29
INV-102377,2025-11-07,C-187,SKU-00027,5,107.00,86.10,Brisbane,R-27,34.89
INV-102378,2025-09-01,C-408,SKU-00002,20,592.00,83.20,Brisbane,R-02,2.64
INV-102379,2025-03-09,C-146,SKU-00004,17,340.00,78.71,Perth,R-09,5.94
INV-102380,2025-12-17,C-405,SKU-00016,21,574.00,75.73,Brisbane,R-19,34.17
INV-102381,2024-08-01,C-395,SKU-00028,21,722.00,81.69,Sydney,R-26,0.03
INV-102382,2024-05-20,C-098,SKU-00049,23,840.00,79.81,Adelaide,R-25,38.53
INV-102383,2024-08-25,C-070,SKU-00023,11,115.00,82.17,Adelaide,R-24,22.88
INV-102384,2025-06-23,C-175,SKU-00052,16,834.00,77.12,Perth,R-26,26.54
INV-102385,2025-08-03,C-057,SKU-00054,24,714.00,88.56,Sydney,R-11,4.64
INV-102386,2025-05-19,C-297,SKU-00023,4,115.00,83.08,Perth,R-01,11.28
INV-102387,2025-10-09,C-416,SKU-00008,12,232.00,76.44,Melbourne,R-23,7.53
INV-102388,2025-10-13,C-056,SKU-00054,4,714.00,76.92,Adelaide,R-20,14.45
INV-102389,2025-04-13,C-085,SKU-00053,6,589.00,76.86,Newcastle,R-14,0.63
INV-102390,2024-07-26,C-167,SKU-00055,15,703.00,74.11,Sydney,R-28,44.53
INV-102391,2025-05-21,C-371,SKU-00041,21,612.00,77.91,Adelaide,R-04,17.79
INV-102392,2024-11-19,C-185,SKU-00001,9,569.00,76.77,Sydney,R-04,25.04
INV-102393,2024-03-02,C-287,SKU-00050,19,201.00,73.91,Melbourne,R-15,6.48
INV-102394,2024-06-25,C-344,SKU-00003,22,237.00,75.68,Melbourne,R-20,35.59
INV-102395,2024-10-20,C-222,SKU-00022,10,477.00,71.30,Melbourne,R-08,11.56
INV-102396,2024-04-14,C-007,SKU-00048,22,553.00,72.38,Adelaide,R-13,34.33
INV-102397,2024-11-05,C-195,SKU-00006,24,428.00,71.76,Melbourne,R-27,5.67
INV-102398,2025-08-22,C-265,SKU-00035,4,571.00,85.04,Perth,R-24,22.28
INV-102399,2025-03-24,C-419,SKU-00003,16,237.00,78.72,Brisbane,R-11,16.29
INV-102400,2024-11-22,C-153,SKU-00033,22,111.00,68.61,Perth,R-03,21.40
INV-102401,2025-01-26,C-010,SKU-00041,6,612.00,79.44,Perth,R-19,1.35
INV-102402,2025-01-05,C-111,SKU-00052,5,834.00,84.20,Adelaide,R-28,3.01
INV-102403,2024-04-10,C-019,SKU-00052,10,834.00,83.00,Newcastle,R-19,16.64
INV-102404,2025-01-26,C-261,SKU-00056,6,481.00,86.94,Brisbane,R-24,14.24
INV-102405,2024-09-15,C-282,SKU-00058,21,513.00,72.03,Adelaide,R-08,22.30
INV-102406,2025-03-05,C-024,SKU-00003,9,237.00,71.19,Melbourne,R-09,31.48
INV-102407,2025-03-20,C-204,SKU-00048,2,553.00,80.28,Perth,R-10,3.07
INV-102408,2025-06-22,C-101,SKU-00006,13,428.00,75.40,Newcastle,R-04,38.36
INV-102409,2024-04-11,C-358,SKU-00014,5,632.00,76.85,Melbourne,R-19,9.47
INV-102410,2024-11-18,C-007,SKU-00011,22,62.00,81.36,Adelaide,R-26,21.24
INV-102411,2024-09-26,C-270,SKU-00015,13,332.00,75.53,Newcastle,R-06,30.67
INV-102412,2025-03-05,C-342,SKU-00018,10,268.00,81.10,Melbourne,R-03,27.76
INV-102413,2024-06-19,C-325,SKU-00039,5,204.00,76.65,Sydney,R-06,29.45
INV-102414,2024-05-22,C-288,SKU-00046,22,711.00,78.10,Newcastle,R-24,27.91
INV-102415,2024-11-08,C-351,SKU-00032,6,60.00,80.22,Adelaide,R-25,22.08
INV-102416,2024-03-14,C-002,SKU-00028,19,722.00,85.69,Perth,R-09,17.19
INV-102417,2025-01-03,C-399,SKU-00042,4,292.00,85.00,Perth,R-20,44.61
INV-102418,2024-11-26,C-248,SKU-00036,9,224.00,84.42,Newcastle,R-03,8.24
INV-102419,2024-02-13,C-251,SKU-00004,7,340.00,80.22,Perth,R-27,30.87
INV-102420,2024-08-22,C-192,SKU-00014,1,632.00,82.30,Newcastle,R-28,27.91
INV-102421,2025-11-07,C-275,SKU-00005,13,643.00,70.46,Adelaide,R-22,12.22
INV-102422,2025-07-07,C-130,SKU-00049,6,840.00,77.28,Sydney,R-20,20.29
INV-102423,2025-11-22,C-195,SKU-00033,12,111.00,71.16,Melbourne,R-07,27.40
INV-102424,2024-01-25,C-325,SKU-00008,9,232.00,73.44,Sydney,R-07,35.69
INV-102425,2025-01-17,C-412,SKU-00047,18,371.00,82.26,Newcastle,R-04,44.47
INV-102426,2025-01-24,C-330,SKU-00039,1,204.00,72.23,Brisbane,R-22,9.22
INV-102427,2025-03-13,C-419,SKU-00033,20,111.00,76.20,Brisbane,R-23,11.92
INV-102428,2025-01-14,C-107,SKU-00003,8,237.00,84.24,Melbourne,R-24,24.63
INV-102429,2025-05-14,C-142,SKU-00036,17,224.00,77.01,Melbourne,R-05,15.75
INV-102430,2025-04-28,C-223,SKU-00035,8,571.00,65.21,Sydney,R-03,29.38
INV-102431,2025-11-22,C-350,SKU-00058,17,513.00,76.33,Perth,R-08,8.16
INV-102432,2025-09-21,C-320,SKU-00021,24,453.00,79.20,Sydney,R-21,36.76
INV-102433,2025-10-03,C-226,SKU-00036,7,224.00,74.20,Perth,R-26,7.44
INV-102434,2024-07-22,C-315,SKU-00054,5,714.00,88.45,Brisbane,R-13,21.97
INV-102435,2024-07-09,C-339,SKU-00058,9,513.00,73.89,Adelaide,R-06,17.23
INV-102436,2024-09-27,C-142,SKU-00033,9,111.00,76.95,Melbourne,R-27,37.22
INV-102437,2024-05-28,C-251,SKU-00050,11,201.00,71.83,Perth,R-09,11.51
INV-102438,2024-06-01,C-313,SKU-00037,12,831.00,90.36,Sydney,R-02,7.09
INV-102439,2024-02-10,C-010,SKU-00049,14,840.00,88.06,Perth,R-10,20.21
INV-102440,2024-06-27,C-304,SKU-00001,16,569.00,67.56,Melbourne,R-15,41.04
INV-102441,2024-01-19,C-262,SKU-00035,14,571.00,84.14,Adelaide,R-20,44.25
INV-102442,2025-12-04,C-091,SKU-00034,17,214.00,90.61,Brisbane,R-02,15.73
INV-102443,2025-02-24,C-074,SKU-00043,23,320.00,71.30,Adelaide,R-11,6.86
INV-102444,2025-07-12,C-046,SKU-00023,1,115.00,83.02,Perth,R-04,12.50
INV-102445,2025-09-04,C-302,SKU-00014,24,632.00,82.32,Adelaide,R-14,14.18
INV-102446,2025-06-15,C-216,SKU-00011,11,62.00,88.00,Brisbane,R-08,36.74
INV-102447,2025-12-19,C-271,SKU-00058,5,513.00,80.55,Brisbane,R-19,17.37
INV-102448,2024-02-05,C-221,SKU-00037,14,831.00,82.74,Newcastle,R-21,28.20
INV-102449,2025-05-28,C-149,SKU-00024,22,208.00,73.26,Perth,R-11,17.67
INV-102450,2025-09-27,C-104,SKU-00004,16,340.00,70.51,Melbourne,R-18,24.97
INV-102451,2025-05-13,C-328,SKU-00007,19,284.00,81.32,Newcastle,R-28,5.07
INV-102452,2024-12-04,C-088,SKU-00038,4,427.00,87.64,Adelaide,R-28,5.65
INV-102453,2025-06-08,C-073,SKU-00012,22,822.00,74.36,Melbourne,R-03,11.01
INV-102454,2025-10-18,C-309,SKU-00007,12,284.00,70.44,Adelaide,R-20,34.34
INV-102455,2025-02-24,C-155,SKU-00017,9,69.00,76.95,Perth,R-02,14.39
INV-102456,2025-09-22,C-209,SKU-00056,20,481.00,71.40,Newcastle,R-15,11.24
INV-102457,2025-06-12,C-167,SKU-00030,23,439.00,75.21,Sydney,R-12,36.74
INV-102458,2025-12-03,C-078,SKU-00004,11,340.00,75.79,Newcastle,R-04,17.12
INV-102459,2025-04-10,C-007,SKU-00035,16,571.00,86.40,Adelaide,R-18,3.55
INV-102460,2024-08-01,C-057,SKU-00045,8,841.00,70.21,Sydney,R-17,23.43
INV-102461,2024-03-05,C-410,SKU-00055,23,703.00,76.82,Brisbane,R-27,14.37
INV-102462,2024-07-13,C-291,SKU-00050,18,201.00,90.72,Melbourne,R-05,17.10
INV-102463,2024-04-08,C-200,SKU-00006,1,428.00,72.43,Newcastle,R-25,15.28
INV-102464,2024-03-05,C-144,SKU-00057,3,143.00,89.13,Newcastle,R-15,32.34
INV-102465,2024-03-20,C-266,SKU-00051,17,246.00,70.55,Adelaide,R-11,10.01
INV-102466,2024-01-09,C-083,SKU-00005,23,643.00,71.07,Adelaide,R-10,0.49
INV-102467,2024-08-26,C-043,SKU-00005,19,643.00,81.32,Brisbane,R-11,1.00
INV-102468,2024-09-11,C-065,SKU-00024,3,208.00,87.09,Adelaide,R-07,29.05
INV-102469,2025-06-16,C-378,SKU-00006,5,428.00,84.90,Melbourne,R-20,13.54
INV-102470,2025-12-27,C-389,SKU-00010,8,27.00,71.32,Perth,R-15,17.00
INV-102471,2025-01-12,C-331,SKU-00057,15,143.00,87.60,Adelaide,R-15,10.39
INV-102472,2025-07-20,C-175,SKU-00034,21,214.00,72.66,Perth,R-06,11.94
INV-102473,2024-07-14,C-390,SKU-00015,22,332.00,84.48,Adelaide,R-22,12.16
INV-102474,2024-10-15,C-261,SKU-00032,17,60.00,75.14,Brisbane,R-16,19.37
INV-102475,2025-09-16,C-257,SKU-00032,3,60.00,87.87,Brisbane,R-11,37.11
INV-102476,2024-06-16,C-305,SKU-00032,13,60.00,90.35,Perth,R-26,12.45
INV-102477,2025-01-02,C-254,SKU-00053,9,589.00,74.43,Sydney,R-09,18.03
INV-102478,2025-12-21,C-161,SKU-00029,20,291.00,76.20,Perth,R-20,16.98
INV-102479,2025-03-23,C-027,SKU-00058,11,513.00,74.58,Brisbane,R-20,17.39
INV-102480,2025-05-01,C-345,SKU-00038,22,427.00,64.77,Sydney,R-17,23.61
INV-102481,2025-11-19,C-223,SKU-00042,17,292.00,85.00,Sydney,R-10,41.16
INV-102482,2024-12-09,C-329,SKU-00030,8,439.00,79.12,Newcastle,R-05,35.64
INV-102483,2024-01-16,C-367,SKU-00020,11,702.00,70.73,Melbourne,R-10,26.27
INV-102484,2025-04-16,C-197,SKU-00041,1,612.00,82.90,Melbourne,R-22,32.83
INV-102485,2024-03-19,C-336,SKU-00036,15,224.00,71.55,Perth,R-13,26.85
INV-102486,2025-07-01,C-352,SKU-00012,24,822.00,76.56,Melbourne,R-02,39.49
INV-102487,2024-03-11,C-033,SKU-00045,10,841.00,84.30,Adelaide,R-28,7.14
INV-102488,2024-04-21,C-039,SKU-00028,2,722.00,79.92,Perth,R-06,24.81
INV-102489,2025-05-25,C-052,SKU-00006,13,428.00,86.45,Newcastle,R-01,42.25
INV-102490,2024-11-14,C-339,SKU-00015,8,332.00,64.77,Adelaide,R-27,23.23
INV-102491,2024-07-09,C-299,SKU-00020,4,702.00,75.28,Brisbane,R-09,32.16
INV-102492,2025-02-18,C-166,SKU-00047,23,371.00,70.38,Adelaide,R-12,34.01
INV-102493,2024-04-16,C-315,SKU-00049,16,840.00,78.40,Brisbane,R-25,26.68
INV-102494,2024-09-05,C-040,SKU-00027,15,107.00,75.15,Melbourne,R-06,17.77
INV-102495,2024-11-28,C-166,SKU-00035,19,571.00,72.39,Adelaide,R-26,23.31
INV-102496,2024-07-23,C-297,SKU-00039,18,204.00,72.00,Perth,R-15,42.48
INV-102497,2025-02-21,C-111,SKU-00021,20,453.00,81.60,Adelaide,R-20,19.39
INV-102498,2024-01-26,C-164,SKU-00058,2,513.00,76.32,Perth,R-16,44.45
INV-102499,2024-06-05,C-418,SKU-00013,1,52.00,88.52,Brisbane,R-07,3.90
INV-102500,2025-09-23,C-354,SKU-00043,16,320.00,70.07,Perth,R-07,22.12
INV-102501,2024-07-23,C-327,SKU-00051,16,246.00,81.44,Adelaide,R-02,3.43
INV-102502,2025-07-14,C-015,SKU-00007,16,284.00,88.80,Sydney,R-14,2.91
INV-102503,2025-05-02,C-166,SKU-00011,15,62.00,71.85,Adelaide,R-15,14.80
INV-102504,2024-08-23,C-208,SKU-00037,11,831.00,89.32,Perth,R-15,39.35
INV-102505,2024-07-26,C-053,SKU-00002,17,592.00,73.27,Perth,R-20,25.56
INV-102506,2025-02-23,C-276,SKU-00032,6,60.00,86.28,Perth,R-24,32.90
INV-102507,2024-07-20,C-071,SKU-00007,1,284.00,80.96,Brisbane,R-10,43.95
INV-102508,2024-06-20,C-043,SKU-00015,19,332.00,86.64,Brisbane,R-27,17.38
INV-102509,2024-07-08,C-229,SKU-00026,20,405.00,89.40,Brisbane,R-16,38.60
INV-102510,2025-01-02,C-391,SKU-00045,8,841.00,66.09,Sydney,R-15,38.32
INV-102511,2025-08-28,C-349,SKU-00003,15,237.00,76.95,Sydney,R-01,27.21
INV-102512,2024-03-06,C-091,SKU-00038,5,427.00,71.90,Brisbane,R-10,21.85
INV-102513,2024-03-09,C-042,SKU-00030,6,439.00,81.84,Sydney,R-16,44.08
INV-102514,2025-11-17,C-353,SKU-00021,19,453.00,89.11,Adelaide,R-12,33.61
INV-102515,2024-09-01,C-412,SKU-00046,21,711.00,79.38,Newcastle,R-05,37.25
INV-102516,2025-05-11,C-269,SKU-00005,8,643.00,81.44,Newcastle,R-17,43.34
INV-102517,2024-04-08,C-062,SKU-00022,2,477.00,86.36,Perth,R-24,18.33
INV-102518,2024-12-07,C-345,SKU-00046,6,711.00,79.98,Sydney,R-21,0.04
INV-102519,2025-07-11,C-143,SKU-00029,7,291.00,74.55,Adelaide,R-20,29.88
INV-102520,2024-03-01,C-403,SKU-00022,17,477.00,64.75,Perth,R-28,7.53
INV-102521,2025-02-22,C-071,SKU-00050,11,201.00,75.13,Brisbane,R-22,26.51
INV-102522,2025-12-03,C-110,SKU-00004,8,340.00,77.68,Brisbane,R-12,43.02
INV-102523,2024-08-13,C-305,SKU-00024,8,208.00,81.36,Perth,R-09,16.14
INV-102524,2025-04-09,C-155,SKU-00051,24,246.00,76.08,Perth,R-21,7.60
INV-102525,2024-02-16,C-057,SKU-00044,14,183.00,70.42,Sydney,R-19,35.00
INV-102526,2025-09-07,C-181,SKU-00051,21,246.00,71.61,Perth,R-09,22.29
INV-102527,2024-04-10,C-241,SKU-00047,8,371.00,73.36,Newcastle,R-11,25.34
INV-102528,2024-09-10,C-401,SKU-00022,13,477.00,74.75,Perth,R-18,5.75
INV-102529,2024-04-22,C-034,SKU-00046,21,711.00,90.30,Sydney,R-01,18.21
INV-102530,2024-02-16,C-240,SKU-00048,21,553.00,81.34,Adelaide,R-27,5.55
INV-102531,2024-05-16,C-134,SKU-00022,11,477.00,75.46,Melbourne,R-02,11.05
INV-102532,2025-09-13,C-012,SKU-00001,19,569.00,83.79,Melbourne,R-28,26.91
INV-102533,2024-04-20,C-047,SKU-00049,22,840.00,86.02,Perth,R-27,43.25
INV-102534,2024-10-14,C-214,SKU-00012,22,822.00,84.92,Perth,R-07,14.32
INV-102535,2025-03-18,C-401,SKU-00043,4,320.00,73.72,Perth,R-21,19.12
INV-102536,2025-03-23,C-024,SKU-00028,22,722.00,77.22,Melbourne,R-07,30.19
INV-102537,2024-05-03,C-188,SKU-00024,9,208.00,71.82,Perth,R-20,13.24
INV-102538,2024-04-27,C-340,SKU-00022,6,477.00,87.72,Newcastle,R-16,41.66
INV-102539,2025-11-05,C-189,SKU-00039,7,204.00,77.14,Brisbane,R-14,13.23
INV-102540,2025-01-11,C-367,SKU-00008,10,232.00,67.25,Melbourne,R-02,18.90
INV-102541,2024-10-15,C-022,SKU-00032,22,60.00,74.80,Adelaide,R-02,11.52
INV-102542,2025-11-22,C-264,SKU-00057,2,143.00,77.08,Brisbane,R-27,15.99
INV-102543,2025-07-28,C-043,SKU-00007,15,284.00,80.25,Brisbane,R-23,33.88
INV-102544,2024-11-19,C-106,SKU-00011,21,62.00,73.50,Sydney,R-01,12.41
INV-102545,2024-09-06,C-304,SKU-00040,9,257.00,77.40,Melbourne,R-16,34.88
INV-102546,2024-08-11,C-395,SKU-00027,21,107.00,84.21,Sydney,R-08,37.55
INV-102547,2024-06-08,C-031,SKU-00043,21,320.00,75.18,Newcastle,R-06,17.99
INV-102548,2024-04-07,C-282,SKU-00055,4,703.00,70.92,Adelaide,R-03,21.75
INV-102549,2025-04-05,C-003,SKU-00004,8,340.00,77.44,Newcastle,R-12,44.33
INV-102550,2025-12-27,C-257,SKU-00039,21,204.00,65.88,Brisbane,R-12,9.90
INV-102551,2024-09-17,C-198,SKU-00044,7,183.00,71.33,Melbourne,R-25,35.02
INV-102552,2024-01-22,C-111,SKU-00028,8,722.00,76.64,Adelaide,R-17,35.70
INV-102553,2025-09-21,C-100,SKU-00048,17,553.00,70.72,Brisbane,R-12,21.73
INV-102554,2025-08-17,C-395,SKU-00013,7,52.00,74.41,Sydney,R-17,25.06
INV-102555,2024-11-03,C-253,SKU-00029,11,291.00,86.46,Melbourne,R-25,12.93
INV-102556,2025-09-27,C-118,SKU-00019,22,357.00,72.82,Brisbane,R-12,15.80
INV-102557,2024-09-27,C-173,SKU-00004,6,340.00,87.00,Perth,R-25,5.58
INV-102558,2024-10-28,C-156,SKU-00057,19,143.00,75.43,Melbourne,R-04,32.34
INV-102559,2025-12-01,C-200,SKU-00011,21,62.00,90.72,Newcastle,R-10,37.41
INV-102560,2025-05-02,C-417,SKU-00013,21,52.00,75.15,Perth,R-02,39.10
INV-102561,2024-05-21,C-213,SKU-00038,2,427.00,72.78,Brisbane,R-20,4.53
INV-102562,2025-06-25,C-223,SKU-00020,22,702.00,80.52,Sydney,R-07,9.03
INV-102563,2025-11-20,C-393,SKU-00051,20,246.00,76.40,Sydney,R-04,39.72
INV-102564,2025-07-14,C-399,SKU-00018,3,268.00,70.44,Perth,R-27,12.62
INV-102565,2025-10-19,C-273,SKU-00038,1,427.00,76.16,Sydney,R-19,0.07
INV-102566,2024-02-25,C-034,SKU-00009,15,761.00,71.85,Sydney,R-19,43.20
INV-102567,2025-06-03,C-289,SKU-00001,10,569.00,73.70,Perth,R-06,25.64
INV-102568,2024-10-23,C-142,SKU-00024,16,208.00,70.72,Melbourne,R-17,28.73
INV-102569,2024-12-26,C-359,SKU-00052,21,834.00,81.06,Sydney,R-22,27.93
INV-102570,2024-05-20,C-283,SKU-00044,19,183.00,77.61,Brisbane,R-15,31.59
INV-102571,2025-11-18,C-310,SKU-00006,7,428.00,89.60,Perth,R-20,44.71
INV-102572,2025-08-23,C-059,SKU-00033,5,111.00,74.05,Perth,R-11,2.78
INV-102573,2024-09-21,C-193,SKU-00051,9,246.00,73.26,Brisbane,R-16,23.50
INV-102574,2024-01-12,C-257,SKU-00028,16,722.00,71.20,Brisbane,R-22,26.48
INV-102575,2024-11-23,C-004,SKU-00019,17,357.00,78.37,Perth,R-05,19.72
INV-102576,2025-07-26,C-305,SKU-00043,7,320.00,88.06,Perth,R-15,1.17
INV-102577,2024-10-19,C-160,SKU-00043,2,320.00,80.56,Melbourne,R-24,1.16
INV-102578,2024-11-27,C-052,SKU-00024,24,208.00,75.36,Newcastle,R-01,7.76
INV-102579,2024-07-13,C-265,SKU-00021,8,453.00,70.32,Perth,R-09,43.46
INV-102580,2024-12-24,C-394,SKU-00031,16,336.00,66.83,Adelaide,R-15,2.73
INV-102581,2025-01-13,C-327,SKU-00035,8,571.00,76.72,Adelaide,R-04,15.46
INV-102582,2024-10-26,C-198,SKU-00036,18,224.00,70.38,Melbourne,R-08,6.56
INV-102583,2024-07-19,C-190,SKU-00031,14,336.00,72.38,Adelaide,R-25,40.30
INV-102584,2025-10-13,C-058,SKU-00048,11,553.00,78.54,Adelaide,R-12,27.52
INV-102585,2025-02-28,C-227,SKU-00028,21,722.00,73.29,Adelaide,R-02,30.28
INV-102586,2025-06-02,C-239,SKU-00030,4,439.00,83.48,Perth,R-10,26.79
INV-102587,2025-11-06,C-208,SKU-00009,19,761.00,81.32,Perth,R-04,12.99
INV-102588,2024-02-05,C-028,SKU-00013,11,52.00,82.94,Melbourne,R-15,11.97
INV-102589,2024-06-01,C-208,SKU-00019,12,357.00,71.16,Perth,R-12,27.50
INV-102590,2024-05-20,C-215,SKU-00014,7,632.00,78.57,Newcastle,R-01,1.93
INV-102591,2024-02-03,C-194,SKU-00017,2,69.00,70.88,Brisbane,R-17,44.29
INV-102592,2024-02-14,C-370,SKU-00026,4,405.00,72.12,Adelaide,R-28,42.32
INV-102593,2025-12-07,C-062,SKU-00040,21,257.00,73.50,Perth,R-26,28.99
INV-102594,2025-08-22,C-336,SKU-00040,6,257.00,81.36,Perth,R-09,37.35
INV-102595,2025-05-26,C-033,SKU-00054,9,714.00,85.05,Adelaide,R-01,38.98
INV-102596,2024-11-15,C-064,SKU-00028,10,722.00,78.80,Newcastle,R-10,39.32
INV-102597,2024-12-12,C-320,SKU-00027,12,107.00,71.16,Sydney,R-21,4.30
INV-102598,2025-02-12,C-378,SKU-00041,23,612.00,83.03,Melbourne,R-01,6.62
INV-102599,2025-10-01,C-412,SKU-00030,4,439.00,89.76,Newcastle,R-25,23.07
INV-102600,2025-06-14,C-270,SKU-00002,21,592.00,64.72,Newcastle,R-18,14.88
INV-102601,2025-11-28,C-046,SKU-00016,21,574.00,87.36,Perth,R-19,26.66
INV-102602,2025-04-20,C-396,SKU-00005,7,643.00,78.33,Adelaide,R-02,6.99
INV-102603,2025-09-03,C-083,SKU-00028,21,722.00,79.59,Adelaide,R-16,39.81
INV-102604,2024-10-12,C-088,SKU-00058,6,513.00,75.84,Adelaide,R-17,0.65
INV-102605,2024-06-04,C-257,SKU-00021,11,453.00,80.52,Brisbane,R-25,24.35
INV-102606,2025-10-25,C-063,SKU-00009,22,761.00,87.12,Sydney,R-16,5.24
INV-102607,2025-11-19,C-321,SKU-00052,5,834.00,78.20,Sydney,R-24,9.50
INV-102608,2025-05-28,C-191,SKU-00015,19,332.00,83.41,Newcastle,R-19,24.09
INV-102609,2024-11-18,C-344,SKU-00021,18,453.00,76.86,Melbourne,R-11,1.97
INV-102610,2024-11-01,C-058,SKU-00007,7,284.00,77.02,Adelaide,R-24,18.32
INV-102611,2024-03-08,C-058,SKU-00054,23,714.00,74.06,Adelaide,R-27,22.09
INV-102612,2024-09-21,C-394,SKU-00052,10,834.00,85.00,Adelaide,R-22,20.71
INV-102613,2025-06-20,C-009,SKU-00036,13,224.00,89.31,Brisbane,R-01,2.49
INV-102614,2025-11-11,C-111,SKU-00047,4,371.00,84.84,Adelaide,R-06,13.16
INV-102615,2025-12-18,C-373,SKU-00026,10,405.00,75.80,Newcastle,R-28,25.56
INV-102616,2025-03-18,C-069,SKU-00025,13,345.00,72.93,Sydney,R-02,37.91
INV-102617,2025-12-25,C-407,SKU-00027,6,107.00,76.02,Adelaide,R-08,42.45
INV-102618,2024-06-19,C-269,SKU-00056,6,481.00,83.52,Newcastle,R-18,12.65
INV-102619,2025-11-02,C-014,SKU-00041,7,612.00,79.45,Sydney,R-26,2.56
INV-102620,2025-02-24,C-073,SKU-00032,3,60.00,80.21,Melbourne,R-14,41.85
INV-102621,2025-06-26,C-349,SKU-00026,5,405.00,71.60,Sydney,R-15,41.68
INV-102622,2024-02-21,C-064,SKU-00037,2,831.00,79.96,Newcastle,R-20,19.38
INV-102623,2024-12-19,C-129,SKU-00009,2,761.00,78.88,Adelaide,R-01,28.12
INV-102624,2025-08-01,C-032,SKU-00018,17,268.00,89.76,Brisbane,R-19,40.52
INV-102625,2024-04-04,C-139,SKU-00053,15,589.00,77.70,Perth,R-24,12.97
INV-102626,2025-05-07,C-076,SKU-00004,10,340.00,71.50,Perth,R-25,25.00
INV-102627,2025-03-02,C-333,SKU-00004,12,340.00,84.72,Melbourne,R-25,24.23
INV-102628,2025-09-14,C-419,SKU-00043,21,320.00,84.84,Brisbane,R-10,6.67
INV-102629,2024-09-06,C-398,SKU-00027,9,107.00,87.57,Adelaide,R-27,44.77
INV-102630,2024-09-14,C-035,SKU-00019,1,357.00,80.02,Newcastle,R-28,36.65
INV-102631,2025-05-05,C-112,SKU-00015,6,332.00,81.84,Brisbane,R-20,9.36
INV-102632,2024-11-16,C-132,SKU-00024,10,208.00,86.80,Newcastle,R-12,28.37
INV-102633,2025-06-11,C-394,SKU-00023,6,115.00,73.20,Adelaide,R-19,10.34
INV-102634,2025-11-17,C-130,SKU-00049,4,840.00,73.64,Sydney,R-26,24.78
INV-102635,2024-12-05,C-256,SKU-00012,12,822.00,80.76,Sydney,R-03,8.35
INV-102636,2024-07-16,C-078,SKU-00010,23,27.00,74.75,Newcastle,R-24,36.56
INV-102637,2025-10-19,C-005,SKU-00047,14,371.00,83.72,Brisbane,R-22,19.75
INV-102638,2025-05-08,C-126,SKU-00011,23,62.00,83.72,Perth,R-07,0.29
INV-102639,2025-12-05,C-146,SKU-00050,4,201.00,73.16,Perth,R-08,31.58
INV-102640,2024-08-07,C-273,SKU-00032,15,60.00,66.79,Sydney,R-19,9.64
INV-102641,2025-01-06,C-396,SKU-00007,20,284.00,84.80,Adelaide,R-13,0.77
INV-102642,2025-05-26,C-230,SKU-00012,24,822.00,90.24,Melbourne,R-18,14.10
INV-102643,2025-06-06,C-395,SKU-00047,18,371.00,79.92,Sydney,R-26,26.49
INV-102644,2024-01-16,C-053,SKU-00058,2,513.00,72.88,Perth,R-02,2.17
INV-102645,2025-06-11,C-389,SKU-00047,3,371.00,74.13,Perth,R-01,8.40
INV-102646,2024-03-23,C-012,SKU-00024,18,208.00,75.06,Melbourne,R-06,1.60
INV-102647,2025-01-01,C-058,SKU-00027,4,107.00,81.28,Adelaide,R-21,42.09
INV-102648,2024-03-05,C-078,SKU-00033,15,111.00,75.15,Newcastle,R-02,11.72
INV-102649,2025-10-17,C-099,SKU-00030,3,439.00,78.72,Perth,R-28,23.41
INV-102650,2024-01-24,C-229,SKU-00056,13,481.00,74.15,Brisbane,R-04,28.34
INV-102651,2025-02-08,C-232,SKU-00023,10,115.00,88.40,Perth,R-19,14.55
INV-102652,2025-06-09,C-022,SKU-00009,12,761.00,81.96,Adelaide,R-17,12.27
INV-102653,2024-01-20,C-315,SKU-00050,21,201.00,72.45,Brisbane,R-14,24.26
INV-102654,2025-01-23,C-316,SKU-00029,24,291.00,79.20,Adelaide,R-12,36.63
INV-102655,2024-07-13,C-091,SKU-00015,21,332.00,70.56,Brisbane,R-01,41.24
INV-102656,2025-12-24,C-199,SKU-00048,18,553.00,71.28,Newcastle,R-24,10.37
INV-102657,2025-02-09,C-265,SKU-00038,4,427.00,70.56,Perth,R-27,28.28
INV-102658,2024-01-21,C-365,SKU-00044,20,183.00,87.40,Adelaide,R-11,40.24
INV-102659,2024-03-05,C-029,SKU-00002,2,592.00,72.66,Adelaide,R-13,0.40
INV-102660,2024-07-20,C-377,SKU-00051,5,246.00,71.02,Newcastle,R-04,5.94
INV-102661,2024-05-27,C-258,SKU-00013,20,52.00,76.20,Perth,R-03,43.98
INV-102662,2024-05-10,C-143,SKU-00014,13,632.00,86.19,Adelaide,R-02,24.95
INV-102663,2025-10-20,C-375,SKU-00028,23,722.00,70.61,Newcastle,R-24,37.97
INV-102664,2024-11-23,C-186,SKU-00012,18,822.00,89.82,Brisbane,R-05,24.21
INV-102665,2024-12-04,C-277,SKU-00050,1,201.00,71.94,Newcastle,R-14,39.93
INV-102666,2024-03-16,C-017,SKU-00048,18,553.00,82.44,Adelaide,R-05,7.12
INV-102667,2025-06-06,C-169,SKU-00023,23,115.00,86.48,Melbourne,R-21,30.14
INV-102668,2024-01-21,C-408,SKU-00055,23,703.00,75.21,Brisbane,R-13,29.28
INV-102669,2025-08-18,C-035,SKU-00032,21,60.00,85.89,Newcastle,R-06,27.51
INV-102670,2024-01-09,C-204,SKU-00054,12,714.00,80.37,Perth,R-22,42.41
INV-102671,2024-11-07,C-325,SKU-00042,16,292.00,76.80,Sydney,R-10,11.77
INV-102672,2024-09-08,C-103,SKU-00037,14,831.00,73.22,Sydney,R-18,15.44
INV-102673,2024-04-05,C-092,SKU-00040,11,257.00,71.83,Brisbane,R-08,25.57
INV-102674,2024-06-06,C-089,SKU-00010,24,27.00,80.64,Sydney,R-28,11.91
INV-102675,2024-08-18,C-216,SKU-00005,16,643.00,79.36,Brisbane,R-06,25.94
INV-102676,2024-08-28,C-198,SKU-00004,9,340.00,76.41,Melbourne,R-13,39.47
INV-102677,2025-12-17,C-032,SKU-00046,20,711.00,78.80,Brisbane,R-22,42.49
INV-102678,2024-02-20,C-199,SKU-00051,1,246.00,75.90,Newcastle,R-28,44.21
INV-102679,2024-03-24,C-121,SKU-00044,14,183.00,82.32,Newcastle,R-17,24.29
INV-102680,2024-09-18,C-220,SKU-00004,3,340.00,74.38,Adelaide,R-07,35.67
INV-102681,2025-12-05,C-339,SKU-00034,2,214.00,88.68,Adelaide,R-07,37.32
INV-102682,2025-09-15,C-204,SKU-00043,7,320.00,71.75,Perth,R-03,34.01
INV-102683,2024-12-25,C-331,SKU-00015,11,332.00,87.23,Adelaide,R-01,25.97
INV-102684,2024-07-26,C-201,SKU-00012,11,822.00,78.76,Perth,R-09,0.66
INV-102685,2025-07-15,C-375,SKU-00047,5,371.00,85.45,Newcastle,R-15,5.08
INV-102686,2025-11-26,C-251,SKU-00026,11,405.00,88.66,Perth,R-16,18.90
INV-102687,2024-12-26,C-378,SKU-00038,3,427.00,85.59,Melbourne,R-05,29.40
INV-102688,2025-04-11,C-115,SKU-00040,17,257.00,85.68,Melbourne,R-23,32.93
INV-102689,2025-05-04,C-092,SKU-00041,7,612.00,86.94,Brisbane,R-19,22.03
INV-102690,2024-08-21,C-160,SKU-00055,14,703.00,74.19,Melbourne,R-11,39.29
INV-102691,2024-06-16,C-201,SKU-00018,16,268.00,72.80,Perth,R-04,24.93
INV-102692,2024-11-25,C-158,SKU-00030,9,439.00,72.36,Melbourne,R-05,3.56
INV-102693,2024-01-02,C-206,SKU-00052,21,834.00,84.84,Newcastle,R-08,34.25
INV-102694,2024-05-04,C-386,SKU-00009,11,761.00,76.45,Brisbane,R-19,3.18
INV-102695,2024-02-03,C-006,SKU-00004,10,340.00,74.60,Sydney,R-01,35.85
INV-102696,2025-09-03,C-029,SKU-00058,15,513.00,80.40,Adelaide,R-06,17.60
INV-102697,2025-02-17,C-097,SKU-00049,7,840.00,77.63,Brisbane,R-21,20.90
INV-102698,2025-06-22,C-213,SKU-00048,14,553.00,77.14,Brisbane,R-24,40.76
INV-102699,2025-11-23,C-142,SKU-00008,14,232.00,71.12,Melbourne,R-12,12.37
INV-102700,2024-12-26,C-350,SKU-00045,18,841.00,73.53,Perth,R-25,43.83
INV-102701,2024-09-23,C-333,SKU-00033,17,111.00,84.66,Melbourne,R-11,0.65
INV-102702,2024-11-04,C-135,SKU-00029,4,291.00,76.12,Newcastle,R-01,40.48
INV-102703,2024-08-14,C-413,SKU-00007,20,284.00,89.80,Newcastle,R-15,4.77
INV-102704,2025-02-14,C-273,SKU-00020,5,702.00,86.90,Sydney,R-06,4.21
INV-102705,2025-06-02,C-258,SKU-00047,11,371.00,72.05,Perth,R-21,24.34
INV-102706,2025-12-27,C-138,SKU-00048,23,553.00,81.88,Newcastle,R-14,14.29
INV-102707,2025-05-17,C-281,SKU-00014,5,632.00,76.10,Melbourne,R-12,15.51
INV-102708,2024-12-17,C-208,SKU-00028,4,722.00,70.76,Perth,R-11,44.03
INV-102709,2024-07-09,C-019,SKU-00017,9,69.00,84.06,Newcastle,R-04,22.64
INV-102710,2025-02-17,C-159,SKU-00005,17,643.00,73.66,Melbourne,R-06,29.94
INV-102711,2024-08-06,C-102,SKU-00022,13,477.00,79.43,Adelaide,R-18,36.81
INV-102712,2025-11-16,C-405,SKU-00026,21,405.00,78.33,Brisbane,R-05,37.72
INV-102713,2025-09-15,C-029,SKU-00005,9,643.00,85.68,Adelaide,R-12,34.96
INV-102714,2024-10-11,C-162,SKU-00050,17,201.00,90.27,Perth,R-13,41.08
INV-102715,2024-01-20,C-304,SKU-00044,19,183.00,83.60,Melbourne,R-07,36.57
INV-102716,2025-01-09,C-185,SKU-00042,5,292.00,71.20,Sydney,R-05,7.45
INV-102717,2025-05-14,C-350,SKU-00031,5,336.00,77.85,Perth,R-07,44.40
INV-102718,2024-12-12,C-181,SKU-00021,11,453.00,82.28,Perth,R-14,20.33
INV-102719,2024-08-19,C-234,SKU-00019,9,357.00,72.54,Adelaide,R-23,28.30
INV-102720,2025-09-01,C-150,SKU-00002,18,592.00,82.80,Brisbane,R-14,26.48
INV-102721,2025-06-15,C-103,SKU-00010,21,27.00,76.86,Sydney,R-10,43.59
INV-102722,2024-07-20,C-226,SKU-00056,22,481.00,84.04,Perth,R-27,25.09
INV-102723,2024-10-22,C-022,SKU-00049,4,840.00,83.20,Adelaide,R-18,13.70
INV-102724,2025-01-09,C-236,SKU-00014,10,632.00,87.00,Newcastle,R-22,43.03
INV-102725,2025-06-20,C-210,SKU-00013,19,52.00,80.94,Adelaide,R-14,42.90
INV-102726,2025-06-25,C-085,SKU-00012,4,822.00,83.16,Newcastle,R-27,0.21
INV-102727,2024-11-18,C-351,SKU-00029,19,291.00,90.82,Adelaide,R-16,15.87
INV-102728,2025-06-20,C-266,SKU-00055,14,703.00,88.62,Adelaide,R-06,18.21
INV-102729,2025-02-28,C-127,SKU-00037,6,831.00,72.54,Perth,R-18,2.68
INV-102730,2024-03-13,C-044,SKU-00033,1,111.00,79.42,Brisbane,R-16,28.46
INV-102731,2025-09-10,C-377,SKU-00035,6,571.00,83.34,Newcastle,R-27,18.79
INV-102732,2025-04-21,C-306,SKU-00041,2,612.00,84.52,Brisbane,R-03,27.47
INV-102733,2025-01-28,C-245,SKU-00055,14,703.00,83.72,Perth,R-12,7.66
INV-102734,2025-03-03,C-003,SKU-00029,20,291.00,71.80,Newcastle,R-23,15.67
INV-102735,2024-05-22,C-182,SKU-00033,10,111.00,71.00,Perth,R-06,14.33
INV-102736,2025-06-07,C-114,SKU-00034,22,214.00,89.10,Sydney,R-20,26.34
INV-102737,2024-03-12,C-391,SKU-00051,16,246.00,76.64,Sydney,R-20,40.94
INV-102738,2024-12-27,C-033,SKU-00014,24,632.00,74.88,Adelaide,R-03,43.60
INV-102739,2024-12-12,C-201,SKU-00023,19,115.00,75.24,Perth,R-18,12.47
INV-102740,2025-02-01,C-321,SKU-00041,22,612.00,65.38,Sydney,R-18,21.37
INV-102741,2024-04-19,C-232,SKU-00049,19,840.00,83.79,Perth,R-23,23.96
INV-102742,2024-03-02,C-302,SKU-00018,16,268.00,73.12,Adelaide,R-06,6.11
INV-102743,2024-12-11,C-396,SKU-00025,10,345.00,71.00,Adelaide,R-08,2.57
INV-102744,2024-01-17,C-036,SKU-00017,19,69.00,84.55,Melbourne,R-28,37.16
INV-102745,2024-01-14,C-054,SKU-00021,9,453.00,79.02,Brisbane,R-14,27.26
INV-102746,2025-01-03,C-195,SKU-00048,24,553.00,75.84,Melbourne,R-13,28.23
INV-102747,2025-12-04,C-255,SKU-00013,23,52.00,76.13,Sydney,R-03,34.48
INV-102748,2024-03-04,C-339,SKU-00024,20,208.00,72.60,Adelaide,R-11,36.91
INV-102749,2025-07-27,C-105,SKU-00021,15,453.00,75.15,Sydney,R-10,13.41
INV-102750,2024-03-28,C-258,SKU-00044,9,183.00,68.31,Perth,R-04,36.52
INV-102751,2025-10-02,C-007,SKU-00034,21,214.00,87.57,Adelaide,R-27,7.64
INV-102752,2024-04-09,C-104,SKU-00007,19,284.00,70.87,Melbourne,R-01,26.94
INV-102753,2024-01-24,C-002,SKU-00050,16,201.00,76.64,Perth,R-19,21.11
INV-102754,2025-04-08,C-377,SKU-00027,7,107.00,86.10,Newcastle,R-01,35.06
INV-102755,2024-02-08,C-217,SKU-00015,15,332.00,76.80,Newcastle,R-06,22.54
INV-102756,2024-12-02,C-197,SKU-00053,9,589.00,88.20,Melbourne,R-18,0.16
INV-102757,2025-02-22,C-418,SKU-00025,9,345.00,79.29,Brisbane,R-02,1.07
INV-102758,2024-06-05,C-289,SKU-00017,5,69.00,84.75,Perth,R-28,17.01
INV-102759,2024-03-28,C-180,SKU-00007,20,284.00,73.60,Brisbane,R-27,21.12
INV-102760,2025-11-18,C-125,SKU-00031,15,336.00,73.69,Brisbane,R-22,43.27
INV-102761,2025-03-15,C-016,SKU-00042,5,292.00,88.20,Brisbane,R-26,39.97
INV-102762,2024-11-20,C-049,SKU-00039,20,204.00,84.40,Melbourne,R-07,15.85
INV-102763,2024-02-18,C-088,SKU-00054,19,714.00,88.54,Adelaide,R-11,24.93
INV-102764,2024-11-26,C-010,SKU-00024,8,208.00,72.72,Perth,R-22,34.83
INV-102765,2025-05-27,C-226,SKU-00058,16,513.00,72.16,Perth,R-14,18.77
INV-102766,2024-12-14,C-234,SKU-00002,1,592.00,75.68,Adelaide,R-06,10.25
INV-102767,2024-05-20,C-414,SKU-00042,4,292.00,82.68,Melbourne,R-28,27.51
INV-102768,2025-05-01,C-310,SKU-00052,6,834.00,72.84,Perth,R-20,27.31
INV-102769,2024-08-11,C-248,SKU-00020,11,702.00,85.47,Newcastle,R-01,28.59
INV-102770,2025-02-17,C-031,SKU-00058,19,513.00,79.36,Newcastle,R-12,2.78
INV-102771,2025-09-11,C-185,SKU-00037,6,831.00,75.72,Sydney,R-04,25.98
INV-102772,2024-11-16,C-281,SKU-00004,23,340.00,82.34,Melbourne,R-25,3.28
INV-102773,2025-05-03,C-134,SKU-00055,6,703.00,75.24,Melbourne,R-01,42.78
INV-102774,2024-01-14,C-149,SKU-00037,1,831.00,81.60,Perth,R-03,20.69
INV-102775,2024-05-24,C-021,SKU-00030,13,439.00,76.70,Adelaide,R-18,2.02
INV-102776,2024-03-28,C-192,SKU-00024,16,208.00,83.84,Newcastle,R-15,21.05
INV-102777,2025-04-10,C-026,SKU-00046,13,711.00,79.17,Melbourne,R-01,35.71
INV-102778,2025-11-02,C-100,SKU-00037,6,831.00,73.20,Brisbane,R-24,15.08
INV-102779,2025-11-13,C-182,SKU-00018,21,268.00,86.10,Perth,R-04,9.87
INV-102780,2024-04-03,C-351,SKU-00023,23,115.00,73.43,Adelaide,R-09,38.80
INV-102781,2025-01-23,C-387,SKU-00042,4,292.00,82.52,Sydney,R-24,30.46
INV-102782,2024-07-08,C-098,SKU-00017,22,69.00,87.12,Adelaide,R-21,9.09
INV-102783,2025-11-19,C-131,SKU-00012,6,822.00,82.14,Adelaide,R-02,20.71
INV-102784,2025-05-02,C-196,SKU-00015,9,332.00,77.58,Adelaide,R-07,3.69
INV-102785,2024-10-28,C-078,SKU-00032,3,60.00,73.23,Newcastle,R-08,13.92
INV-102786,2024-03-22,C-129,SKU-00050,23,201.00,86.48,Adelaide,R-12,14.43
INV-102787,2025-08-06,C-155,SKU-00023,10,115.00,73.20,Perth,R-03,3.00
INV-102788,2024-06-13,C-405,SKU-00020,8,702.00,80.24,Brisbane,R-28,3.32
INV-102789,2025-04-12,C-420,SKU-00001,13,569.00,82.81,Perth,R-21,39.93
INV-102790,2025-08-09,C-105,SKU-00040,21,257.00,80.18,Sydney,R-16,26.56
INV-102791,2024-02-19,C-393,SKU-00021,20,453.00,80.60,Sydney,R-05,42.49
INV-102792,2024-12-10,C-061,SKU-00016,22,574.00,84.04,Sydney,R-27,37.94
INV-102793,2025-09-15,C-161,SKU-00004,22,340.00,81.62,Perth,R-28,4.92
INV-102794,2024-09-07,C-387,SKU-00008,10,232.00,71.20,Sydney,R-15,8.41
INV-102795,2024-04-27,C-016,SKU-00033,21,111.00,70.98,Brisbane,R-12,43.00
INV-102796,2025-02-21,C-195,SKU-00058,22,513.00,75.46,Melbourne,R-10,0.87
INV-102797,2024-10-24,C-080,SKU-00041,18,612.00,73.62,Newcastle,R-25,10.25
INV-102798,2024-01-03,C-188,SKU-00014,7,632.00,84.98,Perth,R-19,44.83
INV-102799,2025-11-24,C-367,SKU-00057,8,143.00,86.48,Melbourne,R-26,26.13
INV-102800,2025-03-16,C-053,SKU-00013,20,52.00,81.33,Perth,R-07,1.35
INV-102801,2025-01-12,C-357,SKU-00029,21,291.00,72.45,Newcastle,R-15,0.04
INV-102802,2025-01-22,C-157,SKU-00009,24,761.00,78.24,Sydney,R-03,22.93
INV-102803,2024-03-02,C-284,SKU-00040,6,257.00,87.78,Melbourne,R-04,19.01
INV-102804,2025-04-08,C-058,SKU-00007,3,284.00,83.64,Adelaide,R-21,38.39
INV-102805,2024-01-07,C-325,SKU-00039,23,204.00,88.32,Sydney,R-17,37.92
INV-102806,2024-10-01,C-143,SKU-00039,16,204.00,74.08,Adelaide,R-01,7.25
INV-102807,2024-03-23,C-189,SKU-00012,14,822.00,86.38,Brisbane,R-16,10.75
INV-102808,2024-06-11,C-204,SKU-00009,11,761.00,73.26,Perth,R-16,28.59
INV-102809,2025-09-14,C-062,SKU-00023,8,115.00,76.16,Perth,R-24,44.44
INV-102810,2025-02-23,C-034,SKU-00024,22,208.00,68.01,Sydney,R-13,11.64
INV-102811,2024-07-28,C-081,SKU-00021,23,453.00,81.19,Sydney,R-26,38.43
INV-102812,2024-06-20,C-381,SKU-00002,4,592.00,88.48,Perth,R-11,25.77
INV-102813,2024-09-23,C-393,SKU-00033,2,111.00,79.98,Sydney,R-24,40.76
INV-102814,2025-03-17,C-165,SKU-00028,21,722.00,74.55,Perth,R-25,15.27
INV-102815,2024-09-25,C-269,SKU-00023,20,115.00,86.40,Newcastle,R-28,43.63
INV-102816,2024-02-11,C-041,SKU-00052,6,834.00,71.46,Adelaide,R-01,22.25
INV-102817,2025-01-11,C-011,SKU-00032,7,60.00,85.61,Melbourne,R-14,17.08
INV-102818,2025-03-06,C-154,SKU-00042,7,292.00,71.54,Newcastle,R-17,19.67
INV-102819,2025-08-28,C-311,SKU-00015,11,332.00,90.75,Newcastle,R-12,0.78
INV-102820,2024-12-25,C-390,SKU-00003,21,237.00,71.87,Adelaide,R-14,3.48
INV-102821,2024-07-06,C-058,SKU-00050,18,201.00,72.36,Adelaide,R-11,41.09
INV-102822,2025-05-27,C-212,SKU-00041,1,612.00,74.46,Perth,R-16,2.48
INV-102823,2024-01-04,C-314,SKU-00053,19,589.00,88.92,Newcastle,R-06,1.87
INV-102824,2024-11-11,C-221,SKU-00017,8,69.00,71.36,Newcastle,R-23,27.23
INV-102825,2025-08-24,C-164,SKU-00032,7,60.00,72.66,Perth,R-20,42.01
INV-102826,2024-08-23,C-216,SKU-00052,16,834.00,71.20,Brisbane,R-09,30.50
INV-102827,2024-05-26,C-244,SKU-00047,13,371.00,71.24,Perth,R-15,29.03
INV-102828,2025-04-18,C-067,SKU-00040,17,257.00,83.81,Adelaide,R-06,23.85
INV-102829,2025-12-27,C-160,SKU-00023,21,115.00,73.71,Melbourne,R-07,42.53
INV-102830,2025-02-18,C-247,SKU-00011,15,62.00,73.55,Sydney,R-04,23.98
INV-102831,2024-12-11,C-045,SKU-00006,1,428.00,73.92,Newcastle,R-23,18.89
INV-102832,2024-11-08,C-416,SKU-00044,15,183.00,90.90,Melbourne,R-28,6.52
INV-102833,2024-04-22,C-291,SKU-00005,1,643.00,89.30,Melbourne,R-09,44.56
INV-102834,2024-07-13,C-351,SKU-00048,18,553.00,86.04,Adelaide,R-04,36.41
INV-102835,2025-05-07,C-102,SKU-00015,5,332.00,80.60,Adelaide,R-02,12.98
INV-102836,2025-08-04,C-060,SKU-00001,18,569.00,87.30,Brisbane,R-09,40.19
INV-102837,2025-03-03,C-301,SKU-00052,2,834.00,77.94,Melbourne,R-01,8.79
INV-102838,2024-03-17,C-257,SKU-00058,1,513.00,71.88,Brisbane,R-19,40.63
INV-102839,2025-12-07,C-375,SKU-00050,5,201.00,77.90,Newcastle,R-17,3.42
INV-102840,2025-03-23,C-029,SKU-00006,16,428.00,70.07,Adelaide,R-08,6.91
INV-102841,2024-07-12,C-287,SKU-00025,10,345.00,83.40,Melbourne,R-21,22.91
INV-102842,2024-10-17,C-107,SKU-00015,21,332.00,85.89,Melbourne,R-15,41.07
INV-102843,2025-03-22,C-042,SKU-00011,8,62.00,77.04,Sydney,R-24,21.53
INV-102844,2024-05-20,C-248,SKU-00047,6,371.00,83.34,Newcastle,R-03,4.91
INV-102845,2024-03-02,C-135,SKU-00050,18,201.00,87.12,Newcastle,R-20,29.88
INV-102846,2025-10-16,C-101,SKU-00048,21,553.00,76.02,Newcastle,R-22,9.65
INV-102847,2024-04-26,C-196,SKU-00010,19,27.00,72.58,Adelaide,R-24,35.83
INV-102848,2024-03-18,C-102,SKU-00009,2,761.00,74.68,Adelaide,R-24,33.83
INV-102849,2025-05-19,C-070,SKU-00057,7,143.00,74.62,Adelaide,R-26,23.67
INV-102850,2024-04-28,C-045,SKU-00035,10,571.00,69.92,Newcastle,R-06,8.39
INV-102851,2024-10-21,C-140,SKU-00019,5,357.00,80.50,Sydney,R-09,5.33
INV-102852,2025-11-24,C-287,SKU-00044,21,183.00,86.10,Melbourne,R-01,35.72
INV-102853,2025-11-01,C-151,SKU-00058,1,513.00,78.02,Melbourne,R-09,18.00
INV-102854,2025-07-27,C-112,SKU-00008,6,232.00,73.32,Brisbane,R-05,43.63
INV-102855,2025-02-02,C-270,SKU-00015,7,332.00,78.61,Newcastle,R-14,8.89
INV-102856,2024-02-17,C-404,SKU-00016,18,574.00,86.22,Adelaide,R-17,21.13
INV-102857,2024-07-02,C-348,SKU-00012,15,822.00,71.40,Sydney,R-06,9.66
INV-102858,2025-04-14,C-093,SKU-00030,24,439.00,76.08,Perth,R-27,21.08
INV-102859,2025-03-25,C-063,SKU-00029,2,291.00,90.68,Sydney,R-14,26.00
INV-102860,2025-09-24,C-396,SKU-00048,18,553.00,67.40,Adelaide,R-10,32.48
INV-102861,2025-08-21,C-269,SKU-00021,4,453.00,74.16,Newcastle,R-02,41.82
INV-102862,2025-09-23,C-292,SKU-00040,14,257.00,77.42,Perth,R-14,1.11
INV-102863,2024-05-13,C-283,SKU-00007,17,284.00,87.55,Brisbane,R-07,14.81
INV-102864,2024-02-11,C-165,SKU-00016,11,574.00,77.88,Perth,R-20,9.90
INV-102865,2025-01-02,C-247,SKU-00019,5,357.00,73.35,Sydney,R-13,6.59
INV-102866,2025-05-21,C-085,SKU-00036,12,224.00,83.76,Newcastle,R-27,18.84
INV-102867,2025-02-01,C-276,SKU-00007,16,284.00,84.96,Perth,R-18,44.33
INV-102868,2025-02-02,C-059,SKU-00005,12,643.00,74.76,Perth,R-09,2.52
INV-102869,2025-01-11,C-401,SKU-00048,22,553.00,88.66,Perth,R-09,26.58
INV-102870,2024-08-21,C-048,SKU-00053,1,589.00,69.30,Newcastle,R-18,43.32
INV-102871,2024-10-17,C-049,SKU-00005,6,643.00,80.04,Melbourne,R-19,5.76
INV-102872,2025-01-08,C-095,SKU-00045,23,841.00,84.64,Sydney,R-09,22.29
INV-102873,2025-12-04,C-211,SKU-00055,5,703.00,74.60,Newcastle,R-07,12.07
INV-102874,2024-02-17,C-106,SKU-00052,7,834.00,84.98,Sydney,R-14,6.57
INV-102875,2025-06-02,C-190,SKU-00028,9,722.00,86.76,Adelaide,R-07,32.79
INV-102876,2025-11-01,C-383,SKU-00046,1,711.00,70.86,Perth,R-27,36.98
INV-102877,2025-03-28,C-258,SKU-00035,17,571.00,87.72,Perth,R-09,30.05
INV-102878,2024-06-06,C-156,SKU-00026,14,405.00,87.22,Melbourne,R-12,30.01
INV-102879,2024-10-26,C-281,SKU-00027,19,107.00,83.41,Melbourne,R-05,0.83
INV-102880,2025-09-18,C-213,SKU-00008,2,232.00,81.38,Brisbane,R-25,39.72
INV-102881,2025-02-21,C-010,SKU-00042,20,292.00,75.20,Perth,R-08,30.80
INV-102882,2024-06-19,C-338,SKU-00018,15,268.00,79.95,Perth,R-06,11.57
INV-102883,2024-09-08,C-362,SKU-00024,21,208.00,75.60,Perth,R-26,0.98
INV-102884,2025-02-04,C-168,SKU-00047,8,371.00,75.68,Brisbane,R-03,3.37
INV-102885,2024-09-01,C-257,SKU-00046,11,711.00,72.27,Brisbane,R-15,9.19
INV-102886,2024-05-02,C-330,SKU-00036,16,224.00,71.04,Brisbane,R-10,39.95
INV-102887,2025-11-27,C-221,SKU-00031,8,336.00,89.68,Newcastle,R-15,30.95
INV-102888,2025-05-27,C-293,SKU-00005,3,643.00,70.71,Adelaide,R-06,27.24
INV-102889,2025-09-20,C-215,SKU-00034,24,214.00,90.48,Newcastle,R-18,32.06
INV-102890,2024-02-03,C-370,SKU-00016,21,574.00,64.72,Adelaide,R-24,39.35
INV-102891,2024-05-12,C-179,SKU-00042,7,292.00,75.32,Newcastle,R-02,30.83
INV-102892,2025-03-01,C-286,SKU-00029,21,291.00,70.98,Brisbane,R-05,39.52
INV-102893,2024-11-02,C-184,SKU-00011,14,62.00,84.56,Brisbane,R-21,42.89
INV-102894,2024-03-21,C-221,SKU-00002,10,592.00,86.70,Newcastle,R-08,44.97
INV-102895,2024-01-22,C-227,SKU-00026,20,405.00,71.60,Adelaide,R-07,2.18
INV-102896,2024-04-13,C-239,SKU-00023,18,115.00,77.58,Perth,R-04,6.11
INV-102897,2024-10-20,C-247,SKU-00023,14,115.00,84.42,Sydney,R-06,9.98
INV-102898,2024-10-03,C-183,SKU-00057,19,143.00,83.60,Perth,R-14,0.26
INV-102899,2025-03-13,C-008,SKU-00058,12,513.00,87.48,Newcastle,R-17,34.87
INV-102900,2025-11-25,C-159,SKU-00032,18,60.00,68.23,Melbourne,R-12,36.78
INV-102901,2024-01-06,C-283,SKU-00008,24,232.00,75.12,Brisbane,R-09,36.57
INV-102902,2025-12-28,C-135,SKU-00012,24,822.00,77.04,Newcastle,R-12,12.09
INV-102903,2025-09-22,C-055,SKU-00043,4,320.00,86.84,Adelaide,R-25,5.97
INV-102904,2025-09-17,C-031,SKU-00037,24,831.00,75.12,Newcastle,R-25,5.90
INV-102905,2025-05-22,C-093,SKU-00002,5,592.00,90.20,Perth,R-10,37.59
INV-102906,2024-12-11,C-085,SKU-00010,12,27.00,89.40,Newcastle,R-22,30.62
INV-102907,2025-08-24,C-057,SKU-00018,2,268.00,89.42,Sydney,R-16,33.19
INV-102908,2025-02-26,C-029,SKU-00051,12,246.00,72.72,Adelaide,R-12,6.78
INV-102909,2024-01-17,C-402,SKU-00054,6,714.00,84.42,Melbourne,R-22,29.12
INV-102910,2024-03-16,C-130,SKU-00011,4,62.00,65.21,Sydney,R-09,19.34
INV-102911,2024-01-25,C-134,SKU-00004,3,340.00,74.19,Melbourne,R-05,32.44
INV-102912,2025-07-13,C-163,SKU-00020,13,702.00,71.24,Newcastle,R-09,17.76
INV-102913,2025-04-06,C-028,SKU-00023,6,115.00,89.28,Melbourne,R-20,11.71
INV-102914,2025-03-16,C-220,SKU-00009,10,761.00,83.60,Adelaide,R-17,18.89
INV-102915,2025-10-15,C-312,SKU-00027,24,107.00,73.92,Perth,R-27,4.75
INV-102916,2024-05-10,C-024,SKU-00030,14,439.00,90.58,Melbourne,R-11,36.99
INV-102917,2025-03-11,C-060,SKU-00051,19,246.00,76.57,Brisbane,R-20,19.45
INV-102918,2024-03-23,C-060,SKU-00054,4,714.00,70.64,Brisbane,R-20,13.19
INV-102919,2025-02-08,C-297,SKU-00020,17,702.00,70.38,Perth,R-25,39.74
INV-102920,2024-04-25,C-191,SKU-00034,14,214.00,69.42,Newcastle,R-23,14.29
INV-102921,2024-07-05,C-200,SKU-00058,6,513.00,84.36,Newcastle,R-01,37.53
INV-102922,2025-11-28,C-110,SKU-00035,5,571.00,89.15,Brisbane,R-25,2.22
INV-102923,2025-12-18,C-078,SKU-00034,23,214.00,79.81,Newcastle,R-26,18.61
INV-102924,2024-04-02,C-364,SKU-00007,7,284.00,82.95,Sydney,R-02,13.00
INV-102925,2024-05-01,C-238,SKU-00022,14,477.00,70.28,Adelaide,R-23,38.17
INV-102926,2024-07-02,C-146,SKU-00057,15,143.00,71.10,Perth,R-25,43.76
INV-102927,2024-03-15,C-358,SKU-00032,18,60.00,81.00,Melbourne,R-19,4.07
INV-102928,2025-11-24,C-214,SKU-00032,22,60.00,76.34,Perth,R-24,44.17
INV-102929,2025-05-24,C-035,SKU-00044,21,183.00,89.25,Newcastle,R-10,34.45
INV-102930,2025-02-22,C-311,SKU-00016,14,574.00,72.13,Newcastle,R-01,25.91
INV-102931,2025-04-05,C-002,SKU-00012,6,822.00,81.84,Perth,R-07,6.07
INV-102932,2025-07-26,C-134,SKU-00057,5,143.00,79.45,Melbourne,R-18,41.34
INV-102933,2024-03-15,C-227,SKU-00037,13,831.00,75.79,Adelaide,R-20,43.95
INV-102934,2024-05-09,C-271,SKU-00058,4,513.00,75.80,Brisbane,R-23,15.73
INV-102935,2024-12-09,C-084,SKU-00035,22,571.00,75.46,Perth,R-20,2.31
INV-102936,2024-04-05,C-342,SKU-00006,18,428.00,82.62,Melbourne,R-13,37.38
INV-102937,2024-05-18,C-153,SKU-00022,22,477.00,70.40,Perth,R-20,23.77
INV-102938,2024-01-19,C-071,SKU-00012,16,822.00,80.80,Brisbane,R-08,15.10
INV-102939,2025-03-09,C-001,SKU-00018,22,268.00,70.84,Adelaide,R-26,21.67
INV-102940,2024-10-04,C-050,SKU-00005,6,643.00,78.33,Newcastle,R-18,14.65
INV-102941,2024-05-06,C-248,SKU-00018,14,268.00,73.64,Newcastle,R-12,16.63
INV-102942,2025-09-12,C-034,SKU-00008,1,232.00,73.67,Sydney,R-28,5.77
INV-102943,2024-06-04,C-085,SKU-00052,9,834.00,72.81,Newcastle,R-04,9.09
INV-102944,2025-09-19,C-292,SKU-00013,8,52.00,72.00,Perth,R-14,27.48
INV-102945,2025-09-01,C-252,SKU-00048,18,553.00,89.64,Brisbane,R-08,15.77
INV-102946,2025-06-26,C-031,SKU-00029,9,291.00,72.09,Newcastle,R-13,39.47
INV-102947,2024-02-07,C-159,SKU-00054,20,714.00,89.40,Melbourne,R-04,30.91
INV-102948,2024-02-16,C-388,SKU-00010,24,27.00,79.20,Adelaide,R-19,10.78
INV-102949,2024-12-05,C-207,SKU-00043,1,320.00,72.71,Melbourne,R-28,26.27
INV-102950,2025-10-05,C-107,SKU-00041,19,612.00,65.03,Melbourne,R-27,31.20
INV-102951,2024-12-27,C-200,SKU-00058,22,513.00,72.82,Newcastle,R-16,2.53
INV-102952,2024-04-06,C-352,SKU-00023,24,115.00,73.44,Melbourne,R-03,0.32
INV-102953,2025-05-12,C-091,SKU-00008,13,232.00,84.50,Brisbane,R-11,19.35
INV-102954,2025-10-25,C-366,SKU-00039,16,204.00,79.52,Melbourne,R-25,15.91
INV-102955,2025-01-08,C-152,SKU-00014,13,632.00,81.77,Melbourne,R-21,17.78
INV-102956,2024-04-16,C-269,SKU-00055,4,703.00,77.88,Newcastle,R-13,29.37
INV-102957,2025-01-08,C-158,SKU-00009,21,761.00,75.81,Melbourne,R-23,7.33
INV-102958,2024-08-02,C-027,SKU-00016,13,574.00,86.71,Brisbane,R-28,6.42
INV-102959,2025-01-01,C-040,SKU-00001,14,569.00,79.10,Melbourne,R-25,12.25
INV-102960,2024-04-06,C-169,SKU-00029,10,291.00,66.61,Melbourne,R-17,42.33
INV-102961,2025-04-04,C-082,SKU-00008,3,232.00,73.47,Melbourne,R-02,29.18
INV-102962,2025-10-21,C-233,SKU-00001,18,569.00,72.90,Sydney,R-27,18.50
INV-102963,2025-02-01,C-371,SKU-00021,19,453.00,70.68,Adelaide,R-08,14.67
INV-102964,2024-09-03,C-094,SKU-00058,22,513.00,77.22,Adelaide,R-08,7.49
INV-102965,2025-03-12,C-160,SKU-00040,20,257.00,72.80,Melbourne,R-13,35.13
INV-102966,2025-12-15,C-105,SKU-00019,2,357.00,79.52,Sydney,R-21,13.79
INV-102967,2025-09-28,C-177,SKU-00016,24,574.00,76.80,Newcastle,R-20,37.83
INV-102968,2024-03-04,C-417,SKU-00028,7,722.00,81.83,Perth,R-01,36.67
INV-102969,2024-07-09,C-010,SKU-00032,15,60.00,72.30,Perth,R-14,11.16
INV-102970,2025-04-17,C-018,SKU-00040,3,257.00,78.44,Melbourne,R-15,11.69
INV-102971,2024-08-16,C-105,SKU-00044,12,183.00,71.16,Sydney,R-26,5.22
INV-102972,2025-06-26,C-143,SKU-00028,7,722.00,74.83,Adelaide,R-05,10.80
INV-102973,2024-05-18,C-203,SKU-00047,7,371.00,74.27,Sydney,R-04,42.08
INV-102974,2024-06-13,C-180,SKU-00043,18,320.00,71.28,Brisbane,R-13,39.76
INV-102975,2025-01-08,C-140,SKU-00023,4,115.00,70.40,Sydney,R-24,42.32
INV-102976,2024-03-17,C-146,SKU-00040,11,257.00,76.01,Perth,R-09,8.52
INV-102977,2025-04-19,C-201,SKU-00001,1,569.00,86.94,Perth,R-20,10.15
INV-102978,2025-03-25,C-302,SKU-00037,19,831.00,71.82,Adelaide,R-25,38.52
INV-102979,2024-03-11,C-253,SKU-00010,23,27.00,82.34,Melbourne,R-03,15.00
INV-102980,2024-03-18,C-234,SKU-00017,22,69.00,74.48,Adelaide,R-10,14.97
INV-102981,2024-08-26,C-066,SKU-00032,19,60.00,75.62,Adelaide,R-07,16.78
INV-102982,2024-01-17,C-018,SKU-00056,7,481.00,75.53,Melbourne,R-17,6.18
INV-102983,2025-04-09,C-006,SKU-00051,13,246.00,79.56,Sydney,R-16,24.40
INV-102984,2024-09-27,C-038,SKU-00029,7,291.00,85.68,Melbourne,R-21,23.66
INV-102985,2025-03-27,C-231,SKU-00016,15,574.00,79.35,Newcastle,R-25,38.53
INV-102986,2024-04-01,C-363,SKU-00027,22,107.00,78.76,Perth,R-27,16.21
INV-102987,2024-05-11,C-055,SKU-00051,4,246.00,77.20,Adelaide,R-07,37.32
INV-102988,2025-10-20,C-056,SKU-00056,10,481.00,76.50,Adelaide,R-22,42.89
INV-102989,2024-04-14,C-318,SKU-00034,12,214.00,76.32,Adelaide,R-18,28.77
INV-102990,2025-12-15,C-097,SKU-00041,5,612.00,68.13,Brisbane,R-05,18.59
INV-102991,2025-08-11,C-228,SKU-00056,24,481.00,78.72,Perth,R-19,12.58
INV-102992,2025-08-05,C-357,SKU-00019,15,357.00,77.70,Newcastle,R-16,24.86
INV-102993,2024-03-07,C-019,SKU-00052,16,834.00,73.92,Newcastle,R-04,2.88
INV-102994,2025-08-27,C-148,SKU-00029,1,291.00,90.53,Melbourne,R-25,19.57
INV-102995,2025-07-11,C-239,SKU-00026,4,405.00,79.88,Perth,R-04,5.72
INV-102996,2025-02-28,C-025,SKU-00054,6,714.00,88.14,Brisbane,R-15,15.64
INV-102997,2025-09-02,C-140,SKU-00022,19,477.00,76.38,Sydney,R-26,23.51
INV-102998,2025-03-26,C-365,SKU-00021,6,453.00,87.06,Adelaide,R-11,9.80
INV-102999,2025-10-02,C-143,SKU-00042,3,292.00,74.76,Adelaide,R-05,13.05
INV-103000,2024-07-27,C-315,SKU-00049,14,840.00,69.17,Brisbane,R-23,15.11
INV-103001,2025-05-06,C-037,SKU-00007,4,284.00,77.48,Adelaide,R-18,31.23
INV-103002,2024-07-10,C-079,SKU-00038,15,427.00,77.25,Newcastle,R-25,13.02
INV-103003,2024-04-26,C-203,SKU-00001,21,569.00,76.02,Sydney,R-02,18.33
INV-103004,2024-08-09,C-373,SKU-00040,10,257.00,79.50,Newcastle,R-12,17.04
INV-103005,2025-01-24,C-051,SKU-00024,9,208.00,77.67,Newcastle,R-20,27.58
INV-103006,2024-09-12,C-261,SKU-00009,17,761.00,82.96,Brisbane,R-11,1.94
INV-103007,2024-05-19,C-167,SKU-00040,10,257.00,79.70,Sydney,R-04,37.30
INV-103008,2024-01-26,C-304,SKU-00031,1,336.00,74.76,Melbourne,R-25,11.96
INV-103009,2025-07-08,C-034,SKU-00021,22,453.00,90.20,Sydney,R-25,12.38
INV-103010,2024-10-23,C-162,SKU-00027,17,107.00,70.85,Perth,R-09,2.09
INV-103011,2024-06-23,C-191,SKU-00023,16,115.00,85.28,Newcastle,R-01,1.46
INV-103012,2025-06-09,C-183,SKU-00017,4,69.00,90.84,Perth,R-21,30.42
INV-103013,2025-10-24,C-254,SKU-00045,15,841.00,80.85,Sydney,R-26,18.55
INV-103014,2024-10-21,C-084,SKU-00021,23,453.00,79.35,Perth,R-14,7.44
INV-103015,2024-02-26,C-036,SKU-00020,7,702.00,83.02,Melbourne,R-13,27.02
INV-103016,2024-11-01,C-030,SKU-00052,5,834.00,71.85,Brisbane,R-28,44.18
INV-103017,2024-12-10,C-200,SKU-00007,4,284.00,90.64,Newcastle,R-28,0.01
INV-103018,2025-03-17,C-395,SKU-00049,11,840.00,75.02,Sydney,R-14,11.32
INV-103019,2025-02-26,C-068,SKU-00001,6,569.00,89.64,Adelaide,R-26,23.11
INV-103020,2025-06-01,C-198,SKU-00056,16,481.00,66.09,Melbourne,R-18,20.23
INV-103021,2025-12-07,C-355,SKU-00033,22,111.00,89.98,Newcastle,R-24,16.53
INV-103022,2025-03-26,C-162,SKU-00041,7,612.00,83.44,Perth,R-08,15.36
INV-103023,2025-11-16,C-280,SKU-00010,11,27.00,81.29,Newcastle,R-01,26.57
INV-103024,2024-02-19,C-269,SKU-00002,23,592.00,83.26,Newcastle,R-22,38.36
INV-103025,2025-04-24,C-161,SKU-00011,16,62.00,74.56,Perth,R-01,15.93
INV-103026,2024-04-20,C-345,SKU-00029,13,291.00,89.31,Sydney,R-13,30.77
INV-103027,2024-03-13,C-015,SKU-00024,6,208.00,74.94,Sydney,R-12,7.26
INV-103028,2024-08-14,C-001,SKU-00020,11,702.00,78.54,Adelaide,R-10,14.41
INV-103029,2024-01-09,C-245,SKU-00049,19,840.00,73.72,Perth,R-24,37.41
INV-103030,2025-03-01,C-247,SKU-00026,1,405.00,68.10,Sydney,R-22,7.46
INV-103031,2024-12-20,C-277,SKU-00050,4,201.00,80.92,Newcastle,R-19,14.75
INV-103032,2024-03-20,C-115,SKU-00003,20,237.00,81.60,Melbourne,R-26,33.36
INV-103033,2025-12-18,C-346,SKU-00007,15,284.00,78.45,Newcastle,R-22,8.78
INV-103034,2024-03-21,C-137,SKU-00049,1,840.00,84.55,Perth,R-10,34.74
INV-103035,2025-06-12,C-023,SKU-00012,13,822.00,85.15,Perth,R-09,26.07
INV-103036,2024-05-23,C-377,SKU-00021,17,453.00,72.08,Newcastle,R-01,11.38
INV-103037,2024-12-23,C-063,SKU-00037,8,831.00,70.72,Sydney,R-21,40.32
INV-103038,2025-07-04,C-311,SKU-00040,18,257.00,78.48,Newcastle,R-10,36.40
INV-103039,2025-10-03,C-126,SKU-00011,6,62.00,89.04,Perth,R-28,37.22
INV-103040,2024-06-16,C-144,SKU-00056,7,481.00,68.78,Newcastle,R-22,4.25
INV-103041,2025-12-24,C-366,SKU-00025,5,345.00,72.60,Melbourne,R-04,26.16
INV-103042,2025-04-26,C-375,SKU-00004,18,340.00,80.46,Newcastle,R-27,18.18
INV-103043,2025-11-18,C-188,SKU-00044,23,183.00,90.62,Perth,R-16,28.63
INV-103044,2024-11-21,C-270,SKU-00004,3,340.00,76.32,Newcastle,R-16,36.68
INV-103045,2024-07-10,C-205,SKU-00041,8,612.00,82.64,Sydney,R-18,26.01
INV-103046,2025-11-26,C-333,SKU-00026,8,405.00,75.68,Melbourne,R-06,30.34
INV-103047,2025-04-19,C-354,SKU-00044,3,183.00,87.66,Perth,R-01,8.97
INV-103048,2025-06-25,C-369,SKU-00034,20,214.00,84.60,Adelaide,R-21,7.49
INV-103049,2025-12-12,C-063,SKU-00004,24,340.00,81.60,Sydney,R-09,16.61
INV-103050,2024-09-26,C-194,SKU-00032,4,60.00,79.23,Brisbane,R-17,16.44
INV-103051,2024-12-06,C-120,SKU-00048,5,553.00,89.20,Adelaide,R-04,24.99
INV-103052,2025-07-13,C-012,SKU-00029,19,291.00,70.68,Melbourne,R-25,28.42
INV-103053,2024-12-14,C-409,SKU-00023,17,115.00,89.08,Sydney,R-18,5.92
INV-103054,2025-11-23,C-220,SKU-00058,22,513.00,77.66,Adelaide,R-18,28.08
INV-103055,2024-01-23,C-128,SKU-00018,10,268.00,79.10,Newcastle,R-16,12.39
INV-103056,2024-05-25,C-091,SKU-00009,6,761.00,85.20,Brisbane,R-11,43.56
INV-103057,2025-04-04,C-333,SKU-00003,23,237.00,82.34,Melbourne,R-10,4.95
INV-103058,2024-03-10,C-078,SKU-00014,20,632.00,86.80,Newcastle,R-10,12.86
INV-103059,2024-02-24,C-135,SKU-00046,6,711.00,90.84,Newcastle,R-15,42.80
INV-103060,2024-01-10,C-288,SKU-00017,5,69.00,80.96,Newcastle,R-28,23.05
INV-103061,2024-05-08,C-208,SKU-00058,6,513.00,74.70,Perth,R-07,20.46
INV-103062,2025-01-24,C-069,SKU-00005,21,643.00,76.65,Sydney,R-10,38.63
INV-103063,2024-12-16,C-169,SKU-00046,17,711.00,83.30,Melbourne,R-04,35.48
INV-103064,2024-03-04,C-105,SKU-00017,5,69.00,83.10,Sydney,R-22,40.26
INV-103065,2024-09-08,C-267,SKU-00054,12,714.00,79.80,Sydney,R-10,27.86
INV-103066,2025-10-13,C-353,SKU-00009,21,761.00,90.72,Adelaide,R-17,34.70
INV-103067,2025-09-22,C-251,SKU-00031,22,336.00,80.30,Perth,R-10,34.82
INV-103068,2025-04-11,C-365,SKU-00011,5,62.00,72.60,Adelaide,R-12,31.16
INV-103069,2024-02-23,C-297,SKU-00045,6,841.00,86.40,Perth,R-24,18.98
INV-103070,2024-07-23,C-113,SKU-00058,12,513.00,73.08,Brisbane,R-25,2.52
INV-103071,2024-07-13,C-053,SKU-00058,5,513.00,71.35,Perth,R-01,36.83
INV-103072,2025-05-27,C-012,SKU-00045,14,841.00,71.26,Melbourne,R-20,2.53
INV-103073,2025-08-07,C-208,SKU-00038,15,427.00,78.00,Perth,R-09,7.98
INV-103074,2024-09-17,C-161,SKU-00035,7,571.00,73.57,Perth,R-03,19.82
INV-103075,2025-08-08,C-011,SKU-00008,2,232.00,79.30,Melbourne,R-23,44.26
INV-103076,2025-03-21,C-364,SKU-00008,12,232.00,73.92,Sydney,R-06,6.60
INV-103077,2024-10-05,C-231,SKU-00053,10,589.00,86.60,Newcastle,R-22,36.75
INV-103078,2025-08-07,C-385,SKU-00037,23,831.00,87.17,Sydney,R-26,40.99
INV-103079,2025-02-03,C-304,SKU-00019,19,357.00,73.53,Melbourne,R-09,38.26
INV-103080,2024-10-09,C-058,SKU-00034,5,214.00,76.54,Adelaide,R-21,36.23
INV-103081,2024-05-03,C-176,SKU-00040,24,257.00,84.24,Sydney,R-15,8.36
INV-103082,2025-08-17,C-352,SKU-00038,11,427.00,78.54,Melbourne,R-19,20.80
INV-103083,2025-10-13,C-208,SKU-00040,11,257.00,82.83,Perth,R-17,5.41
INV-103084,2025-09-13,C-188,SKU-00043,15,320.00,75.75,Perth,R-20,10.55
INV-103085,2025-03-11,C-058,SKU-00031,16,336.00,76.48,Adelaide,R-20,10.81
INV-103086,2024-04-20,C-101,SKU-00007,16,284.00,87.84,Newcastle,R-24,19.42
INV-103087,2024-07-06,C-386,SKU-00035,11,571.00,70.29,Brisbane,R-09,17.73
INV-103088,2025-10-18,C-281,SKU-00056,4,481.00,81.56,Melbourne,R-15,8.61
INV-103089,2024-05-12,C-026,SKU-00035,14,571.00,86.10,Melbourne,R-21,32.20
INV-103090,2025-12-02,C-074,SKU-00016,3,574.00,68.56,Adelaide,R-22,38.64
INV-103091,2024-06-26,C-017,SKU-00007,12,284.00,78.60,Adelaide,R-10,39.38
INV-103092,2025-09-20,C-333,SKU-00025,13,345.00,76.70,Melbourne,R-12,36.52
INV-103093,2024-08-25,C-324,SKU-00046,13,711.00,79.69,Newcastle,R-12,4.65
INV-103094,2024-01-06,C-262,SKU-00045,11,841.00,73.15,Adelaide,R-25,1.00
INV-103095,2025-09-27,C-126,SKU-00013,24,52.00,81.12,Perth,R-06,1.14
INV-103096,2024-11-20,C-122,SKU-00022,15,477.00,85.05,Brisbane,R-17,30.56
INV-103097,2025-10-24,C-220,SKU-00004,10,340.00,73.30,Adelaide,R-03,15.78
INV-103098,2025-04-09,C-307,SKU-00041,5,612.00,73.00,Newcastle,R-18,0.42
INV-103099,2024-04-21,C-012,SKU-00033,22,111.00,84.26,Melbourne,R-13,18.05
INV-103100,2024-01-20,C-160,SKU-00016,5,574.00,81.79,Melbourne,R-25,35.06
INV-103101,2025-03-22,C-252,SKU-00018,21,268.00,81.27,Brisbane,R-13,24.34
INV-103102,2024-07-24,C-084,SKU-00037,16,831.00,83.84,Perth,R-27,35.36
INV-103103,2025-11-27,C-223,SKU-00009,24,761.00,83.04,Sydney,R-28,20.66
INV-103104,2024-08-05,C-318,SKU-00017,17,69.00,90.78,Adelaide,R-22,3.34
INV-103105,2024-11-28,C-364,SKU-00057,10,143.00,74.60,Sydney,R-04,15.68
INV-103106,2024-10-05,C-243,SKU-00054,19,714.00,81.70,Melbourne,R-08,1.32
INV-103107,2024-08-10,C-187,SKU-00007,3,284.00,75.66,Brisbane,R-10,1.13
INV-103108,2024-06-26,C-239,SKU-00040,2,257.00,86.44,Perth,R-19,11.18
INV-103109,2025-01-12,C-054,SKU-00038,16,427.00,80.32,Brisbane,R-09,10.99
INV-103110,2025-12-09,C-265,SKU-00029,16,291.00,71.10,Perth,R-09,2.24
INV-103111,2024-02-19,C-122,SKU-00024,14,208.00,80.08,Brisbane,R-10,27.86
INV-103112,2024-01-12,C-302,SKU-00043,9,320.00,81.36,Adelaide,R-16,26.50
INV-103113,2025-07-10,C-018,SKU-00024,22,208.00,83.16,Melbourne,R-28,25.06
INV-103114,2025-08-12,C-042,SKU-00012,24,822.00,71.52,Sydney,R-20,21.37
INV-103115,2024-06-05,C-327,SKU-00045,14,841.00,71.68,Adelaide,R-16,8.11
INV-103116,2025-09-16,C-087,SKU-00058,6,513.00,81.54,Melbourne,R-13,11.79
INV-103117,2025-06-12,C-244,SKU-00036,22,224.00,77.22,Perth,R-11,41.08
INV-103118,2025-07-03,C-133,SKU-00047,13,371.00,70.46,Brisbane,R-02,40.06
INV-103119,2025-02-03,C-328,SKU-00043,12,320.00,83.04,Newcastle,R-28,43.57
INV-103120,2025-07-03,C-371,SKU-00022,7,477.00,72.00,Adelaide,R-05,30.99
INV-103121,2024-04-18,C-079,SKU-00050,4,201.00,82.40,Newcastle,R-04,28.80
INV-103122,2024-08-07,C-310,SKU-00055,16,703.00,78.08,Perth,R-23,0.29
INV-103123,2025-12-18,C-383,SKU-00003,18,237.00,74.16,Perth,R-16,29.10
INV-103124,2024-04-02,C-403,SKU-00037,2,831.00,72.72,Perth,R-27,41.44
INV-103125,2025-06-07,C-297,SKU-00040,6,257.00,89.94,Perth,R-19,33.18
INV-103126,2025-03-25,C-155,SKU-00041,6,612.00,71.22,Perth,R-09,33.08
INV-103127,2024-11-06,C-380,SKU-00002,2,592.00,85.56,Adelaide,R-19,41.93
INV-103128,2025-11-14,C-183,SKU-00053,24,589.00,85.92,Perth,R-25,33.28
INV-103129,2025-02-16,C-272,SKU-00006,10,428.00,81.80,Adelaide,R-09,41.27
INV-103130,2025-01-28,C-308,SKU-00048,12,553.00,77.61,Melbourne,R-26,10.88
INV-103131,2025-11-19,C-402,SKU-00019,7,357.00,88.48,Melbourne,R-24,12.24
INV-103132,2025-11-28,C-105,SKU-00030,7,439.00,74.97,Sydney,R-27,39.41
INV-103133,2024-03-08,C-221,SKU-00058,14,513.00,86.80,Newcastle,R-07,31.77
INV-103134,2024-05-23,C-337,SKU-00045,9,841.00,78.66,Sydney,R-27,41.00
INV-103135,2024-10-05,C-199,SKU-00001,17,569.00,86.19,Newcastle,R-05,27.98
INV-103136,2025-08-11,C-143,SKU-00005,10,643.00,75.10,Adelaide,R-15,17.31
INV-103137,2025-03-12,C-198,SKU-00023,19,115.00,70.87,Melbourne,R-26,25.71
INV-103138,2025-09-21,C-210,SKU-00042,14,292.00,75.46,Adelaide,R-03,36.04
INV-103139,2025-10-06,C-368,SKU-00045,17,841.00,76.84,Sydney,R-08,7.64
INV-103140,2025-05-26,C-030,SKU-00002,14,592.00,66.59,Brisbane,R-27,41.05
INV-103141,2024-01-09,C-320,SKU-00001,11,569.00,87.89,Sydney,R-25,5.82
INV-103142,2025-09-15,C-214,SKU-00017,12,69.00,71.52,Perth,R-14,11.05
INV-103143,2025-10-09,C-145,SKU-00021,20,453.00,90.00,Sydney,R-12,44.03
INV-103144,2024-01-09,C-418,SKU-00035,14,571.00,73.22,Brisbane,R-19,42.90
INV-103145,2025-12-18,C-080,SKU-00009,16,761.00,70.40,Newcastle,R-05,5.91
INV-103146,2024-02-14,C-308,SKU-00010,6,27.00,82.56,Melbourne,R-05,25.20
INV-103147,2025-04-20,C-178,SKU-00045,13,841.00,74.88,Newcastle,R-22,33.61
INV-103148,2025-07-12,C-088,SKU-00046,20,711.00,84.20,Adelaide,R-16,40.90
INV-103149,2024-03-18,C-058,SKU-00010,2,27.00,82.52,Adelaide,R-12,37.81
INV-103150,2024-05-16,C-137,SKU-00041,1,612.00,65.95,Perth,R-22,24.82
INV-103151,2025-07-28,C-068,SKU-00001,6,569.00,70.68,Adelaide,R-26,5.36
INV-103152,2024-06-10,C-103,SKU-00057,19,143.00,70.49,Sydney,R-23,29.09
INV-103153,2025-07-16,C-407,SKU-00047,18,371.00,85.50,Adelaide,R-17,38.38
INV-103154,2025-05-04,C-329,SKU-00011,5,62.00,89.15,Newcastle,R-05,31.33
INV-103155,2024-07-26,C-239,SKU-00026,5,405.00,70.80,Perth,R-13,2.95
INV-103156,2024-08-02,C-129,SKU-00017,16,69.00,80.80,Adelaide,R-21,36.18
INV-103157,2025-04-19,C-065,SKU-00025,20,345.00,86.40,Adelaide,R-09,18.59
INV-103158,2025-03-13,C-117,SKU-00007,19,284.00,78.85,Adelaide,R-27,13.67
INV-103159,2025-01-03,C-395,SKU-00018,18,268.00,81.90,Sydney,R-06,29.37
INV-103160,2025-06-15,C-154,SKU-00021,9,453.00,70.79,Newcastle,R-01,42.65
INV-103161,2024-10-08,C-369,SKU-00044,2,183.00,74.10,Adelaide,R-20,28.24
INV-103162,2024-09-21,C-412,SKU-00015,1,332.00,82.02,Newcastle,R-27,24.24
INV-103163,2025-12-16,C-238,SKU-00041,19,612.00,79.61,Adelaide,R-04,7.36
INV-103164,2025-04-05,C-118,SKU-00010,18,27.00,71.82,Brisbane,R-04,22.32
INV-103165,2024-05-09,C-147,SKU-00033,12,111.00,71.28,Sydney,R-04,25.18
INV-103166,2024-12-20,C-267,SKU-00022,18,477.00,75.96,Sydney,R-18,4.01
INV-103167,2024-06-17,C-154,SKU-00031,7,336.00,71.19,Newcastle,R-06,12.49
INV-103168,2025-03-10,C-237,SKU-00011,14,62.00,79.94,Brisbane,R-17,40.93
INV-103169,2024-01-03,C-255,SKU-00040,5,257.00,76.30,Sydney,R-12,39.50
INV-103170,2025-10-25,C-060,SKU-00035,9,571.00,67.98,Brisbane,R-18,9.01
INV-103171,2024-02-17,C-073,SKU-00036,11,224.00,70.29,Melbourne,R-04,35.29
INV-103172,2024-07-11,C-267,SKU-00038,10,427.00,90.00,Sydney,R-12,18.86
INV-103173,2025-09-07,C-364,SKU-00006,22,428.00,76.56,Sydney,R-23,13.18
INV-103174,2025-09-13,C-012,SKU-00044,22,183.00,84.26,Melbourne,R-06,0.47
INV-103175,2024-09-14,C-174,SKU-00038,5,427.00,76.50,Brisbane,R-14,16.25
INV-103176,2025-10-18,C-102,SKU-00033,18,111.00,86.22,Adelaide,R-10,43.55
INV-103177,2025-01-16,C-166,SKU-00053,1,589.00,80.80,Adelaide,R-08,40.01
INV-103178,2025-06-01,C-148,SKU-00017,3,69.00,84.39,Melbourne,R-02,14.94
INV-103179,2024-11-23,C-075,SKU-00015,9,332.00,85.32,Brisbane,R-28,11.67
INV-103180,2024-10-17,C-296,SKU-00033,3,111.00,75.15,Newcastle,R-19,43.41
INV-103181,2025-07-02,C-264,SKU-00027,17,107.00,86.87,Brisbane,R-10,42.98
INV-103182,2024-10-06,C-142,SKU-00026,18,405.00,70.74,Melbourne,R-21,34.70
INV-103183,2024-10-26,C-109,SKU-00032,7,60.00,75.11,Sydney,R-03,33.14
INV-103184,2024-12-03,C-133,SKU-00050,7,201.00,71.89,Brisbane,R-07,23.27
INV-103185,2025-09-25,C-319,SKU-00052,22,834.00,73.70,Perth,R-13,31.66
INV-103186,2025-03-06,C-192,SKU-00025,11,345.00,86.35,Newcastle,R-04,30.54
INV-103187,2024-01-15,C-370,SKU-00012,9,822.00,87.66,Adelaide,R-17,5.67
INV-103188,2024-04-21,C-343,SKU-00056,16,481.00,83.68,Newcastle,R-27,13.29
INV-103189,2025-07-14,C-398,SKU-00036,23,224.00,82.80,Adelaide,R-23,31.91
INV-103190,2024-02-23,C-036,SKU-00036,3,224.00,68.12,Melbourne,R-08,27.77
INV-103191,2025-11-18,C-303,SKU-00042,12,292.00,78.84,Perth,R-10,3.77
INV-103192,2025-02-22,C-401,SKU-00020,20,702.00,74.60,Perth,R-05,34.87
INV-103193,2025-12-23,C-384,SKU-00056,6,481.00,90.90,Perth,R-01,8.50
INV-103194,2025-06-02,C-153,SKU-00052,6,834.00,84.90,Perth,R-20,34.89
INV-103195,2025-03-09,C-153,SKU-00057,10,143.00,76.10,Perth,R-01,27.44
INV-103196,2024-10-26,C-356,SKU-00043,8,320.00,76.96,Perth,R-26,41.92
INV-103197,2024-08-12,C-267,SKU-00026,17,405.00,87.89,Sydney,R-08,36.15
INV-103198,2024-10-22,C-392,SKU-00021,7,453.00,89.46,Sydney,R-09,2.60
INV-103199,2025-12-28,C-044,SKU-00029,20,291.00,79.60,Brisbane,R-19,20.65
INV-103200,2024-11-19,C-220,SKU-00029,22,291.00,74.08,Adelaide,R-20,1.07
INV-103201,2024-04-23,C-129,SKU-00046,4,711.00,72.28,Adelaide,R-11,11.40
INV-103202,2025-12-14,C-359,SKU-00019,14,357.00,86.80,Sydney,R-08,41.89
INV-103203,2025-07-11,C-162,SKU-00039,4,204.00,78.44,Perth,R-14,36.77
INV-103204,2024-11-15,C-102,SKU-00058,8,513.00,70.96,Adelaide,R-22,5.42
INV-103205,2024-07-06,C-155,SKU-00009,19,761.00,71.82,Perth,R-08,30.68
INV-103206,2025-09-28,C-099,SKU-00044,12,183.00,80.52,Perth,R-13,8.15
INV-103207,2025-12-22,C-226,SKU-00057,1,143.00,70.37,Perth,R-27,41.16
INV-103208,2024-01-04,C-386,SKU-00045,2,841.00,80.60,Brisbane,R-05,7.61
INV-103209,2024-07-17,C-128,SKU-00028,22,722.00,87.34,Newcastle,R-07,44.49
INV-103210,2024-06-03,C-305,SKU-00038,12,427.00,73.42,Perth,R-16,9.90
INV-103211,2024-12-24,C-301,SKU-00009,17,761.00,72.76,Melbourne,R-15,35.54
INV-103212,2024-02-23,C-217,SKU-00045,4,841.00,72.28,Newcastle,R-04,2.15
INV-103213,2024-12-16,C-105,SKU-00018,22,268.00,74.36,Sydney,R-13,5.66
INV-103214,2024-11-26,C-263,SKU-00009,19,761.00,88.92,Newcastle,R-12,30.54
INV-103215,2024-06-28,C-184,SKU-00046,21,711.00,79.80,Brisbane,R-16,10.74
INV-103216,2024-11-24,C-309,SKU-00010,23,27.00,86.71,Adelaide,R-26,33.09
INV-103217,2025-06-08,C-406,SKU-00018,9,268.00,76.41,Perth,R-17,15.65
INV-103218,2024-09-10,C-009,SKU-00041,11,612.00,75.57,Brisbane,R-07,30.81
INV-103219,2024-04-28,C-234,SKU-00029,20,291.00,75.40,Adelaide,R-11,27.05
INV-103220,2025-12-01,C-405,SKU-00026,7,405.00,64.72,Brisbane,R-01,1.69
INV-103221,2024-04-17,C-360,SKU-00040,9,257.00,77.40,Melbourne,R-19,3.49
INV-103222,2025-08-15,C-340,SKU-00024,10,208.00,88.90,Newcastle,R-17,5.44
INV-103223,2025-10-24,C-215,SKU-00053,3,589.00,82.80,Newcastle,R-05,34.86
INV-103224,2024-01-28,C-055,SKU-00011,13,62.00,80.47,Adelaide,R-05,33.67
INV-103225,2024-10-01,C-319,SKU-00010,11,27.00,77.44,Perth,R-18,27.34
INV-103226,2024-08-27,C-353,SKU-00023,6,115.00,79.26,Adelaide,R-17,9.70
INV-103227,2025-09-09,C-251,SKU-00034,19,214.00,75.62,Perth,R-27,28.06
INV-103228,2025-03-06,C-121,SKU-00036,24,224.00,73.92,Newcastle,R-19,12.38
INV-103229,2024-02-18,C-211,SKU-00049,20,840.00,74.60,Newcastle,R-02,39.19
INV-103230,2024-02-21,C-303,SKU-00006,12,428.00,74.96,Perth,R-21,16.30
INV-103231,2024-09-14,C-289,SKU-00043,7,320.00,75.81,Perth,R-24,31.60
INV-103232,2025-06-04,C-232,SKU-00010,2,27.00,73.08,Perth,R-21,1.52
INV-103233,2025-09-21,C-099,SKU-00036,21,224.00,86.31,Perth,R-21,8.16
INV-103234,2024-05-24,C-218,SKU-00042,18,292.00,79.38,Newcastle,R-08,26.26
INV-103235,2024-01-26,C-215,SKU-00036,8,224.00,77.12,Newcastle,R-20,11.17
INV-103236,2024-03-09,C-204,SKU-00051,15,246.00,84.75,Perth,R-28,29.41
INV-103237,2025-08-27,C-153,SKU-00024,7,208.00,85.68,Perth,R-05,31.60
INV-103238,2025-07-13,C-292,SKU-00013,6,52.00,70.32,Perth,R-09,11.35
INV-103239,2025-10-19,C-049,SKU-00055,3,703.00,86.34,Melbourne,R-07,20.34
INV-103240,2024-01-16,C-245,SKU-00004,18,340.00,82.80,Perth,R-23,18.50
INV-103241,2025-11-23,C-342,SKU-00006,4,428.00,74.24,Melbourne,R-08,37.17
INV-103242,2024-07-18,C-389,SKU-00052,11,834.00,77.88,Perth,R-22,31.87
INV-103243,2025-10-05,C-351,SKU-00056,4,481.00,74.32,Adelaide,R-03,42.16
INV-103244,2024-12-05,C-005,SKU-00055,14,703.00,86.94,Brisbane,R-10,3.71
INV-103245,2025-02-14,C-366,SKU-00032,20,60.00,76.40,Melbourne,R-08,9.61
INV-103246,2025-02-18,C-411,SKU-00013,6,52.00,88.14,Perth,R-20,32.08
INV-103247,2025-12-27,C-181,SKU-00014,6,632.00,74.34,Perth,R-23,35.88
INV-103248,2024-10-21,C-361,SKU-00031,6,336.00,84.54,Melbourne,R-05,27.50
INV-103249,2024-03-28,C-290,SKU-00011,17,62.00,89.59,Perth,R-20,35.35
INV-103250,2024-09-15,C-386,SKU-00025,19,345.00,73.94,Brisbane,R-26,0.66
INV-103251,2024-09-28,C-264,SKU-00048,23,553.00,88.32,Brisbane,R-21,17.08
INV-103252,2025-04-16,C-315,SKU-00055,24,703.00,83.28,Brisbane,R-09,36.69
INV-103253,2024-12-07,C-400,SKU-00027,20,107.00,76.00,Newcastle,R-15,19.41
INV-103254,2024-09-11,C-069,SKU-00035,22,571.00,75.24,Sydney,R-02,4.61
INV-103255,2025-12-24,C-203,SKU-00055,10,703.00,77.40,Sydney,R-11,29.29
INV-103256,2024-04-18,C-127,SKU-00052,7,834.00,89.11,Perth,R-03,35.91
INV-103257,2025-10-23,C-023,SKU-00026,24,405.00,83.04,Perth,R-25,40.32
INV-103258,2024-09-09,C-333,SKU-00033,21,111.00,79.80,Melbourne,R-23,22.71
INV-103259,2025-09-08,C-347,SKU-00028,14,722.00,90.58,Brisbane,R-17,38.11
INV-103260,2025-05-25,C-382,SKU-00042,19,292.00,69.05,Newcastle,R-03,26.27
INV-103261,2024-05-12,C-349,SKU-00022,19,477.00,72.20,Sydney,R-06,6.61
INV-103262,2025-11-22,C-229,SKU-00011,4,62.00,79.48,Brisbane,R-11,13.98
INV-103263,2024-03-27,C-036,SKU-00023,7,115.00,80.57,Melbourne,R-09,28.32
INV-103264,2025-12-21,C-416,SKU-00006,24,428.00,81.12,Melbourne,R-03,36.15
INV-103265,2024-11-17,C-229,SKU-00039,2,204.00,89.40,Brisbane,R-11,24.25
INV-103266,2024-02-08,C-359,SKU-00030,18,439.00,84.78,Sydney,R-21,33.38
INV-103267,2025-12-20,C-300,SKU-00040,5,257.00,84.25,Brisbane,R-04,28.67
INV-103268,2025-08-17,C-048,SKU-00006,21,428.00,86.10,Newcastle,R-03,26.01
INV-103269,2024-05-19,C-326,SKU-00031,7,336.00,79.94,Adelaide,R-23,43.27
INV-103270,2024-12-07,C-400,SKU-00054,13,714.00,78.34,Newcastle,R-20,31.06
INV-103271,2025-07-09,C-326,SKU-00042,24,292.00,71.28,Adelaide,R-19,35.11
INV-103272,2024-06-15,C-251,SKU-00037,16,831.00,72.32,Perth,R-18,1.45
INV-103273,2025-11-14,C-371,SKU-00028,13,722.00,73.97,Adelaide,R-28,0.69
INV-103274,2025-08-14,C-039,SKU-00030,7,439.00,70.63,Perth,R-24,29.73
INV-103275,2024-02-18,C-089,SKU-00042,3,292.00,83.79,Sydney,R-04,25.46
INV-103276,2025-08-23,C-394,SKU-00021,17,453.00,72.42,Adelaide,R-22,36.28
INV-103277,2024-03-14,C-243,SKU-00018,15,268.00,72.60,Melbourne,R-05,17.33
INV-103278,2024-03-10,C-342,SKU-00031,5,336.00,83.05,Melbourne,R-01,19.13
INV-103279,2025-02-24,C-399,SKU-00040,2,257.00,90.24,Perth,R-01,44.21
INV-103280,2025-02-07,C-039,SKU-00025,20,345.00,78.20,Perth,R-14,42.17
INV-103281,2025-11-19,C-252,SKU-00045,4,841.00,72.84,Brisbane,R-23,30.13
INV-103282,2025-11-15,C-017,SKU-00046,2,711.00,76.88,Adelaide,R-20,37.05
INV-103283,2024-02-16,C-310,SKU-00038,19,427.00,88.54,Perth,R-13,2.01
INV-103284,2025-09-17,C-040,SKU-00034,6,214.00,77.16,Melbourne,R-12,0.53
INV-103285,2024-01-16,C-360,SKU-00040,3,257.00,88.68,Melbourne,R-07,34.98
INV-103286,2025-08-12,C-039,SKU-00028,24,722.00,73.92,Perth,R-08,34.04
INV-103287,2025-08-04,C-089,SKU-00007,3,284.00,80.58,Sydney,R-24,15.31
INV-103288,2024-07-12,C-344,SKU-00008,22,232.00,79.86,Melbourne,R-24,41.14
INV-103289,2025-02-01,C-299,SKU-00013,9,52.00,71.01,Brisbane,R-14,24.15
INV-103290,2024-01-06,C-054,SKU-00004,14,340.00,80.89,Brisbane,R-13,40.83
INV-103291,2024-05-14,C-194,SKU-00026,13,405.00,71.37,Brisbane,R-18,38.43
INV-103292,2025-09-20,C-393,SKU-00020,8,702.00,73.36,Sydney,R-18,29.88
INV-103293,2024-07-19,C-321,SKU-00019,10,357.00,89.70,Sydney,R-25,4.57
INV-103294,2024-03-10,C-198,SKU-00052,11,834.00,78.98,Melbourne,R-17,14.39
INV-103295,2025-04-06,C-219,SKU-00003,13,237.00,75.27,Melbourne,R-02,41.84
INV-103296,2025-09-19,C-338,SKU-00008,5,232.00,73.40,Perth,R-25,23.42
INV-103297,2025-04-08,C-399,SKU-00017,8,69.00,85.76,Perth,R-22,37.05
INV-103298,2025-10-14,C-081,SKU-00044,12,183.00,79.80,Sydney,R-02,0.77
INV-103299,2025-08-18,C-378,SKU-00012,1,822.00,90.20,Melbourne,R-04,5.29
INV-103300,2025-05-26,C-170,SKU-00019,17,357.00,72.26,Brisbane,R-01,9.31
INV-103301,2025-02-05,C-293,SKU-00046,3,711.00,76.20,Adelaide,R-18,31.51
INV-103302,2024-05-16,C-200,SKU-00011,9,62.00,89.46,Newcastle,R-18,38.66
INV-103303,2025-10-20,C-289,SKU-00032,2,60.00,86.98,Perth,R-25,41.87
INV-103304,2025-06-09,C-100,SKU-00026,19,405.00,90.25,Brisbane,R-26,23.99
INV-103305,2024-07-25,C-076,SKU-00029,7,291.00,87.71,Perth,R-07,34.33
INV-103306,2024-07-07,C-142,SKU-00027,5,107.00,74.25,Melbourne,R-23,4.50
INV-103307,2024-11-20,C-373,SKU-00023,5,115.00,78.10,Newcastle,R-10,8.44
INV-103308,2025-03-24,C-201,SKU-00037,8,831.00,79.92,Perth,R-24,29.65
INV-103309,2024-02-09,C-063,SKU-00034,13,214.00,80.34,Sydney,R-23,3.76
INV-103310,2025-05-19,C-191,SKU-00011,23,62.00,73.85,Newcastle,R-07,32.59
INV-103311,2024-08-05,C-343,SKU-00005,21,643.00,85.47,Newcastle,R-28,11.99
INV-103312,2025-07-13,C-368,SKU-00050,14,201.00,77.84,Sydney,R-22,6.35
INV-103313,2024-08-06,C-157,SKU-00019,24,357.00,82.08,Sydney,R-20,13.72
INV-103314,2025-10-21,C-037,SKU-00042,16,292.00,86.08,Adelaide,R-02,3.81
INV-103315,2025-12-17,C-096,SKU-00033,14,111.00,75.74,Melbourne,R-12,17.21
INV-103316,2025-02-21,C-345,SKU-00018,3,268.00,79.71,Sydney,R-15,30.00
INV-103317,2024-10-13,C-237,SKU-00001,20,569.00,86.60,Brisbane,R-03,25.19
INV-103318,2025-12-09,C-368,SKU-00058,23,513.00,80.96,Sydney,R-26,11.97
INV-103319,2025-04-18,C-391,SKU-00009,8,761.00,71.28,Sydney,R-16,20.19
INV-103320,2025-03-17,C-077,SKU-00045,24,841.00,77.28,Adelaide,R-24,23.72
INV-103321,2024-07-21,C-338,SKU-00010,1,27.00,84.08,Perth,R-15,28.69
INV-103322,2025-08-08,C-392,SKU-00031,5,336.00,87.80,Sydney,R-28,30.30
INV-103323,2024-11-14,C-072,SKU-00040,5,257.00,76.55,Perth,R-24,41.05
INV-103324,2024-04-11,C-373,SKU-00055,3,703.00,74.34,Newcastle,R-16,8.74
INV-103325,2024-06-19,C-034,SKU-00019,2,357.00,77.96,Sydney,R-26,26.73
INV-103326,2025-08-15,C-130,SKU-00021,5,453.00,72.45,Sydney,R-20,30.14
INV-103327,2025-11-25,C-108,SKU-00050,10,201.00,80.10,Perth,R-05,29.34
INV-103328,2024-09-13,C-324,SKU-00046,6,711.00,84.36,Newcastle,R-01,4.89
INV-103329,2024-10-23,C-293,SKU-00012,24,822.00,74.40,Adelaide,R-21,43.31
INV-103330,2024-04-02,C-030,SKU-00015,20,332.00,70.66,Brisbane,R-04,3.27
INV-103331,2025-06-05,C-390,SKU-00021,21,453.00,78.96,Adelaide,R-03,32.79
INV-103332,2025-06-08,C-115,SKU-00018,23,268.00,74.52,Melbourne,R-12,20.57
INV-103333,2024-08-11,C-227,SKU-00012,17,822.00,85.51,Adelaide,R-17,27.08
INV-103334,2025-07-23,C-089,SKU-00042,4,292.00,87.36,Sydney,R-18,5.57
INV-103335,2024-01-24,C-149,SKU-00012,8,822.00,88.00,Perth,R-04,18.22
INV-103336,2025-03-02,C-048,SKU-00012,11,822.00,77.99,Newcastle,R-11,28.51
INV-103337,2024-11-05,C-031,SKU-00014,1,632.00,84.76,Newcastle,R-23,1.27
INV-103338,2025-06-26,C-004,SKU-00043,23,320.00,77.05,Perth,R-19,17.47
INV-103339,2024-04-07,C-110,SKU-00046,13,711.00,72.54,Brisbane,R-13,3.01
INV-103340,2024-05-17,C-142,SKU-00051,18,246.00,68.56,Melbourne,R-06,37.91
INV-103341,2024-07-14,C-070,SKU-00007,8,284.00,79.76,Adelaide,R-08,30.17
INV-103342,2024-04-05,C-018,SKU-00027,22,107.00,76.34,Melbourne,R-12,18.63
INV-103343,2025-12-07,C-013,SKU-00049,15,840.00,87.75,Perth,R-03,19.97
INV-103344,2025-08-21,C-059,SKU-00043,1,320.00,86.32,Perth,R-02,23.90
INV-103345,2025-03-09,C-015,SKU-00040,8,257.00,83.20,Sydney,R-02,39.19
INV-103346,2025-12-27,C-267,SKU-00006,12,428.00,73.68,Sydney,R-07,15.55
INV-103347,2025-09-04,C-055,SKU-00048,12,553.00,72.36,Adelaide,R-03,0.49
INV-103348,2024-11-21,C-118,SKU-00043,1,320.00,89.04,Brisbane,R-01,44.14
INV-103349,2025-02-23,C-044,SKU-00033,20,111.00,71.60,Brisbane,R-11,29.13
INV-103350,2024-02-09,C-157,SKU-00051,10,246.00,77.74,Sydney,R-23,3.89
INV-103351,2025-10-28,C-223,SKU-00020,10,702.00,71.50,Sydney,R-06,40.24
INV-103352,2024-08-10,C-326,SKU-00002,7,592.00,85.89,Adelaide,R-08,20.13
INV-103353,2024-02-08,C-190,SKU-00056,22,481.00,71.94,Adelaide,R-25,8.18
INV-103354,2024-11-14,C-299,SKU-00042,1,292.00,85.49,Brisbane,R-03,37.63
INV-103355,2024-03-16,C-134,SKU-00031,22,336.00,84.70,Melbourne,R-17,31.34
INV-103356,2025-05-27,C-220,SKU-00007,10,284.00,80.70,Adelaide,R-05,28.31
INV-103357,2024-02-16,C-026,SKU-00027,2,107.00,71.44,Melbourne,R-23,20.61
INV-103358,2024-07-10,C-359,SKU-00018,13,268.00,87.36,Sydney,R-07,36.51
INV-103359,2025-11-17,C-206,SKU-00026,15,405.00,76.50,Newcastle,R-27,5.31
INV-103360,2024-12-10,C-325,SKU-00021,4,453.00,69.77,Sydney,R-10,6.14
INV-103361,2024-05-27,C-220,SKU-00034,17,214.00,82.96,Adelaide,R-20,6.34
INV-103362,2024-09-03,C-280,SKU-00025,16,345.00,73.92,Newcastle,R-12,18.87
INV-103363,2024-07-09,C-357,SKU-00002,11,592.00,74.58,Newcastle,R-02,11.18
INV-103364,2024-09-21,C-413,SKU-00008,15,232.00,87.75,Newcastle,R-02,7.07
INV-103365,2025-09-23,C-087,SKU-00037,2,831.00,87.78,Melbourne,R-12,32.00
INV-103366,2024-10-06,C-301,SKU-00038,19,427.00,90.25,Melbourne,R-05,8.71
INV-103367,2024-09-03,C-150,SKU-00012,11,822.00,79.31,Brisbane,R-19,21.01
INV-103368,2025-12-08,C-128,SKU-00050,18,201.00,84.24,Newcastle,R-09,27.80
INV-103369,2025-01-27,C-206,SKU-00020,7,702.00,79.59,Newcastle,R-19,18.10
INV-103370,2025-07-25,C-406,SKU-00009,23,761.00,66.44,Perth,R-07,32.45
INV-103371,2024-02-15,C-153,SKU-00034,6,214.00,71.16,Perth,R-02,9.30
INV-103372,2025-02-17,C-238,SKU-00022,20,477.00,89.40,Adelaide,R-10,7.53
INV-103373,2024-12-25,C-341,SKU-00040,4,257.00,87.52,Perth,R-02,27.31
INV-103374,2025-03-13,C-286,SKU-00043,15,320.00,73.50,Brisbane,R-16,30.21
INV-103375,2025-06-23,C-327,SKU-00034,24,214.00,89.76,Adelaide,R-09,25.00
INV-103376,2024-06-21,C-272,SKU-00037,8,831.00,73.12,Adelaide,R-17,25.40
INV-103377,2025-01-20,C-385,SKU-00040,5,257.00,76.00,Sydney,R-22,23.61
INV-103378,2024-06-11,C-202,SKU-00007,8,284.00,82.72,Newcastle,R-05,3.86
INV-103379,2024-05-05,C-264,SKU-00038,5,427.00,74.55,Brisbane,R-04,30.76
INV-103380,2024-10-04,C-066,SKU-00005,5,643.00,71.44,Adelaide,R-05,22.32
INV-103381,2024-07-28,C-412,SKU-00025,10,345.00,70.70,Newcastle,R-25,33.79
INV-103382,2025-12-24,C-127,SKU-00027,4,107.00,79.60,Perth,R-12,9.71
INV-103383,2024-08-11,C-060,SKU-00052,7,834.00,71.33,Brisbane,R-18,21.10
INV-103384,2024-02-04,C-335,SKU-00020,20,702.00,80.40,Brisbane,R-20,19.29
INV-103385,2025-02-24,C-088,SKU-00004,10,340.00,88.00,Adelaide,R-01,13.50
INV-103386,2024-05-08,C-131,SKU-00039,5,204.00,83.15,Adelaide,R-19,2.63
INV-103387,2025-03-24,C-123,SKU-00022,7,477.00,78.05,Brisbane,R-04,44.88
INV-103388,2024-06-16,C-274,SKU-00048,10,553.00,71.00,Newcastle,R-11,1.91
INV-103389,2024-08-03,C-336,SKU-00029,20,291.00,89.80,Perth,R-16,6.83
INV-103390,2025-10-13,C-160,SKU-00003,21,237.00,72.26,Melbourne,R-24,19.70
INV-103391,2024-11-24,C-365,SKU-00033,6,111.00,85.32,Adelaide,R-26,31.03
INV-103392,2024-06-16,C-185,SKU-00004,20,340.00,70.40,Sydney,R-24,20.95
INV-103393,2025-05-14,C-354,SKU-00034,5,214.00,88.80,Perth,R-09,34.33
INV-103394,2025-04-09,C-115,SKU-00016,17,574.00,85.68,Melbourne,R-25,18.51
INV-103395,2025-07-15,C-355,SKU-00057,16,143.00,77.44,Newcastle,R-09,18.89
INV-103396,2025-02-24,C-017,SKU-00045,12,841.00,73.08,Adelaide,R-01,29.38
INV-103397,2024-10-17,C-010,SKU-00026,16,405.00,87.20,Perth,R-14,42.60
INV-103398,2024-04-07,C-258,SKU-00050,6,201.00,71.76,Perth,R-25,22.92
INV-103399,2024-05-14,C-156,SKU-00003,12,237.00,74.04,Melbourne,R-24,41.27
INV-103400,2025-09-04,C-186,SKU-00029,10,291.00,70.47,Brisbane,R-07,25.64
INV-103401,2025-05-27,C-323,SKU-00018,7,268.00,81.69,Brisbane,R-09,38.95
INV-103402,2024-03-23,C-320,SKU-00018,13,268.00,86.97,Sydney,R-20,3.83
INV-103403,2024-11-04,C-312,SKU-00014,7,632.00,89.60,Perth,R-28,42.90
INV-103404,2024-01-17,C-032,SKU-00032,12,60.00,79.68,Brisbane,R-18,33.02
INV-103405,2025-06-03,C-367,SKU-00026,23,405.00,85.56,Melbourne,R-16,30.91
INV-103406,2025-03-03,C-045,SKU-00029,20,291.00,90.20,Newcastle,R-19,28.06
INV-103407,2024-03-18,C-125,SKU-00040,11,257.00,77.33,Brisbane,R-04,28.49
INV-103408,2024-11-01,C-021,SKU-00032,10,60.00,87.20,Adelaide,R-08,26.70
INV-103409,2024-05-21,C-051,SKU-00024,23,208.00,90.62,Newcastle,R-02,9.17
INV-103410,2025-12-17,C-074,SKU-00035,12,571.00,81.14,Adelaide,R-03,27.55
INV-103411,2025-03-27,C-219,SKU-00018,8,268.00,82.56,Melbourne,R-16,29.71
INV-103412,2025-11-17,C-164,SKU-00040,4,257.00,77.16,Perth,R-24,27.32
INV-103413,2025-02-02,C-121,SKU-00037,6,831.00,78.66,Newcastle,R-27,27.87
INV-103414,2025-09-11,C-156,SKU-00057,16,143.00,83.68,Melbourne,R-22,27.94
INV-103415,2024-02-15,C-328,SKU-00006,19,428.00,85.12,Newcastle,R-06,33.76
INV-103416,2024-05-02,C-136,SKU-00005,12,643.00,72.60,Sydney,R-12,30.89
INV-103417,2024-02-15,C-057,SKU-00011,20,62.00,84.80,Sydney,R-27,5.04
INV-103418,2025-10-24,C-249,SKU-00052,17,834.00,79.22,Melbourne,R-14,3.57
INV-103419,2024-08-17,C-224,SKU-00027,19,107.00,70.68,Sydney,R-13,22.83
INV-103420,2025-11-19,C-300,SKU-00010,13,27.00,73.79,Brisbane,R-19,0.24
INV-103421,2025-07-04,C-243,SKU-00051,16,246.00,88.64,Melbourne,R-15,35.87
INV-103422,2024-02-28,C-069,SKU-00033,9,111.00,72.00,Sydney,R-24,35.55
INV-103423,2025-01-26,C-051,SKU-00005,9,643.00,71.64,Newcastle,R-02,35.69
INV-103424,2024-03-07,C-206,SKU-00043,2,320.00,77.86,Newcastle,R-10,32.24
INV-103425,2024-05-14,C-309,SKU-00038,3,427.00,83.64,Adelaide,R-05,14.44
INV-103426,2024-07-07,C-196,SKU-00039,15,204.00,84.30,Adelaide,R-12,27.11
INV-103427,2024-12-27,C-234,SKU-00056,1,481.00,75.15,Adelaide,R-15,8.64
INV-103428,2024-02-24,C-268,SKU-00050,3,201.00,88.89,Newcastle,R-03,29.66
INV-103429,2024-01-12,C-412,SKU-00028,3,722.00,88.77,Newcastle,R-27,26.43
INV-103430,2025-04-05,C-406,SKU-00023,14,115.00,66.98,Perth,R-06,34.45
INV-103431,2025-02-02,C-327,SKU-00023,9,115.00,82.08,Adelaide,R-13,27.29
INV-103432,2024-03-09,C-228,SKU-00030,18,439.00,70.74,Perth,R-18,12.52
INV-103433,2025-08-04,C-358,SKU-00038,20,427.00,72.60,Melbourne,R-03,35.09
INV-103434,2025-02-04,C-325,SKU-00045,3,841.00,75.93,Sydney,R-16,31.35
INV-103435,2025-05-21,C-004,SKU-00042,15,292.00,80.10,Perth,R-02,33.27
INV-103436,2024-10-21,C-193,SKU-00051,17,246.00,87.72,Brisbane,R-11,12.46
INV-103437,2025-10-15,C-236,SKU-00046,6,711.00,77.16,Newcastle,R-21,8.90
INV-103438,2025-02-16,C-408,SKU-00038,21,427.00,70.35,Brisbane,R-09,26.35
INV-103439,2025-05-11,C-329,SKU-00043,23,320.00,74.98,Newcastle,R-13,11.81
INV-103440,2024-10-23,C-068,SKU-00053,9,589.00,77.83,Adelaide,R-01,6.02
INV-103441,2024-06-10,C-325,SKU-00035,13,571.00,85.93,Sydney,R-17,31.00
INV-103442,2025-08-06,C-056,SKU-00039,24,204.00,72.00,Adelaide,R-17,1.04
INV-103443,2024-03-20,C-055,SKU-00004,20,340.00,72.20,Adelaide,R-25,20.60
INV-103444,2024-04-25,C-121,SKU-00013,8,52.00,77.92,Newcastle,R-12,42.83
INV-103445,2024-08-26,C-160,SKU-00019,3,357.00,89.64,Melbourne,R-23,40.85
INV-103446,2024-11-22,C-223,SKU-00011,18,62.00,84.24,Sydney,R-05,18.67
INV-103447,2024-11-03,C-414,SKU-00026,19,405.00,90.44,Melbourne,R-11,44.37
INV-103448,2024-04-19,C-060,SKU-00057,21,143.00,84.63,Brisbane,R-27,14.09
INV-103449,2024-09-05,C-197,SKU-00004,14,340.00,77.56,Melbourne,R-08,34.70
INV-103450,2025-09-28,C-396,SKU-00034,16,214.00,72.57,Adelaide,R-19,40.37
INV-103451,2024-10-03,C-083,SKU-00052,24,834.00,86.64,Adelaide,R-13,37.21
INV-103452,2025-08-17,C-178,SKU-00033,16,111.00,80.32,Newcastle,R-18,27.84
INV-103453,2024-05-21,C-412,SKU-00001,8,569.00,80.40,Newcastle,R-02,37.72
INV-103454,2025-12-22,C-262,SKU-00018,2,268.00,72.04,Adelaide,R-23,18.08
INV-103455,2025-10-22,C-012,SKU-00031,7,336.00,82.74,Melbourne,R-17,20.50
INV-103456,2024-10-27,C-358,SKU-00010,24,27.00,81.60,Melbourne,R-16,25.23
INV-103457,2025-07-09,C-096,SKU-00033,12,111.00,72.72,Melbourne,R-16,37.59
INV-103458,2024-04-26,C-007,SKU-00027,20,107.00,76.40,Adelaide,R-09,6.32
INV-103459,2024-11-28,C-387,SKU-00058,2,513.00,81.42,Sydney,R-23,6.27
INV-103460,2025-03-24,C-121,SKU-00046,5,711.00,73.51,Newcastle,R-19,5.52
INV-103461,2025-02-19,C-211,SKU-00008,3,232.00,88.80,Newcastle,R-01,8.87
INV-103462,2024-04-24,C-184,SKU-00008,18,232.00,88.02,Brisbane,R-11,29.47
INV-103463,2025-08-03,C-136,SKU-00029,23,291.00,77.97,Sydney,R-08,34.87
INV-103464,2025-06-01,C-335,SKU-00021,19,453.00,72.77,Brisbane,R-05,42.45
INV-103465,2024-09-09,C-210,SKU-00054,16,714.00,74.08,Adelaide,R-15,30.61
INV-103466,2024-07-18,C-129,SKU-00034,15,214.00,70.50,Adelaide,R-08,30.04
INV-103467,2024-06-19,C-194,SKU-00033,21,111.00,71.40,Brisbane,R-13,27.43
INV-103468,2025-05-15,C-310,SKU-00050,7,201.00,76.44,Perth,R-25,25.21
INV-103469,2025-11-10,C-291,SKU-00058,19,513.00,89.87,Melbourne,R-12,27.86
INV-103470,2024-10-12,C-266,SKU-00020,12,702.00,66.35,Adelaide,R-08,2.65
INV-103471,2024-10-01,C-150,SKU-00022,9,477.00,80.46,Brisbane,R-01,2.96
INV-103472,2024-08-17,C-062,SKU-00051,22,246.00,84.92,Perth,R-28,16.14
INV-103473,2025-04-20,C-294,SKU-00041,7,612.00,76.30,Melbourne,R-15,18.28
INV-103474,2024-02-13,C-276,SKU-00051,16,246.00,81.12,Perth,R-10,12.90
INV-103475,2025-09-23,C-326,SKU-00041,1,612.00,78.16,Adelaide,R-02,0.04
INV-103476,2024-06-26,C-180,SKU-00040,1,257.00,70.89,Brisbane,R-05,44.06
INV-103477,2025-08-07,C-298,SKU-00006,15,428.00,90.15,Perth,R-23,12.72
INV-103478,2024-11-23,C-279,SKU-00002,7,592.00,86.52,Sydney,R-08,29.49
INV-103479,2025-10-21,C-391,SKU-00034,10,214.00,84.50,Sydney,R-20,8.35
INV-103480,2025-11-20,C-048,SKU-00001,1,569.00,73.44,Newcastle,R-09,39.40
INV-103481,2024-01-06,C-207,SKU-00053,12,589.00,75.36,Melbourne,R-10,25.54
INV-103482,2024-03-19,C-146,SKU-00055,20,703.00,75.80,Perth,R-26,21.40
INV-103483,2024-04-16,C-167,SKU-00025,20,345.00,86.20,Sydney,R-04,38.78
INV-103484,2024-11-05,C-097,SKU-00009,16,761.00,90.72,Brisbane,R-17,12.59
INV-103485,2025-09-01,C-282,SKU-00040,17,257.00,86.87,Adelaide,R-26,2.85
INV-103486,2025-11-19,C-184,SKU-00037,7,831.00,88.06,Brisbane,R-13,34.85
INV-103487,2025-01-21,C-190,SKU-00031,10,336.00,80.60,Adelaide,R-23,25.06
INV-103488,2024-12-13,C-053,SKU-00022,15,477.00,79.20,Perth,R-08,43.52
INV-103489,2024-10-19,C-044,SKU-00012,23,822.00,79.12,Brisbane,R-16,4.88
INV-103490,2024-04-01,C-353,SKU-00022,18,477.00,79.82,Adelaide,R-04,15.94
INV-103491,2025-03-28,C-212,SKU-00055,14,703.00,88.90,Perth,R-23,44.34
INV-103492,2025-12-02,C-149,SKU-00012,18,822.00,86.94,Perth,R-16,6.95
INV-103493,2024-09-02,C-399,SKU-00052,17,834.00,76.67,Perth,R-04,17.53
INV-103494,2025-08-23,C-303,SKU-00014,5,632.00,74.45,Perth,R-14,0.02
INV-103495,2024-06-20,C-102,SKU-00058,13,513.00,74.49,Adelaide,R-19,12.51
INV-103496,2024-11-07,C-282,SKU-00047,23,371.00,77.97,Adelaide,R-15,6.00
INV-103497,2024-10-25,C-177,SKU-00010,5,27.00,74.50,Newcastle,R-15,44.21
INV-103498,2024-10-04,C-197,SKU-00001,16,569.00,84.32,Melbourne,R-28,43.47
INV-103499,2025-07-28,C-042,SKU-00045,19,841.00,84.17,Sydney,R-14,18.12
INV-103500,2024-01-28,C-373,SKU-00004,11,340.00,66.69,Newcastle,R-24,1.94
INV-103501,2024-02-24,C-418,SKU-00012,3,822.00,72.57,Brisbane,R-14,26.45
INV-103502,2025-05-27,C-246,SKU-00022,22,477.00,84.26,Newcastle,R-06,24.31
INV-103503,2024-01-27,C-098,SKU-00011,22,62.00,74.58,Adelaide,R-15,42.07
INV-103504,2025-01-16,C-288,SKU-00044,20,183.00,90.00,Newcastle,R-19,20.95
INV-103505,2024-05-27,C-395,SKU-00049,16,840.00,72.64,Sydney,R-17,4.00
INV-103506,2024-01-08,C-194,SKU-00034,5,214.00,78.30,Brisbane,R-23,5.73
INV-103507,2025-02-22,C-284,SKU-00043,10,320.00,77.60,Melbourne,R-02,42.36
INV-103508,2025-11-18,C-043,SKU-00020,14,702.00,77.14,Brisbane,R-10,32.83
INV-103509,2025-09-15,C-169,SKU-00015,11,332.00,85.36,Melbourne,R-01,19.44
INV-103510,2024-04-25,C-141,SKU-00032,18,60.00,65.91,Perth,R-16,6.34
INV-103511,2025-07-24,C-081,SKU-00005,12,643.00,72.60,Sydney,R-22,10.50
INV-103512,2024-05-20,C-124,SKU-00050,14,201.00,74.34,Adelaide,R-09,44.94
INV-103513,2025-01-21,C-077,SKU-00007,7,284.00,80.50,Adelaide,R-27,30.73
INV-103514,2024-01-10,C-314,SKU-00016,21,574.00,85.26,Newcastle,R-17,9.84
INV-103515,2024-04-10,C-041,SKU-00051,10,246.00,77.50,Adelaide,R-18,9.14
INV-103516,2024-05-06,C-097,SKU-00040,24,257.00,82.80,Brisbane,R-06,16.28
INV-103517,2025-06-19,C-409,SKU-00019,17,357.00,78.54,Sydney,R-26,6.73
INV-103518,2025-01-11,C-153,SKU-00022,10,477.00,77.60,Perth,R-12,38.83
INV-103519,2025-07-23,C-317,SKU-00037,2,831.00,89.86,Melbourne,R-20,6.27
INV-103520,2025-08-20,C-412,SKU-00039,13,204.00,71.64,Newcastle,R-12,43.27
INV-103521,2024-09-22,C-123,SKU-00018,5,268.00,86.85,Brisbane,R-23,29.51
INV-103522,2024-12-17,C-371,SKU-00013,15,52.00,72.15,Adelaide,R-02,1.25
INV-103523,2024-02-02,C-338,SKU-00017,4,69.00,90.20,Perth,R-02,11.91
INV-103524,2024-04-25,C-183,SKU-00024,2,208.00,76.90,Perth,R-12,6.95
INV-103525,2024-01-09,C-278,SKU-00038,1,427.00,86.51,Melbourne,R-04,32.17
INV-103526,2025-03-27,C-292,SKU-00039,1,204.00,76.73,Perth,R-17,5.91
INV-103527,2024-04-18,C-380,SKU-00013,6,52.00,73.92,Adelaide,R-07,13.01
INV-103528,2024-10-04,C-118,SKU-00056,2,481.00,74.86,Brisbane,R-02,0.71
INV-103529,2025-10-12,C-337,SKU-00019,11,357.00,81.51,Sydney,R-09,41.45
INV-103530,2025-01-07,C-337,SKU-00038,17,427.00,82.58,Sydney,R-27,21.47
INV-103531,2024-11-11,C-140,SKU-00019,10,357.00,84.80,Sydney,R-07,35.60
INV-103532,2024-08-11,C-328,SKU-00013,22,52.00,79.42,Newcastle,R-26,20.19
INV-103533,2024-12-24,C-399,SKU-00038,10,427.00,75.00,Perth,R-14,1.62
INV-103534,2025-03-22,C-230,SKU-00013,13,52.00,73.06,Melbourne,R-05,36.95
INV-103535,2024-06-19,C-086,SKU-00036,3,224.00,72.36,Perth,R-07,17.28
INV-103536,2024-05-08,C-408,SKU-00016,9,574.00,87.03,Brisbane,R-21,26.59
INV-103537,2025-02-18,C-351,SKU-00058,5,513.00,83.50,Adelaide,R-09,24.92
INV-103538,2025-09-24,C-239,SKU-00037,18,831.00,84.42,Perth,R-02,17.39
INV-103539,2024-10-23,C-026,SKU-00031,20,336.00,73.40,Melbourne,R-21,43.94
INV-103540,2025-04-04,C-333,SKU-00057,5,143.00,72.91,Melbourne,R-01,42.53
INV-103541,2024-02-27,C-121,SKU-00022,1,477.00,73.18,Newcastle,R-28,17.32
INV-103542,2024-02-26,C-386,SKU-00008,16,232.00,77.76,Brisbane,R-05,30.14
INV-103543,2025-06-08,C-237,SKU-00001,9,569.00,78.12,Brisbane,R-05,15.32
INV-103544,2025-01-11,C-042,SKU-00056,9,481.00,84.42,Sydney,R-20,31.57
INV-103545,2025-11-20,C-115,SKU-00012,17,822.00,89.08,Melbourne,R-06,33.93
INV-103546,2025-09-13,C-154,SKU-00040,13,257.00,78.65,Newcastle,R-27,13.12
INV-103547,2024-04-20,C-334,SKU-00005,3,643.00,80.10,Brisbane,R-02,24.31
INV-103548,2025-03-05,C-337,SKU-00031,15,336.00,82.80,Sydney,R-21,9.02
INV-103549,2025-12-02,C-296,SKU-00046,20,711.00,76.00,Newcastle,R-17,9.23
INV-103550,2025-10-11,C-104,SKU-00025,19,345.00,72.19,Melbourne,R-07,22.21
INV-103551,2024-09-22,C-240,SKU-00013,23,52.00,75.21,Adelaide,R-24,13.62
INV-103552,2024-01-27,C-272,SKU-00038,15,427.00,76.05,Adelaide,R-02,4.54
INV-103553,2025-04-17,C-309,SKU-00031,15,336.00,87.00,Adelaide,R-19,5.59
INV-103554,2024-09-24,C-052,SKU-00036,14,224.00,90.16,Newcastle,R-20,41.95
INV-103555,2024-11-12,C-167,SKU-00056,14,481.00,90.58,Sydney,R-25,19.03
INV-103556,2025-12-01,C-153,SKU-00002,3,592.00,89.04,Perth,R-18,20.85
INV-103557,2025-03-02,C-159,SKU-00053,8,589.00,86.56,Melbourne,R-12,38.79
INV-103558,2025-11-01,C-009,SKU-00047,10,371.00,78.20,Brisbane,R-27,5.86
INV-103559,2024-07-06,C-195,SKU-00025,22,345.00,80.96,Melbourne,R-27,13.53
INV-103560,2024-09-02,C-231,SKU-00033,5,111.00,74.61,Newcastle,R-24,17.98
INV-103561,2024-01-24,C-032,SKU-00029,15,291.00,78.00,Brisbane,R-16,22.24
INV-103562,2024-08-24,C-082,SKU-00052,5,834.00,83.70,Melbourne,R-10,19.50
INV-103563,2024-09-15,C-280,SKU-00043,16,320.00,75.52,Newcastle,R-10,28.43
INV-103564,2025-05-04,C-415,SKU-00027,2,107.00,72.04,Melbourne,R-20,38.51
INV-103565,2025-11-28,C-314,SKU-00042,17,292.00,84.15,Newcastle,R-22,4.24
INV-103566,2024-10-23,C-103,SKU-00031,7,336.00,78.89,Sydney,R-09,24.56
INV-103567,2024-02-10,C-273,SKU-00015,24,332.00,77.28,Sydney,R-26,8.16
INV-103568,2024-01-22,C-269,SKU-00001,3,569.00,72.78,Newcastle,R-26,37.20
INV-103569,2025-12-08,C-176,SKU-00014,10,632.00,75.80,Sydney,R-04,36.36
INV-103570,2025-02-02,C-252,SKU-00003,1,237.00,73.53,Brisbane,R-01,38.37
INV-103571,2025-09-09,C-056,SKU-00029,22,291.00,82.06,Adelaide,R-26,27.14
INV-103572,2025-05-17,C-368,SKU-00054,7,714.00,76.58,Sydney,R-14,7.75
INV-103573,2024-08-25,C-196,SKU-00010,1,27.00,83.24,Adelaide,R-02,11.62
INV-103574,2024-08-26,C-403,SKU-00057,17,143.00,86.19,Perth,R-19,14.86
INV-103575,2025-01-26,C-396,SKU-00023,15,115.00,82.95,Adelaide,R-21,9.11
INV-103576,2025-09-21,C-131,SKU-00034,22,214.00,75.68,Adelaide,R-20,37.80
INV-103577,2025-09-09,C-347,SKU-00032,8,60.00,75.12,Brisbane,R-26,34.33
INV-103578,2025-12-11,C-314,SKU-00004,7,340.00,71.12,Newcastle,R-19,42.09
INV-103579,2024-11-08,C-304,SKU-00050,4,201.00,86.76,Melbourne,R-04,6.14
INV-103580,2025-10-16,C-417,SKU-00029,9,291.00,81.23,Perth,R-26,42.99
INV-103581,2024-12-21,C-225,SKU-00043,12,320.00,87.60,Perth,R-07,5.88
INV-103582,2024-01-18,C-105,SKU-00052,10,834.00,72.10,Sydney,R-05,21.51
INV-103583,2024-04-04,C-218,SKU-00053,11,589.00,85.03,Newcastle,R-05,41.97
INV-103584,2025-11-25,C-108,SKU-00043,15,320.00,87.15,Perth,R-25,18.49
INV-103585,2024-08-07,C-071,SKU-00025,18,345.00,75.60,Brisbane,R-26,10.74
INV-103586,2024-05-24,C-199,SKU-00030,17,439.00,85.17,Newcastle,R-12,9.36
INV-103587,2024-09-03,C-058,SKU-00009,20,761.00,84.00,Adelaide,R-19,32.84
INV-103588,2024-10-14,C-307,SKU-00002,23,592.00,84.87,Newcastle,R-07,30.50
INV-103589,2024-08-06,C-200,SKU-00003,16,237.00,81.44,Newcastle,R-18,44.25
INV-103590,2024-06-13,C-246,SKU-00051,8,246.00,76.47,Newcastle,R-19,9.04
INV-103591,2025-06-07,C-120,SKU-00009,2,761.00,76.86,Adelaide,R-01,2.24
INV-103592,2024-07-22,C-036,SKU-00013,4,52.00,83.56,Melbourne,R-03,23.62
INV-103593,2025-02-14,C-257,SKU-00057,19,143.00,74.86,Brisbane,R-08,23.01
INV-103594,2024-06-03,C-193,SKU-00018,18,268.00,84.06,Brisbane,R-06,12.26
INV-103595,2024-08-11,C-083,SKU-00003,13,237.00,90.61,Adelaide,R-01,40.91
INV-103596,2025-10-08,C-075,SKU-00054,15,714.00,88.65,Brisbane,R-04,41.70
INV-103597,2025-03-02,C-378,SKU-00030,19,439.00,72.58,Melbourne,R-17,11.26
INV-103598,2024-03-20,C-069,SKU-00058,7,513.00,88.83,Sydney,R-07,41.55
INV-103599,2024-10-17,C-150,SKU-00021,17,453.00,82.62,Brisbane,R-22,30.94
INV-103600,2025-01-25,C-404,SKU-00056,7,481.00,71.55,Adelaide,R-20,39.96
INV-103601,2024-06-07,C-026,SKU-00029,4,291.00,74.88,Melbourne,R-28,42.80
INV-103602,2024-10-15,C-173,SKU-00052,12,834.00,78.24,Perth,R-23,36.23
INV-103603,2024-12-14,C-233,SKU-00054,5,714.00,77.30,Sydney,R-21,19.40
INV-103604,2025-08-15,C-309,SKU-00011,18,62.00,82.08,Adelaide,R-09,44.39
INV-103605,2024-09-04,C-271,SKU-00035,14,571.00,71.26,Brisbane,R-28,39.34
INV-103606,2024-09-23,C-292,SKU-00021,19,453.00,71.82,Perth,R-11,41.69
INV-103607,2024-04-04,C-295,SKU-00056,20,481.00,89.80,Perth,R-11,35.57
INV-103608,2025-05-18,C-140,SKU-00058,16,513.00,70.24,Sydney,R-14,39.53
INV-103609,2024-04-07,C-414,SKU-00049,7,840.00,79.80,Melbourne,R-10,36.39
INV-103610,2024-03-22,C-183,SKU-00032,12,60.00,65.47,Perth,R-03,38.93
INV-103611,2024-11-09,C-189,SKU-00046,23,711.00,71.99,Brisbane,R-09,18.39
INV-103612,2025-03-21,C-206,SKU-00036,6,224.00,70.50,Newcastle,R-19,13.85
INV-103613,2024-06-13,C-256,SKU-00053,9,589.00,72.27,Sydney,R-16,18.40
INV-103614,2025-09-18,C-234,SKU-00003,11,237.00,85.25,Adelaide,R-08,24.90
INV-103615,2024-06-05,C-135,SKU-00035,8,571.00,71.52,Newcastle,R-10,38.76
INV-103616,2024-09-26,C-358,SKU-00010,8,27.00,87.44,Melbourne,R-27,37.12
INV-103617,2024-12-20,C-011,SKU-00046,18,711.00,90.72,Melbourne,R-16,13.89
INV-103618,2024-01-06,C-036,SKU-00043,3,320.00,87.63,Melbourne,R-03,4.20
INV-103619,2024-02-28,C-230,SKU-00017,23,69.00,74.29,Melbourne,R-01,2.52
INV-103620,2024-05-01,C-107,SKU-00057,13,143.00,74.51,Melbourne,R-13,29.37
INV-103621,2025-02-23,C-030,SKU-00051,14,246.00,80.92,Brisbane,R-14,4.91
INV-103622,2024-03-14,C-420,SKU-00016,9,574.00,75.60,Perth,R-23,5.76
INV-103623,2024-01-15,C-324,SKU-00046,23,711.00,77.28,Newcastle,R-05,4.72
INV-103624,2025-08-09,C-361,SKU-00051,17,246.00,78.03,Melbourne,R-19,30.86
INV-103625,2025-11-16,C-286,SKU-00029,5,291.00,83.70,Brisbane,R-06,11.10
INV-103626,2025-09-20,C-249,SKU-00034,22,214.00,75.68,Melbourne,R-08,2.71
INV-103627,2024-07-25,C-047,SKU-00014,12,632.00,72.48,Perth,R-15,38.83
INV-103628,2024-08-19,C-146,SKU-00048,24,553.00,72.96,Perth,R-15,2.47
INV-103629,2025-05-23,C-020,SKU-00032,1,60.00,87.03,Perth,R-06,31.70
INV-103630,2024-11-25,C-098,SKU-00046,3,711.00,64.86,Adelaide,R-02,37.99
INV-103631,2024-06-04,C-095,SKU-00009,7,761.00,80.71,Sydney,R-26,37.98
INV-103632,2025-12-08,C-272,SKU-00045,22,841.00,72.16,Adelaide,R-20,42.88
INV-103633,2025-07-05,C-277,SKU-00046,21,711.00,76.23,Newcastle,R-25,35.66
INV-103634,2024-10-14,C-137,SKU-00018,12,268.00,71.40,Perth,R-08,30.72
INV-103635,2025-07-14,C-086,SKU-00055,1,703.00,86.28,Perth,R-24,37.82
INV-103636,2024-10-18,C-373,SKU-00056,2,481.00,77.98,Newcastle,R-20,16.63
INV-103637,2024-01-01,C-138,SKU-00048,4,553.00,77.16,Newcastle,R-22,25.00
INV-103638,2024-10-02,C-063,SKU-00003,11,237.00,83.27,Sydney,R-20,32.82
INV-103639,2024-11-26,C-353,SKU-00008,23,232.00,73.83,Adelaide,R-24,26.52
INV-103640,2024-01-14,C-263,SKU-00025,17,345.00,81.48,Newcastle,R-07,42.70
INV-103641,2024-07-14,C-248,SKU-00054,23,714.00,70.61,Newcastle,R-11,22.59
INV-103642,2024-02-25,C-078,SKU-00035,10,571.00,72.30,Newcastle,R-20,39.09
INV-103643,2025-11-23,C-223,SKU-00054,1,714.00,75.20,Sydney,R-16,44.88
INV-103644,2025-08-10,C-386,SKU-00056,2,481.00,72.26,Brisbane,R-14,7.59
INV-103645,2025-10-07,C-087,SKU-00057,10,143.00,79.40,Melbourne,R-01,39.40
INV-103646,2024-03-06,C-411,SKU-00039,19,204.00,75.05,Perth,R-22,20.42
INV-103647,2025-01-22,C-083,SKU-00029,7,291.00,73.15,Adelaide,R-15,41.75
INV-103648,2025-04-06,C-041,SKU-00020,15,702.00,83.25,Adelaide,R-25,28.96
INV-103649,2025-02-27,C-132,SKU-00058,4,513.00,75.96,Newcastle,R-07,24.81
INV-103650,2024-10-18,C-187,SKU-00006,22,428.00,76.51,Brisbane,R-21,5.91
INV-103651,2025-01-26,C-326,SKU-00045,9,841.00,86.04,Adelaide,R-15,14.49
INV-103652,2024-02-14,C-038,SKU-00041,4,612.00,87.84,Melbourne,R-05,12.64
INV-103653,2024-11-11,C-033,SKU-00017,8,69.00,86.88,Adelaide,R-03,38.20
INV-103654,2025-10-12,C-155,SKU-00014,24,632.00,86.16,Perth,R-24,26.49
INV-103655,2025-07-13,C-229,SKU-00013,9,52.00,77.67,Brisbane,R-05,21.42
INV-103656,2024-09-11,C-407,SKU-00008,10,232.00,75.80,Adelaide,R-05,39.12
INV-103657,2024-07-11,C-388,SKU-00054,12,714.00,84.48,Adelaide,R-24,10.45
INV-103658,2024-05-20,C-389,SKU-00024,5,208.00,77.65,Perth,R-18,21.28
INV-103659,2024-04-16,C-072,SKU-00052,3,834.00,73.44,Perth,R-02,29.99
INV-103660,2024-09-06,C-154,SKU-00040,5,257.00,66.33,Newcastle,R-03,43.04
INV-103661,2024-07-03,C-163,SKU-00004,5,340.00,87.70,Newcastle,R-08,20.47
INV-103662,2024-02-13,C-282,SKU-00038,21,427.00,76.23,Adelaide,R-05,35.99
INV-103663,2025-02-28,C-172,SKU-00001,23,569.00,85.79,Newcastle,R-08,24.63
INV-103664,2024-11-11,C-034,SKU-00053,5,589.00,72.05,Sydney,R-20,3.31
INV-103665,2025-05-12,C-249,SKU-00002,2,592.00,88.32,Melbourne,R-13,30.32
INV-103666,2025-12-21,C-200,SKU-00055,10,703.00,84.30,Newcastle,R-19,21.67
INV-103667,2024-10-16,C-400,SKU-00042,24,292.00,77.76,Newcastle,R-18,41.81
INV-103668,2024-04-16,C-408,SKU-00042,5,292.00,77.20,Brisbane,R-04,34.89
INV-103669,2024-03-24,C-116,SKU-00041,10,612.00,75.20,Sydney,R-10,24.53
INV-103670,2024-08-26,C-181,SKU-00050,15,201.00,75.62,Perth,R-13,15.97
INV-103671,2024-05-26,C-187,SKU-00007,14,284.00,87.50,Brisbane,R-08,8.45
INV-103672,2024-07-14,C-039,SKU-00016,23,574.00,76.82,Perth,R-02,30.31
INV-103673,2025-06-25,C-297,SKU-00033,15,111.00,74.25,Perth,R-27,40.67
INV-103674,2024-07-04,C-102,SKU-00036,5,224.00,77.40,Adelaide,R-15,0.85
INV-103675,2025-10-04,C-155,SKU-00045,6,841.00,72.54,Perth,R-13,22.42
INV-103676,2024-10-07,C-047,SKU-00010,4,27.00,90.64,Perth,R-07,21.75
INV-103677,2024-02-17,C-209,SKU-00032,21,60.00,72.66,Newcastle,R-21,33.16
INV-103678,2024-01-14,C-321,SKU-00033,24,111.00,82.80,Sydney,R-17,1.26
INV-103679,2025-09-27,C-194,SKU-00033,1,111.00,84.74,Brisbane,R-14,17.02
INV-103680,2025-04-26,C-172,SKU-00039,10,204.00,67.07,Newcastle,R-20,40.60
INV-103681,2025-10-25,C-276,SKU-00057,13,143.00,88.79,Perth,R-19,33.24
INV-103682,2024-05-10,C-408,SKU-00041,2,612.00,75.50,Brisbane,R-05,21.16
INV-103683,2025-08-20,C-349,SKU-00010,4,27.00,80.36,Sydney,R-27,8.04
INV-103684,2025-03-26,C-145,SKU-00053,21,589.00,84.42,Sydney,R-15,39.90
INV-103685,2025-03-06,C-111,SKU-00039,22,204.00,80.74,Adelaide,R-16,39.45
INV-103686,2025-12-01,C-197,SKU-00044,24,183.00,74.16,Melbourne,R-12,42.85
INV-103687,2024-03-03,C-057,SKU-00013,5,52.00,84.80,Sydney,R-07,29.91
INV-103688,2024-06-26,C-011,SKU-00020,22,702.00,76.78,Melbourne,R-05,0.31
INV-103689,2024-11-24,C-119,SKU-00027,5,107.00,88.40,Perth,R-19,15.20
INV-103690,2024-05-02,C-162,SKU-00031,8,336.00,82.87,Perth,R-17,2.65
INV-103691,2024-06-15,C-183,SKU-00008,14,232.00,90.44,Perth,R-20,11.17
INV-103692,2025-06-24,C-252,SKU-00031,15,336.00,88.95,Brisbane,R-04,32.67
INV-103693,2024-09-09,C-324,SKU-00057,22,143.00,84.70,Newcastle,R-12,36.97
INV-103694,2024-02-27,C-015,SKU-00021,3,453.00,86.40,Sydney,R-17,35.52
INV-103695,2025-08-05,C-158,SKU-00041,23,612.00,87.86,Melbourne,R-01,11.76
INV-103696,2024-07-26,C-129,SKU-00011,19,62.00,72.77,Adelaide,R-19,18.54
INV-103697,2024-02-13,C-245,SKU-00031,3,336.00,86.52,Perth,R-23,28.38
INV-103698,2025-01-28,C-039,SKU-00027,7,107.00,85.19,Perth,R-15,10.61
INV-103699,2024-07-16,C-292,SKU-00038,14,427.00,71.54,Perth,R-22,22.56
INV-103700,2025-01-10,C-305,SKU-00052,20,834.00,80.04,Perth,R-15,10.66
INV-103701,2024-11-01,C-404,SKU-00014,10,632.00,81.00,Adelaide,R-28,30.06
INV-103702,2024-11-18,C-048,SKU-00049,20,840.00,81.80,Newcastle,R-13,38.23
INV-103703,2025-03-15,C-022,SKU-00031,16,336.00,77.28,Adelaide,R-08,36.67
INV-103704,2024-10-25,C-148,SKU-00004,11,340.00,83.05,Melbourne,R-11,36.90
INV-103705,2025-08-18,C-274,SKU-00036,24,224.00,74.64,Newcastle,R-17,3.79
INV-103706,2025-11-23,C-071,SKU-00020,16,702.00,72.48,Brisbane,R-07,33.06
INV-103707,2024-08-03,C-366,SKU-00049,4,840.00,73.88,Melbourne,R-19,21.15
INV-103708,2024-11-19,C-382,SKU-00016,4,574.00,72.96,Newcastle,R-04,11.29
INV-103709,2024-01-01,C-164,SKU-00023,2,115.00,76.62,Perth,R-24,25.12
INV-103710,2025-05-08,C-272,SKU-00053,6,589.00,76.67,Adelaide,R-26,18.69
INV-103711,2025-08-02,C-228,SKU-00022,1,477.00,88.75,Perth,R-12,21.67
INV-103712,2025-06-10,C-223,SKU-00023,22,115.00,78.10,Sydney,R-12,40.24
INV-103713,2024-09-03,C-081,SKU-00026,18,405.00,75.60,Sydney,R-02,28.91
INV-103714,2024-12-21,C-197,SKU-00026,1,405.00,79.21,Melbourne,R-08,22.33
INV-103715,2025-05-04,C-401,SKU-00016,3,574.00,75.06,Perth,R-28,27.71
INV-103716,2024-05-16,C-196,SKU-00055,21,703.00,81.06,Adelaide,R-27,32.37
INV-103717,2025-05-10,C-089,SKU-00042,4,292.00,87.60,Sydney,R-06,11.81
INV-103718,2025-06-25,C-064,SKU-00009,15,761.00,88.20,Newcastle,R-25,19.88
INV-103719,2024-09-05,C-087,SKU-00013,18,52.00,90.18,Melbourne,R-07,23.46
INV-103720,2025-06-08,C-411,SKU-00008,19,232.00,74.29,Perth,R-20,28.22
INV-103721,2025-08-06,C-267,SKU-00057,17,143.00,73.95,Sydney,R-24,32.28
INV-103722,2024-04-14,C-105,SKU-00011,12,62.00,85.08,Sydney,R-20,9.47
INV-103723,2025-01-04,C-033,SKU-00052,13,834.00,76.18,Adelaide,R-18,34.46
INV-103724,2025-12-01,C-102,SKU-00004,24,340.00,73.44,Adelaide,R-11,11.42
INV-103725,2024-08-14,C-232,SKU-00023,2,115.00,90.52,Perth,R-04,13.42
INV-103726,2024-08-27,C-293,SKU-00053,14,589.00,82.88,Adelaide,R-15,7.45
INV-103727,2024-08-22,C-232,SKU-00026,17,405.00,84.66,Perth,R-24,10.96
INV-103728,2024-06-20,C-015,SKU-00012,15,822.00,82.20,Sydney,R-08,22.41
INV-103729,2024-07-06,C-184,SKU-00033,5,111.00,79.05,Brisbane,R-07,34.50
INV-103730,2024-08-02,C-210,SKU-00036,9,224.00,73.77,Adelaide,R-16,7.02
INV-103731,2024-10-01,C-234,SKU-00014,19,632.00,82.08,Adelaide,R-28,19.88
INV-103732,2025-05-01,C-240,SKU-00015,24,332.00,89.52,Adelaide,R-09,22.53
INV-103733,2024-04-15,C-213,SKU-00002,19,592.00,83.03,Brisbane,R-04,33.28
INV-103734,2025-10-10,C-011,SKU-00055,23,703.00,71.76,Melbourne,R-13,37.94
INV-103735,2024-05-11,C-348,SKU-00007,24,284.00,82.32,Sydney,R-24,13.70
INV-103736,2025-03-08,C-294,SKU-00054,8,714.00,75.36,Melbourne,R-12,34.34
INV-103737,2024-12-18,C-201,SKU-00049,12,840.00,73.20,Perth,R-19,36.91
INV-103738,2025-11-11,C-267,SKU-00053,5,589.00,88.95,Sydney,R-25,42.46
INV-103739,2024-11-25,C-095,SKU-00054,14,714.00,90.72,Sydney,R-27,0.43
INV-103740,2025-12-22,C-406,SKU-00033,1,111.00,66.39,Perth,R-11,37.79
INV-103741,2024-04-14,C-051,SKU-00013,1,52.00,71.02,Newcastle,R-16,4.51
INV-103742,2024-10-19,C-033,SKU-00053,19,589.00,87.40,Adelaide,R-28,3.72
INV-103743,2024-12-28,C-379,SKU-00031,2,336.00,80.44,Newcastle,R-23,14.23
INV-103744,2025-09-04,C-227,SKU-00007,22,284.00,83.38,Adelaide,R-22,0.92
INV-103745,2024-04-16,C-196,SKU-00057,23,143.00,75.21,Adelaide,R-19,39.05
INV-103746,2025-05-06,C-166,SKU-00016,9,574.00,83.61,Adelaide,R-19,23.26
INV-103747,2025-10-19,C-122,SKU-00037,5,831.00,76.70,Brisbane,R-27,31.19
INV-103748,2024-01-02,C-042,SKU-00048,7,553.00,79.45,Sydney,R-11,21.86
INV-103749,2025-03-02,C-195,SKU-00018,7,268.00,76.72,Melbourne,R-18,5.44
INV-103750,2025-03-08,C-101,SKU-00014,15,632.00,80.32,Newcastle,R-26,32.64
INV-103751,2024-09-20,C-116,SKU-00040,16,257.00,71.36,Sydney,R-19,29.45
INV-103752,2024-03-04,C-379,SKU-00053,16,589.00,79.20,Newcastle,R-04,13.66
INV-103753,2024-10-23,C-309,SKU-00056,8,481.00,86.08,Adelaide,R-24,38.45
INV-103754,2024-02-02,C-045,SKU-00044,16,183.00,74.24,Newcastle,R-12,15.77
INV-103755,2025-09-04,C-254,SKU-00025,2,345.00,71.86,Sydney,R-06,7.15
INV-103756,2025-11-13,C-210,SKU-00020,9,702.00,76.14,Adelaide,R-09,19.41
INV-103757,2025-05-09,C-291,SKU-00049,23,840.00,71.99,Melbourne,R-02,38.96
INV-103758,2024-01-03,C-317,SKU-00044,10,183.00,89.80,Melbourne,R-21,26.42
INV-103759,2024-07-17,C-323,SKU-00025,14,345.00,79.10,Brisbane,R-23,26.25
INV-103760,2024-01-04,C-215,SKU-00058,6,513.00,71.82,Newcastle,R-17,27.32
INV-103761,2024-11-20,C-341,SKU-00026,6,405.00,76.74,Perth,R-02,40.69
INV-103762,2025-06-06,C-032,SKU-00004,18,340.00,86.58,Brisbane,R-02,35.92
INV-103763,2025-03-21,C-094,SKU-00051,10,246.00,72.20,Adelaide,R-18,10.44
INV-103764,2024-11-07,C-138,SKU-00041,3,612.00,82.68,Newcastle,R-02,16.84
INV-103765,2025-04-03,C-264,SKU-00054,6,714.00,88.86,Brisbane,R-08,15.43
INV-103766,2025-05-04,C-394,SKU-00007,9,284.00,73.17,Adelaide,R-13,3.07
INV-103767,2024-10-16,C-007,SKU-00030,3,439.00,74.13,Adelaide,R-17,24.82
INV-103768,2025-02-14,C-350,SKU-00013,15,52.00,81.00,Perth,R-01,44.34
INV-103769,2024-08-11,C-034,SKU-00039,22,204.00,71.72,Sydney,R-10,43.08
INV-103770,2025-10-04,C-122,SKU-00020,23,702.00,76.18,Brisbane,R-16,12.26
INV-103771,2025-11-20,C-291,SKU-00004,23,340.00,70.61,Melbourne,R-13,22.09
INV-103772,2024-08-26,C-213,SKU-00052,18,834.00,71.10,Brisbane,R-05,28.89
INV-103773,2024-09-10,C-412,SKU-00001,5,569.00,85.95,Newcastle,R-02,8.53
INV-103774,2025-12-09,C-353,SKU-00024,9,208.00,86.22,Adelaide,R-21,43.75
INV-103775,2024-04-17,C-199,SKU-00026,13,405.00,85.15,Newcastle,R-12,10.78
INV-103776,2024-04-05,C-109,SKU-00048,9,553.00,76.68,Sydney,R-21,19.23
INV-103777,2025-04-17,C-014,SKU-00024,21,208.00,88.83,Sydney,R-06,35.74
INV-103778,2025-10-17,C-194,SKU-00029,9,291.00,76.68,Brisbane,R-22,4.21
INV-103779,2025-10-27,C-197,SKU-00018,4,268.00,87.36,Melbourne,R-04,17.40
INV-103780,2024-08-17,C-084,SKU-00054,1,714.00,67.34,Perth,R-16,12.77
INV-103781,2024-08-04,C-208,SKU-00048,19,553.00,83.03,Perth,R-05,37.40
INV-103782,2024-02-27,C-230,SKU-00006,7,428.00,75.53,Melbourne,R-16,3.21
INV-103783,2025-02-03,C-032,SKU-00021,14,453.00,71.26,Brisbane,R-19,42.22
INV-103784,2025-01-07,C-026,SKU-00054,1,714.00,72.86,Melbourne,R-26,27.91
INV-103785,2024-10-12,C-149,SKU-00003,5,237.00,76.30,Perth,R-28,19.14
INV-103786,2025-09-15,C-249,SKU-00025,7,345.00,82.67,Melbourne,R-13,7.06
INV-103787,2024-06-09,C-361,SKU-00027,23,107.00,85.33,Melbourne,R-25,20.39
INV-103788,2024-08-05,C-022,SKU-00051,24,246.00,73.44,Adelaide,R-03,12.61
INV-103789,2025-04-06,C-379,SKU-00031,12,336.00,71.28,Newcastle,R-03,18.20
INV-103790,2024-09-24,C-137,SKU-00047,17,371.00,68.19,Perth,R-23,37.08
INV-103791,2024-06-08,C-284,SKU-00028,15,722.00,74.10,Melbourne,R-18,22.31
INV-103792,2025-12-22,C-393,SKU-00003,19,237.00,73.15,Sydney,R-05,35.04
INV-103793,2025-10-16,C-018,SKU-00005,13,643.00,82.42,Melbourne,R-23,40.88
INV-103794,2024-08-08,C-063,SKU-00055,8,703.00,76.40,Sydney,R-26,41.93
INV-103795,2025-01-14,C-216,SKU-00031,4,336.00,80.12,Brisbane,R-28,20.88
INV-103796,2024-07-18,C-280,SKU-00050,23,201.00,71.99,Newcastle,R-13,36.49
INV-103797,2025-08-26,C-367,SKU-00036,22,224.00,78.76,Melbourne,R-16,37.85
INV-103798,2024-12-25,C-159,SKU-00047,10,371.00,74.40,Melbourne,R-28,27.88
INV-103799,2024-11-18,C-070,SKU-00028,19,722.00,82.08,Adelaide,R-03,15.45
INV-103800,2025-09-11,C-053,SKU-00015,21,332.00,70.52,Perth,R-12,9.96
INV-103801,2024-07-21,C-202,SKU-00029,7,291.00,89.88,Newcastle,R-09,26.94
INV-103802,2024-12-02,C-366,SKU-00046,14,711.00,87.08,Melbourne,R-20,18.02
INV-103803,2024-04-02,C-344,SKU-00013,14,52.00,88.34,Melbourne,R-22,12.82
INV-103804,2025-02-21,C-078,SKU-00058,5,513.00,73.45,Newcastle,R-25,30.35
INV-103805,2024-01-22,C-198,SKU-00010,12,27.00,74.04,Melbourne,R-05,21.21
INV-103806,2024-09-01,C-344,SKU-00018,14,268.00,74.20,Melbourne,R-02,0.33
INV-103807,2024-03-28,C-049,SKU-00010,5,27.00,80.00,Melbourne,R-05,41.59
INV-103808,2024-05-28,C-087,SKU-00044,18,183.00,83.34,Melbourne,R-14,20.66
INV-103809,2024-12-27,C-103,SKU-00005,24,643.00,82.08,Sydney,R-23,38.72
INV-103810,2024-10-22,C-351,SKU-00042,23,292.00,72.37,Adelaide,R-04,28.24
INV-103811,2024-08-25,C-238,SKU-00041,13,612.00,90.48,Adelaide,R-08,32.80
INV-103812,2025-12-21,C-007,SKU-00040,7,257.00,73.29,Adelaide,R-10,2.02
INV-103813,2025-06-27,C-412,SKU-00034,7,214.00,70.49,Newcastle,R-14,27.97
INV-103814,2024-09-13,C-044,SKU-00043,13,320.00,78.78,Brisbane,R-21,24.43
INV-103815,2025-03-15,C-124,SKU-00030,20,439.00,71.00,Adelaide,R-07,10.03
INV-103816,2025-02-05,C-031,SKU-00036,17,224.00,87.89,Newcastle,R-12,40.62
INV-103817,2025-03-04,C-123,SKU-00003,20,237.00,80.20,Brisbane,R-15,26.54
INV-103818,2024-09-03,C-020,SKU-00021,16,453.00,72.80,Perth,R-03,1.59
INV-103819,2024-07-03,C-144,SKU-00017,20,69.00,74.40,Newcastle,R-05,24.32
INV-103820,2024-10-07,C-050,SKU-00057,5,143.00,79.49,Newcastle,R-11,13.75
INV-103821,2024-03-06,C-249,SKU-00027,18,107.00,76.32,Melbourne,R-04,19.88
INV-103822,2025-08-10,C-273,SKU-00037,1,831.00,82.52,Sydney,R-02,44.51
INV-103823,2024-01-06,C-005,SKU-00020,5,702.00,82.25,Brisbane,R-10,4.46
INV-103824,2024-05-09,C-242,SKU-00029,15,291.00,84.90,Sydney,R-27,14.31
INV-103825,2025-09-04,C-363,SKU-00024,12,208.00,84.96,Perth,R-10,10.58
INV-103826,2024-08-14,C-346,SKU-00003,3,237.00,76.53,Newcastle,R-25,42.79
INV-103827,2025-02-12,C-140,SKU-00009,16,761.00,90.08,Sydney,R-26,28.51
INV-103828,2024-10-28,C-125,SKU-00041,5,612.00,82.30,Brisbane,R-13,29.67
INV-103829,2024-11-22,C-145,SKU-00058,7,513.00,89.95,Sydney,R-08,14.62
INV-103830,2025-06-16,C-245,SKU-00047,13,371.00,69.25,Perth,R-15,29.89
INV-103831,2025-03-13,C-126,SKU-00049,12,840.00,88.08,Perth,R-17,25.99
INV-103832,2024-01-01,C-147,SKU-00017,5,69.00,82.55,Sydney,R-19,39.98
INV-103833,2024-12-02,C-103,SKU-00008,10,232.00,75.50,Sydney,R-10,0.15
INV-103834,2025-11-20,C-167,SKU-00017,5,69.00,72.25,Sydney,R-06,35.79
INV-103835,2025-06-11,C-214,SKU-00022,4,477.00,85.68,Perth,R-03,43.45
INV-103836,2024-08-18,C-204,SKU-00019,15,357.00,73.50,Perth,R-09,8.52
INV-103837,2024-11-18,C-342,SKU-00025,4,345.00,85.60,Melbourne,R-03,38.42
INV-103838,2024-11-14,C-110,SKU-00037,17,831.00,87.04,Brisbane,R-16,39.19
INV-103839,2025-08-24,C-401,SKU-00032,18,60.00,71.64,Perth,R-24,11.74
INV-103840,2025-10-13,C-329,SKU-00020,14,702.00,70.71,Newcastle,R-20,0.95
INV-103841,2025-08-13,C-008,SKU-00054,7,714.00,80.99,Newcastle,R-22,37.57
INV-103842,2025-04-02,C-163,SKU-00029,5,291.00,86.30,Newcastle,R-11,5.07
INV-103843,2024-12-22,C-244,SKU-00020,11,702.00,80.41,Perth,R-23,17.61
INV-103844,2024-03-02,C-051,SKU-00016,9,574.00,85.32,Newcastle,R-21,32.49
INV-103845,2025-10-25,C-102,SKU-00058,10,513.00,86.70,Adelaide,R-08,32.10
INV-103846,2024-10-26,C-224,SKU-00048,16,553.00,79.20,Sydney,R-15,2.18
INV-103847,2025-05-23,C-013,SKU-00043,12,320.00,73.56,Perth,R-06,40.65
INV-103848,2025-06-05,C-372,SKU-00025,21,345.00,84.84,Melbourne,R-21,37.51
INV-103849,2024-06-04,C-024,SKU-00029,14,291.00,83.44,Melbourne,R-17,2.12
INV-103850,2024-12-10,C-101,SKU-00007,24,284.00,70.66,Newcastle,R-20,7.83
INV-103851,2025-11-18,C-076,SKU-00006,17,428.00,90.44,Perth,R-21,26.16
INV-103852,2025-09-11,C-018,SKU-00045,18,841.00,82.26,Melbourne,R-06,44.43
INV-103853,2025-10-18,C-360,SKU-00034,2,214.00,73.78,Melbourne,R-09,17.75
INV-103854,2024-04-08,C-286,SKU-00030,5,439.00,84.40,Brisbane,R-25,13.64
INV-103855,2024-04-28,C-105,SKU-00016,6,574.00,70.26,Sydney,R-03,29.19
INV-103856,2024-07-25,C-232,SKU-00021,20,453.00,79.40,Perth,R-20,19.54
INV-103857,2024-04-27,C-010,SKU-00026,23,405.00,88.32,Perth,R-02,38.89
INV-103858,2025-01-15,C-006,SKU-00003,21,237.00,78.33,Sydney,R-22,33.19
INV-103859,2024-03-24,C-326,SKU-00026,20,405.00,80.20,Adelaide,R-12,26.25
INV-103860,2024-11-26,C-004,SKU-00027,5,107.00,82.06,Perth,R-09,30.48
INV-103861,2024-12-08,C-299,SKU-00011,3,62.00,72.48,Brisbane,R-05,41.21
INV-103862,2025-04-10,C-214,SKU-00005,15,643.00,76.95,Perth,R-11,25.82
INV-103863,2024-10-26,C-009,SKU-00002,12,592.00,82.56,Brisbane,R-18,10.68
INV-103864,2025-08-13,C-228,SKU-00036,3,224.00,74.61,Perth,R-01,18.13
INV-103865,2025-04-01,C-067,SKU-00039,19,204.00,83.60,Adelaide,R-12,26.08
INV-103866,2025-10-16,C-077,SKU-00015,8,332.00,70.72,Adelaide,R-21,33.27
INV-103867,2024-08-25,C-313,SKU-00001,2,569.00,75.56,Sydney,R-16,13.86
INV-103868,2025-05-09,C-279,SKU-00043,5,320.00,70.80,Sydney,R-07,32.35
INV-103869,2025-09-02,C-280,SKU-00056,15,481.00,80.25,Newcastle,R-01,41.50
INV-103870,2024-08-11,C-222,SKU-00006,20,428.00,77.83,Melbourne,R-14,16.35
INV-103871,2024-04-18,C-404,SKU-00019,12,357.00,88.80,Adelaide,R-19,26.67
INV-103872,2025-04-12,C-226,SKU-00006,7,428.00,75.60,Perth,R-06,25.34
INV-103873,2024-10-12,C-199,SKU-00020,15,702.00,90.00,Newcastle,R-04,19.17
INV-103874,2024-02-24,C-028,SKU-00004,11,340.00,81.40,Melbourne,R-04,25.39
INV-103875,2025-05-20,C-160,SKU-00045,24,841.00,89.52,Melbourne,R-20,14.89
INV-103876,2024-05-15,C-300,SKU-00022,8,477.00,80.24,Brisbane,R-03,39.72
INV-103877,2025-01-26,C-073,SKU-00048,22,553.00,84.26,Melbourne,R-15,28.33
INV-103878,2025-07-26,C-384,SKU-00040,7,257.00,73.85,Perth,R-09,35.61
INV-103879,2025-02-22,C-103,SKU-00052,2,834.00,75.72,Sydney,R-17,6.80
INV-103880,2025-05-03,C-396,SKU-00051,22,246.00,81.97,Adelaide,R-03,20.87
INV-103881,2024-11-07,C-114,SKU-00012,9,822.00,83.34,Sydney,R-07,26.63
INV-103882,2025-11-02,C-200,SKU-00042,17,292.00,76.67,Newcastle,R-07,17.94
INV-103883,2025-02-26,C-370,SKU-00030,14,439.00,73.78,Adelaide,R-18,42.19
INV-103884,2024-06-10,C-283,SKU-00013,8,52.00,79.52,Brisbane,R-06,31.92
INV-103885,2024-12-04,C-289,SKU-00009,23,761.00,78.66,Perth,R-17,35.17
INV-103886,2024-11-21,C-266,SKU-00014,5,632.00,88.80,Adelaide,R-15,23.58
INV-103887,2025-12-25,C-032,SKU-00034,3,214.00,80.34,Brisbane,R-27,23.42
INV-103888,2025-02-13,C-055,SKU-00048,19,553.00,73.91,Adelaide,R-03,0.27
INV-103889,2025-04-06,C-269,SKU-00009,18,761.00,88.74,Newcastle,R-19,37.56
INV-103890,2025-12-27,C-232,SKU-00046,1,711.00,71.63,Perth,R-11,41.35
INV-103891,2025-05-25,C-093,SKU-00022,18,477.00,76.50,Perth,R-26,3.14
INV-103892,2024-05-04,C-173,SKU-00015,8,332.00,71.20,Perth,R-21,24.17
INV-103893,2025-11-21,C-130,SKU-00018,14,268.00,85.82,Sydney,R-27,30.06
INV-103894,2024-05-12,C-186,SKU-00021,4,453.00,90.04,Brisbane,R-09,18.08
INV-103895,2025-12-10,C-205,SKU-00040,5,257.00,71.55,Sydney,R-14,34.27
INV-103896,2025-06-28,C-090,SKU-00024,2,208.00,70.72,Newcastle,R-13,38.91
INV-103897,2024-06-04,C-201,SKU-00029,13,291.00,85.80,Perth,R-14,25.05
INV-103898,2024-12-15,C-334,SKU-00025,22,345.00,88.22,Brisbane,R-21,41.18
INV-103899,2024-02-01,C-307,SKU-00040,22,257.00,83.60,Newcastle,R-28,2.41
INV-103900,2024-04-08,C-366,SKU-00056,17,481.00,65.38,Melbourne,R-24,5.13
INV-103901,2024-07-07,C-373,SKU-00002,13,592.00,80.47,Newcastle,R-21,19.45
INV-103902,2024-01-11,C-252,SKU-00004,7,340.00,73.08,Brisbane,R-08,15.90
INV-103903,2024-06-09,C-015,SKU-00033,15,111.00,73.95,Sydney,R-18,27.03
INV-103904,2024-11-27,C-010,SKU-00013,22,52.00,73.04,Perth,R-22,44.16
INV-103905,2024-05-04,C-243,SKU-00048,23,553.00,74.75,Melbourne,R-03,29.02
INV-103906,2024-04-10,C-186,SKU-00002,4,592.00,84.12,Brisbane,R-14,31.70
INV-103907,2025-05-04,C-394,SKU-00049,23,840.00,85.56,Adelaide,R-16,28.41
INV-103908,2025-10-07,C-044,SKU-00049,22,840.00,73.04,Brisbane,R-06,19.74
INV-103909,2025-12-17,C-255,SKU-00011,3,62.00,77.79,Sydney,R-01,12.44
INV-103910,2024-07-16,C-218,SKU-00041,6,612.00,75.24,Newcastle,R-16,23.55
INV-103911,2025-08-14,C-183,SKU-00034,5,214.00,72.40,Perth,R-15,16.10
INV-103912,2025-12-08,C-092,SKU-00022,6,477.00,71.94,Brisbane,R-13,0.97
INV-103913,2024-12-18,C-203,SKU-00004,19,340.00,81.70,Sydney,R-01,7.57
INV-103914,2024-08-05,C-056,SKU-00007,13,284.00,71.24,Adelaide,R-22,2.63
INV-103915,2024-12-22,C-161,SKU-00010,22,27.00,89.54,Perth,R-14,28.62
INV-103916,2025-01-04,C-326,SKU-00025,8,345.00,72.56,Adelaide,R-27,25.39
INV-103917,2024-09-07,C-016,SKU-00028,13,722.00,71.76,Brisbane,R-03,12.90
INV-103918,2024-02-15,C-245,SKU-00054,6,714.00,79.32,Perth,R-08,24.07
INV-103919,2025-05-20,C-169,SKU-00007,22,284.00,72.60,Melbourne,R-12,31.14
INV-103920,2024-06-21,C-106,SKU-00055,22,703.00,67.60,Sydney,R-23,18.07
INV-103921,2024-12-12,C-356,SKU-00022,18,477.00,76.14,Perth,R-11,37.70
INV-103922,2024-03-14,C-195,SKU-00047,2,371.00,76.46,Melbourne,R-09,23.77
INV-103923,2024-10-09,C-072,SKU-00009,15,761.00,85.35,Perth,R-06,37.94
INV-103924,2025-12-08,C-186,SKU-00053,13,589.00,80.47,Brisbane,R-24,34.79
INV-103925,2024-04-22,C-030,SKU-00037,3,831.00,83.31,Brisbane,R-01,32.81
INV-103926,2025-02-04,C-359,SKU-00058,14,513.00,76.44,Sydney,R-07,23.05
INV-103927,2025-08-15,C-329,SKU-00045,20,841.00,81.40,Newcastle,R-16,29.25
INV-103928,2024-06-16,C-279,SKU-00056,17,481.00,85.00,Sydney,R-10,33.51
INV-103929,2024-12-14,C-211,SKU-00013,7,52.00,77.63,Newcastle,R-24,27.90
INV-103930,2024-07-17,C-145,SKU-00007,7,284.00,74.45,Sydney,R-13,20.72
INV-103931,2025-09-01,C-090,SKU-00022,17,477.00,82.79,Newcastle,R-01,11.02
INV-103932,2024-02-20,C-175,SKU-00010,13,27.00,81.64,Perth,R-19,33.37
INV-103933,2024-08-17,C-035,SKU-00043,8,320.00,71.76,Newcastle,R-01,41.94
INV-103934,2025-01-28,C-266,SKU-00005,18,643.00,80.64,Adelaide,R-09,25.36
INV-103935,2024-04-01,C-171,SKU-00018,15,268.00,73.80,Sydney,R-07,4.51
INV-103936,2024-09-16,C-033,SKU-00018,14,268.00,70.70,Adelaide,R-12,31.56
INV-103937,2024-01-01,C-162,SKU-00046,13,711.00,71.11,Perth,R-24,20.99
INV-103938,2025-03-26,C-232,SKU-00004,2,340.00,83.82,Perth,R-12,43.59
INV-103939,2025-05-17,C-330,SKU-00026,17,405.00,83.47,Brisbane,R-23,10.49
INV-103940,2024-11-22,C-374,SKU-00048,6,553.00,65.41,Newcastle,R-05,0.70
INV-103941,2024-03-13,C-054,SKU-00009,6,761.00,71.34,Brisbane,R-11,38.24
INV-103942,2024-08-24,C-254,SKU-00047,15,371.00,89.85,Sydney,R-08,27.15
INV-103943,2025-07-09,C-172,SKU-00025,9,345.00,70.56,Newcastle,R-06,22.60
INV-103944,2025-03-17,C-411,SKU-00044,9,183.00,74.52,Perth,R-04,20.91
INV-103945,2024-09-09,C-311,SKU-00031,11,336.00,86.02,Newcastle,R-19,22.91
INV-103946,2024-04-23,C-251,SKU-00046,2,711.00,90.30,Perth,R-10,38.69
INV-103947,2025-10-27,C-304,SKU-00038,10,427.00,88.10,Melbourne,R-05,36.20
INV-103948,2025-03-24,C-341,SKU-00017,21,69.00,75.18,Perth,R-26,16.03
INV-103949,2024-06-11,C-168,SKU-00033,22,111.00,70.40,Brisbane,R-17,2.67
INV-103950,2025-09-28,C-109,SKU-00055,20,703.00,65.32,Sydney,R-28,18.81
INV-103951,2024-01-12,C-200,SKU-00003,6,237.00,74.40,Newcastle,R-02,0.21
INV-103952,2025-05-08,C-283,SKU-00051,17,246.00,88.57,Brisbane,R-06,2.84
INV-103953,2024-09-08,C-212,SKU-00052,6,834.00,75.90,Perth,R-25,28.92
INV-103954,2024-10-17,C-098,SKU-00029,9,291.00,87.39,Adelaide,R-23,2.59
INV-103955,2025-11-23,C-097,SKU-00037,9,831.00,77.04,Brisbane,R-09,35.81
INV-103956,2024-07-22,C-134,SKU-00023,2,115.00,85.92,Melbourne,R-15,33.01
INV-103957,2024-12-22,C-141,SKU-00013,21,52.00,77.70,Perth,R-17,30.49
INV-103958,2025-09-23,C-241,SKU-00054,4,714.00,77.88,Newcastle,R-25,33.87
INV-103959,2025-10-05,C-200,SKU-00028,22,722.00,89.54,Newcastle,R-22,6.54
INV-103960,2025-11-14,C-377,SKU-00057,8,143.00,69.77,Newcastle,R-12,16.79
INV-103961,2024-04-21,C-396,SKU-00028,20,722.00,83.40,Adelaide,R-18,1.37
INV-103962,2024-04-09,C-376,SKU-00017,21,69.00,70.77,Brisbane,R-22,27.59
INV-103963,2024-07-01,C-397,SKU-00024,18,208.00,80.46,Melbourne,R-01,41.71
INV-103964,2025-09-26,C-236,SKU-00044,18,183.00,81.54,Newcastle,R-09,31.33
INV-103965,2024-07-18,C-119,SKU-00039,3,204.00,85.68,Perth,R-09,19.61
INV-103966,2024-12-07,C-242,SKU-00022,11,477.00,76.12,Sydney,R-12,43.83
INV-103967,2024-06-04,C-417,SKU-00017,1,69.00,71.29,Perth,R-10,16.57
INV-103968,2025-03-16,C-395,SKU-00017,9,69.00,72.63,Sydney,R-15,26.79
INV-103969,2025-01-17,C-114,SKU-00035,12,571.00,70.44,Sydney,R-03,39.01
INV-103970,2025-01-04,C-241,SKU-00058,5,513.00,78.89,Newcastle,R-10,6.12
INV-103971,2025-05-13,C-339,SKU-00001,19,569.00,84.74,Adelaide,R-27,37.27
INV-103972,2024-04-11,C-172,SKU-00037,23,831.00,70.38,Newcastle,R-02,18.61
INV-103973,2024-05-08,C-214,SKU-00051,9,246.00,76.41,Perth,R-13,20.27
INV-103974,2025-10-15,C-060,SKU-00004,10,340.00,73.30,Brisbane,R-24,29.77
INV-103975,2024-12-18,C-021,SKU-00043,10,320.00,76.80,Adelaide,R-07,3.01
INV-103976,2025-04-24,C-048,SKU-00042,12,292.00,88.80,Newcastle,R-17,26.34
INV-103977,2025-10-24,C-312,SKU-00007,13,284.00,83.46,Perth,R-08,16.55
INV-103978,2024-11-04,C-081,SKU-00050,22,201.00,86.24,Sydney,R-16,43.35
INV-103979,2025-09-23,C-053,SKU-00010,2,27.00,77.70,Perth,R-16,1.58
INV-103980,2025-09-25,C-206,SKU-00032,24,60.00,73.97,Newcastle,R-22,1.03
INV-103981,2025-12-04,C-125,SKU-00011,7,62.00,72.80,Brisbane,R-17,0.78
INV-103982,2025-07-26,C-404,SKU-00037,6,831.00,75.36,Adelaide,R-10,14.35
INV-103983,2025-02-14,C-079,SKU-00017,12,69.00,79.68,Newcastle,R-23,1.54
INV-103984,2025-07-19,C-178,SKU-00052,8,834.00,84.24,Newcastle,R-26,32.46
INV-103985,2025-07-17,C-014,SKU-00006,5,428.00,77.15,Sydney,R-13,14.00
INV-103986,2024-11-20,C-313,SKU-00015,14,332.00,75.04,Sydney,R-25,21.68
INV-103987,2024-12-24,C-349,SKU-00021,11,453.00,81.29,Sydney,R-26,11.58
INV-103988,2024-10-09,C-271,SKU-00041,24,612.00,90.00,Brisbane,R-21,44.11
INV-103989,2024-12-17,C-297,SKU-00039,12,204.00,77.52,Perth,R-14,28.16
INV-103990,2025-12-02,C-306,SKU-00029,13,291.00,67.93,Brisbane,R-28,13.71
INV-103991,2025-06-12,C-236,SKU-00037,17,831.00,74.12,Newcastle,R-04,24.13
INV-103992,2024-02-26,C-248,SKU-00036,20,224.00,84.60,Newcastle,R-17,4.96
INV-103993,2025-07-28,C-101,SKU-00032,5,60.00,74.45,Newcastle,R-01,4.13
INV-103994,2024-05-07,C-020,SKU-00004,3,340.00,74.40,Perth,R-04,44.52
INV-103995,2024-07-11,C-243,SKU-00053,7,589.00,79.80,Melbourne,R-16,4.26
INV-103996,2024-08-21,C-345,SKU-00040,3,257.00,88.56,Sydney,R-07,25.07
INV-103997,2024-11-04,C-389,SKU-00056,8,481.00,85.28,Perth,R-15,21.08
INV-103998,2025-06-19,C-059,SKU-00015,7,332.00,88.27,Perth,R-22,37.21
INV-103999,2024-11-17,C-211,SKU-00052,14,834.00,90.02,Newcastle,R-28,16.67
INV-104000,2025-11-20,C-127,SKU-00054,18,714.00,65.08,Perth,R-16,0.88
INV-104001,2024-08-21,C-202,SKU-00012,2,822.00,84.34,Newcastle,R-25,42.91
INV-104002,2025-01-21,C-364,SKU-00031,17,336.00,89.93,Sydney,R-17,40.75
INV-104003,2025-03-24,C-107,SKU-00032,7,60.00,78.96,Melbourne,R-03,8.18
INV-104004,2024-05-07,C-120,SKU-00040,10,257.00,73.40,Adelaide,R-01,1.65
INV-104005,2024-05-07,C-369,SKU-00010,5,27.00,74.00,Adelaide,R-16,7.91
INV-104006,2025-11-21,C-301,SKU-00043,21,320.00,72.87,Melbourne,R-13,20.50
INV-104007,2024-08-10,C-045,SKU-00030,13,439.00,86.06,Newcastle,R-07,8.87
INV-104008,2025-12-05,C-331,SKU-00029,5,291.00,77.50,Adelaide,R-11,0.91
INV-104009,2025-01-15,C-134,SKU-00049,5,840.00,80.85,Melbourne,R-05,38.25
INV-104010,2025-06-05,C-157,SKU-00023,23,115.00,70.46,Sydney,R-04,43.83
INV-104011,2025-03-08,C-368,SKU-00054,5,714.00,90.70,Sydney,R-04,15.27
INV-104012,2024-05-22,C-092,SKU-00025,22,345.00,83.60,Brisbane,R-14,31.70
INV-104013,2024-03-05,C-043,SKU-00032,15,60.00,80.10,Brisbane,R-04,37.81
INV-104014,2025-11-02,C-082,SKU-00057,7,143.00,87.57,Melbourne,R-09,18.53
INV-104015,2025-05-02,C-258,SKU-00019,14,357.00,78.12,Perth,R-11,8.38
INV-104016,2025-03-06,C-113,SKU-00028,11,722.00,81.95,Brisbane,R-02,31.50
INV-104017,2024-10-07,C-088,SKU-00026,6,405.00,76.38,Adelaide,R-21,39.32
INV-104018,2025-09-16,C-287,SKU-00039,23,204.00,80.27,Melbourne,R-16,31.31
INV-104019,2024-10-11,C-419,SKU-00010,16,27.00,88.00,Brisbane,R-15,8.89
INV-104020,2025-02-28,C-244,SKU-00036,3,224.00,69.08,Perth,R-10,19.41
INV-104021,2024-11-24,C-381,SKU-00011,11,62.00,83.38,Perth,R-19,43.80
INV-104022,2025-12-11,C-382,SKU-00031,14,336.00,74.76,Newcastle,R-14,24.28
INV-104023,2024-12-09,C-327,SKU-00010,17,27.00,82.28,Adelaide,R-24,35.30
INV-104024,2024-04-15,C-021,SKU-00022,4,477.00,87.84,Adelaide,R-14,29.34
INV-104025,2025-12-02,C-371,SKU-00030,9,439.00,90.09,Adelaide,R-08,8.23
INV-104026,2025-09-10,C-071,SKU-00043,15,320.00,73.80,Brisbane,R-19,41.93
INV-104027,2024-08-25,C-407,SKU-00028,20,722.00,85.40,Adelaide,R-09,30.60
INV-104028,2024-11-08,C-137,SKU-00045,16,841.00,71.84,Perth,R-22,8.70
INV-104029,2025-07-22,C-159,SKU-00041,2,612.00,79.56,Melbourne,R-01,24.20
INV-104030,2024-01-03,C-041,SKU-00050,18,201.00,74.02,Adelaide,R-19,31.88
INV-104031,2025-10-20,C-163,SKU-00013,6,52.00,70.92,Newcastle,R-20,21.15
INV-104032,2024-10-01,C-204,SKU-00001,4,569.00,74.08,Perth,R-28,19.78
INV-104033,2024-02-23,C-033,SKU-00009,16,761.00,77.44,Adelaide,R-18,14.91
INV-104034,2025-05-08,C-074,SKU-00044,1,183.00,71.64,Adelaide,R-03,44.77
INV-104035,2024-06-05,C-198,SKU-00041,9,612.00,78.93,Melbourne,R-19,41.85
INV-104036,2025-02-19,C-232,SKU-00052,16,834.00,89.28,Perth,R-12,8.33
INV-104037,2025-05-17,C-260,SKU-00033,20,111.00,81.40,Sydney,R-15,33.28
INV-104038,2024-05-17,C-380,SKU-00057,1,143.00,90.00,Adelaide,R-09,26.34
INV-104039,2024-04-20,C-406,SKU-00007,3,284.00,76.02,Perth,R-24,37.19
INV-104040,2024-09-23,C-407,SKU-00012,21,822.00,78.44,Adelaide,R-08,33.23
INV-104041,2024-02-03,C-400,SKU-00009,3,761.00,77.34,Newcastle,R-25,35.25
INV-104042,2024-10-06,C-343,SKU-00006,7,428.00,87.78,Newcastle,R-01,35.23
INV-104043,2025-03-11,C-354,SKU-00032,7,60.00,90.02,Perth,R-13,43.44
INV-104044,2025-05-15,C-346,SKU-00038,10,427.00,81.90,Newcastle,R-27,27.88
INV-104045,2024-02-13,C-317,SKU-00009,12,761.00,77.28,Melbourne,R-16,8.12
INV-104046,2024-09-05,C-255,SKU-00010,11,27.00,87.12,Sydney,R-23,14.99
INV-104047,2024-04-16,C-186,SKU-00009,10,761.00,90.90,Brisbane,R-24,8.84
INV-104048,2024-07-16,C-341,SKU-00004,19,340.00,72.39,Perth,R-22,37.66
INV-104049,2025-10-23,C-053,SKU-00013,3,52.00,79.62,Perth,R-28,20.48
INV-104050,2024-06-22,C-057,SKU-00056,19,481.00,80.93,Sydney,R-16,21.93
INV-104051,2024-12-18,C-087,SKU-00041,24,612.00,71.52,Melbourne,R-26,8.20
INV-104052,2024-08-19,C-345,SKU-00011,9,62.00,86.31,Sydney,R-25,40.94
INV-104053,2025-05-01,C-087,SKU-00030,6,439.00,85.92,Melbourne,R-13,8.23
INV-104054,2025-12-19,C-049,SKU-00007,20,284.00,78.40,Melbourne,R-07,34.90
INV-104055,2024-02-02,C-392,SKU-00022,24,477.00,76.08,Sydney,R-12,35.28
INV-104056,2024-02-25,C-246,SKU-00025,1,345.00,84.19,Newcastle,R-08,39.68
INV-104057,2025-04-09,C-028,SKU-00034,9,214.00,71.64,Melbourne,R-13,15.20
INV-104058,2025-06-21,C-117,SKU-00011,8,62.00,77.68,Adelaide,R-20,44.14
INV-104059,2025-09-12,C-386,SKU-00016,20,574.00,85.00,Brisbane,R-22,35.80
INV-104060,2025-07-27,C-192,SKU-00042,13,292.00,78.10,Newcastle,R-20,0.38
INV-104061,2024-11-27,C-215,SKU-00049,17,840.00,72.08,Newcastle,R-11,18.91
INV-104062,2024-11-03,C-383,SKU-00005,21,643.00,78.96,Perth,R-26,21.78
INV-104063,2025-04-24,C-275,SKU-00039,14,204.00,84.98,Adelaide,R-19,19.02
INV-104064,2024-05-08,C-014,SKU-00045,4,841.00,85.44,Sydney,R-18,12.74
INV-104065,2025-09-28,C-310,SKU-00052,22,834.00,73.04,Perth,R-18,6.66
INV-104066,2025-10-10,C-039,SKU-00026,4,405.00,88.44,Perth,R-27,33.28
INV-104067,2024-08-07,C-400,SKU-00015,11,332.00,74.36,Newcastle,R-02,26.55
INV-104068,2025-07-13,C-079,SKU-00035,19,571.00,72.96,Newcastle,R-11,25.34
INV-104069,2025-05-25,C-162,SKU-00015,8,332.00,85.44,Perth,R-07,5.07
INV-104070,2025-05-25,C-184,SKU-00031,17,336.00,68.66,Brisbane,R-02,24.50
INV-104071,2024-07-22,C-420,SKU-00004,5,340.00,74.85,Perth,R-23,34.13
INV-104072,2024-12-22,C-186,SKU-00021,2,453.00,74.10,Brisbane,R-07,38.35
INV-104073,2025-12-07,C-098,SKU-00043,16,320.00,73.76,Adelaide,R-22,4.70
INV-104074,2024-04-15,C-184,SKU-00045,10,841.00,77.40,Brisbane,R-09,19.02
INV-104075,2025-10-23,C-036,SKU-00054,5,714.00,77.55,Melbourne,R-08,43.65
INV-104076,2024-08-17,C-353,SKU-00016,13,574.00,81.12,Adelaide,R-18,13.83
INV-104077,2024-10-18,C-054,SKU-00039,11,204.00,84.70,Brisbane,R-11,20.96
INV-104078,2025-03-25,C-166,SKU-00021,3,453.00,89.16,Adelaide,R-23,23.82
INV-104079,2025-05-15,C-082,SKU-00015,5,332.00,84.85,Melbourne,R-09,35.29
INV-104080,2024-09-02,C-069,SKU-00006,20,428.00,78.38,Sydney,R-04,44.12
INV-104081,2025-11-14,C-068,SKU-00008,18,232.00,89.64,Adelaide,R-04,20.91
INV-104082,2025-09-14,C-068,SKU-00044,10,183.00,79.60,Adelaide,R-25,28.59
INV-104083,2025-09-24,C-351,SKU-00015,24,332.00,90.00,Adelaide,R-07,2.00
INV-104084,2025-12-23,C-355,SKU-00047,13,371.00,88.27,Newcastle,R-05,31.71
INV-104085,2024-09-08,C-002,SKU-00054,11,714.00,80.63,Perth,R-03,33.03
INV-104086,2025-10-14,C-382,SKU-00010,1,27.00,73.68,Newcastle,R-19,6.86
INV-104087,2025-01-26,C-268,SKU-00055,11,703.00,71.39,Newcastle,R-16,11.52
INV-104088,2025-03-12,C-010,SKU-00018,23,268.00,90.39,Perth,R-17,15.18
INV-104089,2024-04-25,C-155,SKU-00034,11,214.00,87.23,Perth,R-09,33.87
INV-104090,2024-06-04,C-414,SKU-00021,9,453.00,68.14,Melbourne,R-07,19.36
INV-104091,2024-03-26,C-125,SKU-00031,23,336.00,90.16,Brisbane,R-10,5.69
INV-104092,2024-12-02,C-251,SKU-00001,23,569.00,89.01,Perth,R-15,13.21
INV-104093,2024-12-20,C-411,SKU-00010,2,27.00,84.78,Perth,R-16,17.34
INV-104094,2025-07-08,C-406,SKU-00022,10,477.00,73.40,Perth,R-23,35.76
INV-104095,2025-04-13,C-294,SKU-00029,14,291.00,90.72,Melbourne,R-16,5.09
INV-104096,2024-04-25,C-017,SKU-00043,24,320.00,76.56,Adelaide,R-11,43.53
INV-104097,2025-06-19,C-111,SKU-00058,2,513.00,74.00,Adelaide,R-15,38.43
INV-104098,2024-11-19,C-259,SKU-00002,11,592.00,88.22,Sydney,R-15,39.35
INV-104099,2025-08-18,C-383,SKU-00041,15,612.00,85.95,Perth,R-24,41.26
INV-104100,2024-05-15,C-364,SKU-00015,16,332.00,70.51,Sydney,R-07,30.88
INV-104101,2024-11-25,C-092,SKU-00039,7,204.00,75.67,Brisbane,R-04,42.26
INV-104102,2024-08-03,C-325,SKU-00001,24,569.00,90.24,Sydney,R-19,6.90
INV-104103,2024-02-22,C-360,SKU-00026,3,405.00,88.23,Melbourne,R-13,29.38
INV-104104,2024-06-20,C-352,SKU-00047,15,371.00,84.00,Melbourne,R-06,24.01
INV-104105,2024-06-14,C-291,SKU-00033,14,111.00,71.96,Melbourne,R-18,18.54
INV-104106,2024-04-25,C-040,SKU-00038,22,427.00,72.60,Melbourne,R-18,33.59
INV-104107,2025-03-02,C-109,SKU-00042,16,292.00,84.96,Sydney,R-02,24.28
INV-104108,2025-06-11,C-232,SKU-00029,17,291.00,87.72,Perth,R-07,23.90
INV-104109,2025-02-25,C-273,SKU-00033,8,111.00,73.12,Sydney,R-19,33.53
INV-104110,2025-11-13,C-392,SKU-00041,4,612.00,65.47,Sydney,R-02,42.48
INV-104111,2025-01-04,C-350,SKU-00056,23,481.00,70.38,Perth,R-11,4.69
INV-104112,2025-05-07,C-294,SKU-00056,21,481.00,74.97,Melbourne,R-21,2.93
INV-104113,2024-04-11,C-059,SKU-00001,13,569.00,73.58,Perth,R-20,16.92
INV-104114,2025-11-13,C-224,SKU-00035,5,571.00,75.00,Sydney,R-25,8.16
INV-104115,2025-10-26,C-343,SKU-00055,19,703.00,71.06,Newcastle,R-10,19.49
INV-104116,2025-01-11,C-031,SKU-00036,11,224.00,77.00,Newcastle,R-05,31.95
INV-104117,2024-09-11,C-185,SKU-00021,7,453.00,82.95,Sydney,R-24,10.97
INV-104118,2025-10-01,C-181,SKU-00013,8,52.00,79.60,Perth,R-28,22.03
INV-104119,2024-06-25,C-195,SKU-00042,13,292.00,79.69,Melbourne,R-12,27.55
INV-104120,2024-09-17,C-372,SKU-00054,5,714.00,82.57,Melbourne,R-04,14.16
INV-104121,2025-01-02,C-095,SKU-00055,10,703.00,86.80,Sydney,R-16,37.23
INV-104122,2024-10-24,C-287,SKU-00033,19,111.00,72.20,Melbourne,R-12,28.25
INV-104123,2025-04-22,C-115,SKU-00037,5,831.00,76.10,Melbourne,R-02,16.20
INV-104124,2024-04-06,C-331,SKU-00012,22,822.00,81.62,Adelaide,R-27,1.25
INV-104125,2025-02-15,C-009,SKU-00057,8,143.00,84.96,Brisbane,R-14,27.73
INV-104126,2024-03-14,C-116,SKU-00006,3,428.00,71.91,Sydney,R-18,20.12
INV-104127,2024-12-04,C-248,SKU-00015,1,332.00,87.63,Newcastle,R-27,16.36
INV-104128,2025-11-17,C-371,SKU-00046,8,711.00,77.68,Adelaide,R-13,42.49
INV-104129,2024-12-19,C-332,SKU-00042,11,292.00,76.67,Perth,R-14,4.93
INV-104130,2025-12-20,C-186,SKU-00035,6,571.00,67.18,Brisbane,R-27,32.84
INV-104131,2024-03-25,C-392,SKU-00016,6,574.00,76.08,Sydney,R-18,0.40
INV-104132,2025-05-09,C-241,SKU-00054,19,714.00,77.71,Newcastle,R-20,24.84
INV-104133,2024-05-27,C-097,SKU-00009,4,761.00,79.20,Brisbane,R-11,38.47
INV-104134,2025-02-16,C-304,SKU-00054,22,714.00,70.62,Melbourne,R-12,10.72
INV-104135,2025-07-16,C-204,SKU-00036,7,224.00,80.64,Perth,R-03,29.59
INV-104136,2025-02-21,C-099,SKU-00007,12,284.00,81.60,Perth,R-21,13.79
INV-104137,2024-03-20,C-378,SKU-00006,15,428.00,87.60,Melbourne,R-02,35.52
INV-104138,2024-09-05,C-109,SKU-00048,7,553.00,74.41,Sydney,R-26,9.93
INV-104139,2024-05-14,C-122,SKU-00024,2,208.00,75.38,Brisbane,R-25,35.65
INV-104140,2024-03-03,C-219,SKU-00003,14,237.00,77.28,Melbourne,R-21,13.00
INV-104141,2025-03-13,C-068,SKU-00058,6,513.00,74.40,Adelaide,R-19,4.75
INV-104142,2025-06-06,C-350,SKU-00055,19,703.00,87.59,Perth,R-03,33.75
INV-104143,2025-11-10,C-240,SKU-00051,2,246.00,81.40,Adelaide,R-17,0.85
INV-104144,2025-12-09,C-100,SKU-00048,1,553.00,74.29,Brisbane,R-24,38.07
INV-104145,2024-03-28,C-175,SKU-00039,12,204.00,90.00,Perth,R-25,11.73
INV-104146,2024-03-25,C-306,SKU-00005,7,643.00,79.10,Brisbane,R-06,14.66
INV-104147,2025-11-04,C-282,SKU-00051,23,246.00,79.35,Adelaide,R-12,6.91
INV-104148,2024-01-12,C-169,SKU-00019,16,357.00,79.36,Melbourne,R-20,25.25
INV-104149,2025-05-11,C-122,SKU-00027,24,107.00,72.96,Brisbane,R-05,38.42
INV-104150,2025-07-14,C-138,SKU-00050,5,201.00,65.83,Newcastle,R-27,41.52
INV-104151,2025-07-25,C-292,SKU-00027,20,107.00,76.60,Perth,R-13,19.05
INV-104152,2025-07-10,C-021,SKU-00019,12,357.00,77.16,Adelaide,R-04,29.40
INV-104153,2025-03-21,C-247,SKU-00023,2,115.00,71.68,Sydney,R-04,24.94
INV-104154,2025-09-19,C-174,SKU-00045,10,841.00,85.20,Brisbane,R-08,38.68
INV-104155,2024-08-09,C-061,SKU-00058,22,513.00,77.88,Sydney,R-08,28.25
INV-104156,2025-04-23,C-099,SKU-00026,2,405.00,87.08,Perth,R-05,12.67
INV-104157,2024-07-02,C-269,SKU-00013,18,52.00,73.98,Newcastle,R-21,28.57
INV-104158,2025-09-23,C-286,SKU-00045,15,841.00,75.00,Brisbane,R-24,7.72
INV-104159,2024-08-28,C-112,SKU-00051,24,246.00,84.00,Brisbane,R-06,1.40
INV-104160,2024-07-27,C-147,SKU-00037,22,831.00,72.26,Sydney,R-23,7.78
INV-104161,2024-04-01,C-373,SKU-00046,24,711.00,76.56,Newcastle,R-11,12.45
INV-104162,2025-08-19,C-390,SKU-00032,3,60.00,83.52,Adelaide,R-21,7.71
INV-104163,2024-11-19,C-255,SKU-00016,17,574.00,72.42,Sydney,R-20,44.40
INV-104164,2025-02-26,C-236,SKU-00003,12,237.00,85.44,Newcastle,R-01,5.83
INV-104165,2024-03-16,C-247,SKU-00041,4,612.00,76.88,Sydney,R-26,8.42
INV-104166,2024-01-10,C-218,SKU-00002,12,592.00,74.64,Newcastle,R-14,3.85
INV-104167,2024-09-15,C-217,SKU-00035,17,571.00,76.84,Newcastle,R-10,42.68
INV-104168,2024-12-05,C-355,SKU-00007,1,284.00,74.09,Newcastle,R-13,36.78
INV-104169,2024-05-18,C-352,SKU-00010,15,27.00,83.85,Melbourne,R-17,9.38
INV-104170,2025-08-02,C-169,SKU-00027,1,107.00,77.18,Melbourne,R-05,29.66
INV-104171,2024-02-06,C-266,SKU-00028,20,722.00,87.80,Adelaide,R-18,25.43
INV-104172,2025-05-21,C-229,SKU-00028,15,722.00,74.10,Brisbane,R-12,31.51
INV-104173,2024-10-19,C-066,SKU-00030,8,439.00,77.28,Adelaide,R-05,38.09
INV-104174,2024-11-12,C-266,SKU-00010,10,27.00,74.30,Adelaide,R-27,23.13
INV-104175,2025-07-14,C-361,SKU-00045,6,841.00,90.90,Melbourne,R-18,8.03
INV-104176,2024-04-20,C-108,SKU-00003,18,237.00,80.46,Perth,R-06,26.53
INV-104177,2025-02-20,C-296,SKU-00032,16,60.00,72.64,Newcastle,R-04,25.20
INV-104178,2024-06-23,C-072,SKU-00058,19,513.00,77.52,Perth,R-12,3.68
INV-104179,2025-11-10,C-135,SKU-00010,14,27.00,75.88,Newcastle,R-08,35.26
INV-104180,2025-05-22,C-239,SKU-00036,5,224.00,66.33,Perth,R-05,28.17
INV-104181,2025-10-25,C-236,SKU-00045,19,841.00,84.93,Newcastle,R-09,21.95
INV-104182,2024-03-01,C-294,SKU-00005,13,643.00,85.41,Melbourne,R-25,43.84
INV-104183,2025-01-07,C-273,SKU-00015,5,332.00,78.15,Sydney,R-03,15.38
INV-104184,2025-12-07,C-009,SKU-00056,17,481.00,82.96,Brisbane,R-24,30.78
INV-104185,2025-12-25,C-184,SKU-00031,4,336.00,86.56,Brisbane,R-06,43.25
INV-104186,2025-02-16,C-248,SKU-00022,13,477.00,89.83,Newcastle,R-22,20.73
INV-104187,2024-12-05,C-296,SKU-00035,20,571.00,80.00,Newcastle,R-08,28.86
INV-104188,2025-11-21,C-353,SKU-00052,8,834.00,71.68,Adelaide,R-01,28.04
INV-104189,2025-08-22,C-067,SKU-00007,20,284.00,76.80,Adelaide,R-05,5.14
INV-104190,2024-04-08,C-048,SKU-00004,18,340.00,81.64,Newcastle,R-22,43.84
INV-104191,2024-05-01,C-389,SKU-00034,4,214.00,71.52,Perth,R-24,23.12
INV-104192,2025-03-26,C-400,SKU-00012,1,822.00,83.36,Newcastle,R-12,3.39
INV-104193,2024-08-10,C-153,SKU-00010,19,27.00,85.31,Perth,R-04,23.29
INV-104194,2024-11-18,C-317,SKU-00006,11,428.00,78.43,Melbourne,R-18,30.27
INV-104195,2025-01-04,C-388,SKU-00052,6,834.00,72.90,Adelaide,R-24,38.98
INV-104196,2024-04-03,C-174,SKU-00037,9,831.00,87.12,Brisbane,R-14,7.57
INV-104197,2024-02-19,C-152,SKU-00051,17,246.00,83.98,Melbourne,R-13,4.13
INV-104198,2025-12-21,C-087,SKU-00041,13,612.00,73.06,Melbourne,R-07,4.50
INV-104199,2024-01-09,C-324,SKU-00040,11,257.00,70.62,Newcastle,R-09,28.92
INV-104200,2025-04-08,C-119,SKU-00011,2,62.00,64.79,Perth,R-20,4.98
INV-104201,2025-09-25,C-265,SKU-00047,13,371.00,87.49,Perth,R-10,20.65
INV-104202,2025-10-12,C-313,SKU-00026,4,405.00,75.96,Sydney,R-04,6.77
INV-104203,2024-10-27,C-158,SKU-00028,2,722.00,90.36,Melbourne,R-25,14.42
INV-104204,2025-06-12,C-062,SKU-00048,7,553.00,73.29,Perth,R-05,1.27
INV-104205,2025-05-22,C-044,SKU-00032,24,60.00,81.60,Brisbane,R-18,43.67
INV-104206,2024-01-20,C-061,SKU-00040,23,257.00,88.78,Sydney,R-12,33.86
INV-104207,2024-02-19,C-202,SKU-00042,22,292.00,85.14,Newcastle,R-11,44.44
INV-104208,2024-09-16,C-142,SKU-00043,20,320.00,74.40,Melbourne,R-20,15.42
INV-104209,2024-05-03,C-192,SKU-00025,14,345.00,75.60,Newcastle,R-08,0.68
INV-104210,2024-06-01,C-352,SKU-00031,8,336.00,70.58,Melbourne,R-15,35.22
INV-104211,2024-10-02,C-348,SKU-00013,12,52.00,86.40,Sydney,R-25,5.66
INV-104212,2024-04-27,C-189,SKU-00035,6,571.00,79.80,Brisbane,R-28,30.35
INV-104213,2025-03-04,C-151,SKU-00053,10,589.00,83.30,Melbourne,R-13,7.09
INV-104214,2025-11-12,C-036,SKU-00034,10,214.00,80.10,Melbourne,R-02,9.10
INV-104215,2024-07-03,C-124,SKU-00042,9,292.00,77.76,Adelaide,R-02,43.92
INV-104216,2025-10-04,C-113,SKU-00043,10,320.00,82.60,Brisbane,R-02,18.29
INV-104217,2025-06-12,C-156,SKU-00040,7,257.00,71.26,Melbourne,R-01,35.61
INV-104218,2024-08-21,C-148,SKU-00028,10,722.00,74.60,Melbourne,R-07,36.71
INV-104219,2024-08-13,C-181,SKU-00006,11,428.00,83.71,Perth,R-24,1.54
INV-104220,2025-01-16,C-300,SKU-00010,10,27.00,79.67,Brisbane,R-07,27.83
INV-104221,2024-03-05,C-143,SKU-00047,23,371.00,78.43,Adelaide,R-02,38.38
INV-104222,2024-10-22,C-399,SKU-00056,6,481.00,71.46,Perth,R-09,17.34
INV-104223,2025-05-14,C-191,SKU-00047,7,371.00,75.18,Newcastle,R-08,33.29
INV-104224,2024-01-18,C-073,SKU-00037,4,831.00,72.40,Melbourne,R-09,21.78
INV-104225,2024-12-04,C-309,SKU-00038,7,427.00,72.66,Adelaide,R-08,5.02
INV-104226,2024-05-20,C-239,SKU-00009,23,761.00,86.48,Perth,R-04,13.78
INV-104227,2024-11-24,C-065,SKU-00037,23,831.00,73.83,Adelaide,R-24,37.76
INV-104228,2024-02-17,C-328,SKU-00014,8,632.00,78.96,Newcastle,R-13,1.01
INV-104229,2024-07-06,C-274,SKU-00017,16,69.00,73.12,Newcastle,R-16,15.34
INV-104230,2024-09-03,C-330,SKU-00041,21,612.00,75.54,Brisbane,R-10,2.10
INV-104231,2024-04-04,C-334,SKU-00004,8,340.00,88.96,Brisbane,R-11,27.91
INV-104232,2024-10-18,C-414,SKU-00044,19,183.00,83.22,Melbourne,R-01,20.20
INV-104233,2024-01-20,C-132,SKU-00020,13,702.00,90.48,Newcastle,R-10,16.65
INV-104234,2024-03-06,C-400,SKU-00010,5,27.00,82.05,Newcastle,R-11,39.40
INV-104235,2025-07-11,C-327,SKU-00026,3,405.00,87.27,Adelaide,R-10,11.22
INV-104236,2025-05-06,C-407,SKU-00001,16,569.00,87.52,Adelaide,R-22,4.30
INV-104237,2025-10-11,C-339,SKU-00057,13,143.00,72.15,Adelaide,R-17,9.54
INV-104238,2025-05-02,C-370,SKU-00023,14,115.00,85.12,Adelaide,R-14,7.91
INV-104239,2025-03-14,C-193,SKU-00020,3,702.00,87.30,Brisbane,R-26,13.40
INV-104240,2025-08-14,C-315,SKU-00008,5,232.00,77.60,Brisbane,R-22,3.68
INV-104241,2025-08-15,C-055,SKU-00030,11,439.00,73.59,Adelaide,R-28,27.36
INV-104242,2025-12-01,C-337,SKU-00034,9,214.00,73.17,Sydney,R-20,34.67
INV-104243,2024-02-19,C-364,SKU-00023,20,115.00,72.60,Sydney,R-26,17.45
INV-104244,2025-11-19,C-122,SKU-00005,21,643.00,72.87,Brisbane,R-20,7.88
INV-104245,2025-06-16,C-283,SKU-00024,6,208.00,87.90,Brisbane,R-24,44.09
INV-104246,2024-06-14,C-082,SKU-00029,8,291.00,76.96,Melbourne,R-01,26.05
INV-104247,2025-12-15,C-075,SKU-00022,16,477.00,82.08,Brisbane,R-22,28.95
INV-104248,2025-05-08,C-272,SKU-00032,7,60.00,86.59,Adelaide,R-01,8.06
INV-104249,2025-08-17,C-037,SKU-00010,18,27.00,70.92,Adelaide,R-18,20.37
INV-104250,2025-05-08,C-260,SKU-00051,15,246.00,66.24,Sydney,R-12,36.14
INV-104251,2025-03-03,C-396,SKU-00024,19,208.00,72.58,Adelaide,R-06,8.17
INV-104252,2025-02-24,C-027,SKU-00041,18,612.00,79.20,Brisbane,R-03,38.06
INV-104253,2025-06-08,C-105,SKU-00026,16,405.00,80.48,Sydney,R-19,17.35
INV-104254,2025-12-04,C-071,SKU-00050,3,201.00,88.68,Brisbane,R-08,41.73
INV-104255,2024-11-11,C-287,SKU-00010,24,27.00,81.12,Melbourne,R-21,40.11
INV-104256,2025-07-02,C-341,SKU-00008,16,232.00,77.28,Perth,R-10,14.87
INV-104257,2024-01-23,C-355,SKU-00046,2,711.00,86.16,Newcastle,R-07,10.93
INV-104258,2025-12-21,C-206,SKU-00017,6,69.00,81.66,Newcastle,R-01,23.11
INV-104259,2025-03-04,C-194,SKU-00058,4,513.00,72.04,Brisbane,R-18,22.36
INV-104260,2024-12-21,C-267,SKU-00002,21,592.00,81.72,Sydney,R-24,44.75
INV-104261,2024-11-23,C-387,SKU-00057,23,143.00,86.02,Sydney,R-05,39.56
INV-104262,2025-09-04,C-163,SKU-00005,16,643.00,72.32,Newcastle,R-05,35.22
INV-104263,2024-12-06,C-300,SKU-00032,6,60.00,74.70,Brisbane,R-24,26.06
INV-104264,2025-07-11,C-042,SKU-00023,3,115.00,75.54,Sydney,R-01,39.64
INV-104265,2024-09-16,C-252,SKU-00019,23,357.00,80.27,Brisbane,R-21,14.91
INV-104266,2024-08-15,C-016,SKU-00004,9,340.00,72.00,Brisbane,R-03,8.07
INV-104267,2024-02-26,C-123,SKU-00053,2,589.00,85.60,Brisbane,R-04,14.21
INV-104268,2025-03-24,C-217,SKU-00019,6,357.00,75.78,Newcastle,R-16,40.58
INV-104269,2024-02-27,C-152,SKU-00049,23,840.00,76.59,Melbourne,R-18,35.09
INV-104270,2025-02-26,C-031,SKU-00053,5,589.00,81.93,Newcastle,R-06,21.53
INV-104271,2025-01-09,C-124,SKU-00013,21,52.00,84.00,Adelaide,R-23,13.01
INV-104272,2024-05-18,C-289,SKU-00047,4,371.00,72.20,Perth,R-01,30.47
INV-104273,2025-04-09,C-363,SKU-00015,12,332.00,84.72,Perth,R-20,37.02
INV-104274,2024-08-02,C-075,SKU-00031,4,336.00,72.40,Brisbane,R-05,34.31
INV-104275,2024-05-09,C-024,SKU-00029,12,291.00,83.76,Melbourne,R-19,38.21
INV-104276,2024-02-26,C-253,SKU-00004,9,340.00,71.01,Melbourne,R-22,24.36
INV-104277,2024-04-07,C-080,SKU-00027,22,107.00,80.08,Newcastle,R-07,36.27
INV-104278,2024-11-02,C-297,SKU-00009,8,761.00,72.40,Perth,R-11,14.63
INV-104279,2024-02-01,C-346,SKU-00031,6,336.00,80.64,Newcastle,R-15,4.63
INV-104280,2025-07-21,C-237,SKU-00043,16,320.00,79.78,Brisbane,R-03,33.34
INV-104281,2025-11-07,C-282,SKU-00005,6,643.00,78.66,Adelaide,R-18,29.19
INV-104282,2024-05-15,C-095,SKU-00040,22,257.00,72.60,Sydney,R-11,0.24
INV-104283,2024-09-26,C-190,SKU-00056,14,481.00,71.12,Adelaide,R-17,44.01
INV-104284,2024-01-18,C-337,SKU-00003,1,237.00,74.08,Sydney,R-18,26.83
INV-104285,2025-10-10,C-331,SKU-00032,12,60.00,84.96,Adelaide,R-24,39.91
INV-104286,2025-10-03,C-108,SKU-00029,5,291.00,80.95,Perth,R-11,32.12
INV-104287,2024-10-19,C-098,SKU-00021,12,453.00,81.60,Adelaide,R-07,8.05
INV-104288,2024-08-13,C-226,SKU-00017,2,69.00,87.82,Perth,R-14,9.26
INV-104289,2024-02-07,C-203,SKU-00006,8,428.00,78.80,Sydney,R-09,18.09
INV-104290,2024-03-15,C-122,SKU-00044,7,183.00,78.83,Brisbane,R-16,37.10
INV-104291,2024-03-20,C-020,SKU-00001,4,569.00,82.16,Perth,R-05,3.39
INV-104292,2025-06-21,C-373,SKU-00020,5,702.00,78.60,Newcastle,R-06,32.28
INV-104293,2025-04-28,C-098,SKU-00058,1,513.00,83.26,Adelaide,R-10,25.72
INV-104294,2024-02-13,C-061,SKU-00049,10,840.00,74.70,Sydney,R-24,24.56
INV-104295,2024-03-12,C-414,SKU-00007,6,284.00,79.68,Melbourne,R-02,3.65
INV-104296,2024-03-07,C-002,SKU-00013,1,52.00,75.24,Perth,R-04,19.52
INV-104297,2024-12-21,C-399,SKU-00038,5,427.00,82.80,Perth,R-10,34.96
INV-104298,2024-04-15,C-210,SKU-00028,18,722.00,87.66,Adelaide,R-05,8.31
INV-104299,2025-12-15,C-107,SKU-00019,9,357.00,87.66,Melbourne,R-13,38.42
INV-104300,2025-05-04,C-209,SKU-00011,13,62.00,66.38,Newcastle,R-27,38.57
INV-104301,2024-08-13,C-305,SKU-00030,20,439.00,89.00,Perth,R-20,32.99
INV-104302,2024-02-19,C-192,SKU-00045,24,841.00,74.16,Newcastle,R-02,35.73
INV-104303,2025-09-07,C-118,SKU-00031,21,336.00,82.11,Brisbane,R-02,11.81
INV-104304,2024-02-18,C-123,SKU-00042,2,292.00,73.58,Brisbane,R-13,28.97
INV-104305,2025-01-13,C-067,SKU-00017,24,69.00,71.76,Adelaide,R-15,28.55
INV-104306,2025-01-20,C-038,SKU-00016,1,574.00,73.26,Melbourne,R-08,7.03
INV-104307,2025-07-17,C-171,SKU-00004,21,340.00,77.49,Sydney,R-20,11.88
INV-104308,2024-02-15,C-164,SKU-00011,2,62.00,88.28,Perth,R-18,12.91
INV-104309,2024-05-20,C-247,SKU-00009,14,761.00,75.18,Sydney,R-17,5.10
INV-104310,2025-02-26,C-097,SKU-00041,15,612.00,76.45,Brisbane,R-20,35.02
INV-104311,2024-05-17,C-011,SKU-00034,9,214.00,70.47,Melbourne,R-24,4.55
INV-104312,2024-03-01,C-293,SKU-00008,19,232.00,71.44,Adelaide,R-25,20.01
INV-104313,2024-08-17,C-082,SKU-00017,6,69.00,83.46,Melbourne,R-02,36.23
INV-104314,2025-11-16,C-077,SKU-00054,18,714.00,71.64,Adelaide,R-09,39.82
INV-104315,2025-07-17,C-290,SKU-00046,14,711.00,79.66,Perth,R-21,33.79
INV-104316,2025-02-11,C-268,SKU-00017,9,69.00,76.77,Newcastle,R-07,20.36
INV-104317,2024-02-27,C-401,SKU-00039,12,204.00,86.88,Perth,R-01,4.58
INV-104318,2025-10-07,C-237,SKU-00001,2,569.00,71.40,Brisbane,R-05,33.74
INV-104319,2024-02-04,C-011,SKU-00046,9,711.00,74.16,Melbourne,R-11,4.35
INV-104320,2025-11-21,C-197,SKU-00016,24,574.00,70.66,Melbourne,R-02,3.50
INV-104321,2024-11-26,C-219,SKU-00044,14,183.00,76.02,Melbourne,R-15,41.02
INV-104322,2024-06-05,C-139,SKU-00014,18,632.00,74.16,Perth,R-10,1.74
INV-104323,2025-11-14,C-104,SKU-00002,2,592.00,81.04,Melbourne,R-16,36.89
INV-104324,2025-02-23,C-251,SKU-00018,13,268.00,73.71,Perth,R-07,38.77
INV-104325,2025-09-15,C-281,SKU-00044,12,183.00,89.76,Melbourne,R-11,41.49
INV-104326,2024-04-17,C-241,SKU-00023,19,115.00,74.86,Newcastle,R-07,30.11
INV-104327,2025-07-19,C-051,SKU-00032,23,60.00,81.65,Newcastle,R-02,43.84
INV-104328,2025-08-24,C-268,SKU-00025,23,345.00,74.75,Newcastle,R-22,21.24
INV-104329,2025-04-06,C-005,SKU-00049,5,840.00,79.85,Brisbane,R-25,44.16
INV-104330,2025-07-07,C-390,SKU-00019,1,357.00,69.26,Adelaide,R-16,22.49
INV-104331,2024-06-18,C-254,SKU-00014,6,632.00,76.08,Sydney,R-28,33.07
INV-104332,2025-08-07,C-413,SKU-00023,21,115.00,82.11,Newcastle,R-09,7.73
INV-104333,2024-11-12,C-320,SKU-00058,13,513.00,79.82,Sydney,R-22,35.43
INV-104334,2025-02-08,C-207,SKU-00038,22,427.00,83.38,Melbourne,R-19,26.73
INV-104335,2025-07-11,C-183,SKU-00019,3,357.00,70.59,Perth,R-11,6.35
INV-104336,2025-11-19,C-398,SKU-00048,20,553.00,90.80,Adelaide,R-08,30.67
INV-104337,2025-01-12,C-239,SKU-00044,24,183.00,78.24,Perth,R-04,15.15
INV-104338,2024-01-07,C-068,SKU-00037,22,831.00,73.04,Adelaide,R-21,19.89
INV-104339,2025-06-22,C-171,SKU-00012,10,822.00,72.40,Sydney,R-25,35.70
INV-104340,2025-03-18,C-335,SKU-00019,18,357.00,76.84,Brisbane,R-06,38.03
INV-104341,2025-03-27,C-371,SKU-00020,15,702.00,83.10,Adelaide,R-01,8.21
INV-104342,2025-08-18,C-152,SKU-00008,24,232.00,76.56,Melbourne,R-27,9.91
INV-104343,2024-05-09,C-172,SKU-00043,3,320.00,74.37,Newcastle,R-12,5.47
INV-104344,2024-03-14,C-040,SKU-00033,10,111.00,79.90,Melbourne,R-24,33.73
INV-104345,2024-04-08,C-271,SKU-00024,14,208.00,72.10,Brisbane,R-11,10.98
INV-104346,2024-01-17,C-320,SKU-00056,23,481.00,80.50,Sydney,R-08,43.98
INV-104347,2025-03-14,C-076,SKU-00013,1,52.00,77.31,Perth,R-15,19.16
INV-104348,2025-11-18,C-393,SKU-00016,19,574.00,78.09,Sydney,R-10,1.86
INV-104349,2024-01-12,C-160,SKU-00041,4,612.00,84.80,Melbourne,R-22,43.12
INV-104350,2025-12-17,C-331,SKU-00001,9,569.00,79.16,Adelaide,R-20,37.05
INV-104351,2024-10-07,C-373,SKU-00051,20,246.00,77.60,Newcastle,R-01,15.12
INV-104352,2025-02-08,C-262,SKU-00051,13,246.00,74.88,Adelaide,R-01,23.32
INV-104353,2025-04-10,C-269,SKU-00053,1,589.00,75.65,Newcastle,R-06,33.44
INV-104354,2024-02-21,C-112,SKU-00008,3,232.00,79.50,Brisbane,R-09,37.26
INV-104355,2025-07-27,C-353,SKU-00020,14,702.00,84.42,Adelaide,R-19,17.71
INV-104356,2024-01-21,C-179,SKU-00042,15,292.00,84.45,Newcastle,R-05,28.87
INV-104357,2024-05-17,C-205,SKU-00016,2,574.00,84.28,Sydney,R-02,25.54
INV-104358,2025-06-22,C-184,SKU-00017,21,69.00,70.77,Brisbane,R-04,9.32
INV-104359,2025-01-24,C-043,SKU-00032,10,60.00,90.70,Brisbane,R-13,12.28
INV-104360,2025-10-20,C-188,SKU-00022,16,477.00,77.87,Perth,R-03,24.94
INV-104361,2024-09-18,C-015,SKU-00028,15,722.00,76.05,Sydney,R-11,29.51
INV-104362,2025-06-25,C-197,SKU-00012,24,822.00,88.56,Melbourne,R-12,19.95
INV-104363,2025-04-21,C-368,SKU-00058,8,513.00,74.48,Sydney,R-03,7.62
INV-104364,2024-03-26,C-283,SKU-00024,23,208.00,79.12,Brisbane,R-17,13.68
INV-104365,2024-04-08,C-067,SKU-00035,22,571.00,76.12,Adelaide,R-19,4.27
INV-104366,2024-09-20,C-055,SKU-00058,22,513.00,81.18,Adelaide,R-05,37.58
INV-104367,2024-10-27,C-340,SKU-00033,15,111.00,80.70,Newcastle,R-16,0.63
INV-104368,2025-01-17,C-353,SKU-00021,12,453.00,85.56,Adelaide,R-07,26.89
INV-104369,2024-11-09,C-181,SKU-00055,10,703.00,78.70,Perth,R-22,23.62
INV-104370,2025-10-26,C-273,SKU-00048,14,553.00,78.18,Sydney,R-12,41.76
INV-104371,2024-01-26,C-034,SKU-00016,17,574.00,89.25,Sydney,R-10,10.87
INV-104372,2024-10-20,C-400,SKU-00037,14,831.00,84.00,Newcastle,R-02,3.79
INV-104373,2024-11-23,C-136,SKU-00050,10,201.00,90.70,Sydney,R-15,9.94
INV-104374,2025-01-14,C-222,SKU-00038,6,427.00,83.22,Melbourne,R-11,6.64
INV-104375,2025-08-07,C-048,SKU-00014,15,632.00,88.65,Newcastle,R-20,26.21
INV-104376,2024-09-23,C-361,SKU-00051,3,246.00,88.89,Melbourne,R-08,19.84
INV-104377,2025-12-08,C-381,SKU-00052,21,834.00,76.86,Perth,R-17,37.67
INV-104378,2025-04-03,C-162,SKU-00016,15,574.00,81.15,Perth,R-14,39.30
INV-104379,2025-11-07,C-346,SKU-00026,12,405.00,82.68,Newcastle,R-08,38.34
INV-104380,2025-06-16,C-161,SKU-00002,20,592.00,73.42,Perth,R-23,36.05
INV-104381,2025-03-06,C-352,SKU-00038,18,427.00,83.70,Melbourne,R-16,23.56
INV-104382,2024-01-22,C-310,SKU-00055,2,703.00,73.66,Perth,R-13,14.10
INV-104383,2024-06-14,C-387,SKU-00049,18,840.00,71.28,Sydney,R-22,13.04
INV-104384,2024-09-11,C-374,SKU-00038,6,427.00,70.26,Newcastle,R-02,32.49
INV-104385,2024-09-07,C-025,SKU-00005,10,643.00,70.40,Brisbane,R-11,3.87
INV-104386,2025-12-05,C-019,SKU-00023,20,115.00,78.60,Newcastle,R-28,22.70
INV-104387,2024-08-07,C-093,SKU-00036,23,224.00,88.09,Perth,R-11,44.48
INV-104388,2024-09-04,C-111,SKU-00049,16,840.00,79.36,Adelaide,R-11,40.38
INV-104389,2025-04-28,C-373,SKU-00058,15,513.00,86.25,Newcastle,R-11,31.09
INV-104390,2024-07-05,C-021,SKU-00015,17,332.00,66.63,Adelaide,R-06,11.31
INV-104391,2025-04-17,C-161,SKU-00009,5,761.00,70.70,Perth,R-20,5.55
INV-104392,2024-09-18,C-162,SKU-00028,18,722.00,73.98,Perth,R-02,36.59
INV-104393,2024-04-21,C-007,SKU-00009,5,761.00,86.80,Adelaide,R-12,44.64
INV-104394,2024-10-07,C-313,SKU-00015,6,332.00,75.06,Sydney,R-27,44.42
INV-104395,2025-09-28,C-349,SKU-00024,22,208.00,74.58,Sydney,R-11,10.73
INV-104396,2025-10-16,C-124,SKU-00023,9,115.00,73.26,Adelaide,R-23,0.76
INV-104397,2024-10-22,C-404,SKU-00036,8,224.00,88.40,Adelaide,R-05,24.77
INV-104398,2024-11-06,C-092,SKU-00037,10,831.00,88.00,Brisbane,R-08,18.17
INV-104399,2024-02-06,C-054,SKU-00013,14,52.00,77.42,Brisbane,R-07,10.81
INV-104400,2024-04-14,C-340,SKU-00026,3,405.00,73.94,Newcastle,R-22,2.34
INV-104401,2025-08-23,C-139,SKU-00005,24,643.00,81.60,Perth,R-21,18.96
INV-104402,2024-11-01,C-204,SKU-00013,11,52.00,72.16,Perth,R-06,11.77
INV-104403,2025-07-26,C-382,SKU-00006,7,428.00,77.07,Newcastle,R-04,26.72
INV-104404,2024-03-19,C-314,SKU-00032,21,60.00,80.01,Newcastle,R-13,25.47
INV-104405,2025-10-07,C-001,SKU-00044,23,183.00,74.75,Adelaide,R-15,18.63
INV-104406,2024-10-15,C-255,SKU-00018,3,268.00,79.26,Sydney,R-10,12.97
INV-104407,2024-08-20,C-072,SKU-00056,24,481.00,86.88,Perth,R-26,17.20
INV-104408,2025-11-22,C-274,SKU-00025,17,345.00,80.75,Newcastle,R-15,25.87
INV-104409,2025-06-19,C-041,SKU-00040,2,257.00,79.82,Adelaide,R-17,37.50
INV-104410,2025-06-10,C-292,SKU-00016,8,574.00,67.12,Perth,R-23,19.74
INV-104411,2025-02-12,C-221,SKU-00021,11,453.00,90.86,Newcastle,R-16,21.76
INV-104412,2025-03-22,C-417,SKU-00035,3,571.00,89.43,Perth,R-23,34.74
INV-104413,2025-05-25,C-299,SKU-00036,1,224.00,75.07,Brisbane,R-08,41.41
INV-104414,2024-02-09,C-301,SKU-00050,23,201.00,73.14,Melbourne,R-20,13.43
INV-104415,2024-02-16,C-082,SKU-00038,18,427.00,79.74,Melbourne,R-11,21.88
INV-104416,2024-04-20,C-276,SKU-00005,8,643.00,71.52,Perth,R-04,13.33
INV-104417,2024-01-10,C-253,SKU-00006,3,428.00,74.67,Melbourne,R-12,15.78
INV-104418,2024-04-12,C-329,SKU-00044,13,183.00,82.55,Newcastle,R-16,29.49
INV-104419,2025-03-02,C-266,SKU-00030,20,439.00,75.20,Adelaide,R-28,3.18
INV-104420,2024-07-18,C-372,SKU-00051,1,246.00,76.79,Melbourne,R-11,42.12
INV-104421,2025-10-07,C-141,SKU-00024,2,208.00,78.68,Perth,R-01,19.63
INV-104422,2025-03-27,C-216,SKU-00017,11,69.00,82.39,Brisbane,R-12,42.75
INV-104423,2024-02-10,C-246,SKU-00030,4,439.00,83.00,Newcastle,R-08,39.86
INV-104424,2024-03-07,C-400,SKU-00034,19,214.00,71.25,Newcastle,R-01,31.95
INV-104425,2025-05-03,C-237,SKU-00032,12,60.00,78.36,Brisbane,R-03,15.83
INV-104426,2025-10-08,C-243,SKU-00029,18,291.00,74.88,Melbourne,R-22,14.45
INV-104427,2024-03-28,C-100,SKU-00048,14,553.00,73.78,Brisbane,R-03,12.17
INV-104428,2025-03-18,C-341,SKU-00003,6,237.00,79.08,Perth,R-15,3.10
INV-104429,2024-07-24,C-121,SKU-00052,4,834.00,90.52,Newcastle,R-27,7.57
INV-104430,2024-12-05,C-317,SKU-00057,12,143.00,69.22,Melbourne,R-22,11.10
INV-104431,2024-03-03,C-017,SKU-00054,23,714.00,71.76,Adelaide,R-13,0.90
INV-104432,2025-04-23,C-269,SKU-00016,23,574.00,80.73,Newcastle,R-23,42.71
INV-104433,2024-05-14,C-265,SKU-00045,6,841.00,75.18,Perth,R-09,27.99
INV-104434,2024-04-16,C-180,SKU-00031,11,336.00,79.09,Brisbane,R-18,10.62
INV-104435,2024-06-06,C-200,SKU-00020,11,702.00,81.51,Newcastle,R-20,33.62
INV-104436,2025-04-18,C-145,SKU-00040,6,257.00,77.88,Sydney,R-22,44.87
INV-104437,2025-04-14,C-222,SKU-00018,15,268.00,81.75,Melbourne,R-28,43.41
INV-104438,2025-06-08,C-338,SKU-00023,14,115.00,85.68,Perth,R-20,34.74
INV-104439,2025-11-16,C-078,SKU-00022,8,477.00,72.32,Newcastle,R-08,38.50
INV-104440,2025-02-28,C-243,SKU-00037,11,831.00,72.46,Melbourne,R-08,22.95
INV-104441,2025-06-22,C-222,SKU-00019,5,357.00,72.35,Melbourne,R-25,31.38
INV-104442,2025-04-21,C-403,SKU-00013,7,52.00,77.42,Perth,R-26,43.50
INV-104443,2025-09-18,C-344,SKU-00046,18,711.00,75.96,Melbourne,R-26,14.19
INV-104444,2024-06-25,C-190,SKU-00052,21,834.00,72.87,Adelaide,R-25,35.60
INV-104445,2024-11-07,C-135,SKU-00016,11,574.00,79.42,Newcastle,R-17,42.13
INV-104446,2024-11-11,C-343,SKU-00012,20,822.00,74.40,Newcastle,R-18,35.42
INV-104447,2024-06-21,C-339,SKU-00003,17,237.00,79.39,Adelaide,R-11,4.80
INV-104448,2024-04-21,C-220,SKU-00055,1,703.00,87.69,Adelaide,R-10,1.78
INV-104449,2025-10-25,C-366,SKU-00015,16,332.00,75.84,Melbourne,R-27,38.42
INV-104450,2024-09-23,C-104,SKU-00030,2,439.00,70.38,Melbourne,R-11,0.85
INV-104451,2025-01-07,C-411,SKU-00053,6,589.00,70.74,Perth,R-14,42.74
INV-104452,2025-09-14,C-209,SKU-00034,14,214.00,84.98,Newcastle,R-04,37.06
INV-104453,2025-01-12,C-006,SKU-00019,19,357.00,81.13,Sydney,R-24,35.49
INV-104454,2025-09-07,C-233,SKU-00029,1,291.00,88.88,Sydney,R-19,27.41
INV-104455,2025-09-15,C-031,SKU-00007,11,284.00,71.72,Newcastle,R-15,10.58
INV-104456,2024-06-08,C-268,SKU-00058,7,513.00,71.82,Newcastle,R-23,43.71
INV-104457,2025-12-22,C-024,SKU-00029,5,291.00,82.30,Melbourne,R-11,1.04
INV-104458,2025-02-08,C-263,SKU-00052,16,834.00,72.64,Newcastle,R-09,43.46
INV-104459,2024-06-03,C-283,SKU-00003,15,237.00,72.75,Brisbane,R-14,32.19
INV-104460,2024-12-05,C-364,SKU-00055,4,703.00,83.24,Sydney,R-17,30.89
INV-104461,2025-06-02,C-028,SKU-00024,6,208.00,87.96,Melbourne,R-21,16.43
INV-104462,2024-10-18,C-176,SKU-00009,4,761.00,74.88,Sydney,R-23,9.50
INV-104463,2025-11-22,C-376,SKU-00058,18,513.00,73.80,Brisbane,R-13,34.25
INV-104464,2024-02-02,C-130,SKU-00031,10,336.00,89.50,Sydney,R-03,33.08
INV-104465,2024-08-09,C-020,SKU-00011,6,62.00,78.66,Perth,R-05,26.96
INV-104466,2024-09-07,C-263,SKU-00041,16,612.00,90.88,Newcastle,R-10,12.94
INV-104467,2025-05-26,C-352,SKU-00025,5,345.00,83.95,Melbourne,R-01,22.90
INV-104468,2025-11-13,C-133,SKU-00027,21,107.00,73.92,Brisbane,R-02,27.44
INV-104469,2025-09-10,C-273,SKU-00030,16,439.00,84.96,Sydney,R-16,25.20
INV-104470,2024-04-23,C-250,SKU-00035,4,571.00,70.21,Perth,R-25,4.77
INV-104471,2024-10-18,C-327,SKU-00049,3,840.00,72.36,Adelaide,R-21,42.98
INV-104472,2024-07-13,C-206,SKU-00051,20,246.00,76.60,Newcastle,R-19,42.00
INV-104473,2024-10-09,C-183,SKU-00034,20,214.00,87.00,Perth,R-17,31.45
INV-104474,2025-05-01,C-174,SKU-00019,5,357.00,82.00,Brisbane,R-26,5.09
INV-104475,2025-08-21,C-311,SKU-00012,11,822.00,86.79,Newcastle,R-26,34.00
INV-104476,2024-07-27,C-278,SKU-00028,24,722.00,84.24,Melbourne,R-10,37.85
INV-104477,2025-11-15,C-039,SKU-00058,2,513.00,89.92,Perth,R-03,8.84
INV-104478,2025-06-19,C-276,SKU-00039,17,204.00,79.90,Perth,R-24,18.64
INV-104479,2025-11-11,C-350,SKU-00054,24,714.00,70.80,Perth,R-25,28.37
INV-104480,2024-10-07,C-117,SKU-00007,4,284.00,66.76,Adelaide,R-11,24.33
INV-104481,2025-01-21,C-310,SKU-00028,4,722.00,90.52,Perth,R-19,31.14
INV-104482,2024-08-14,C-082,SKU-00017,3,69.00,83.91,Melbourne,R-25,27.42
INV-104483,2025-10-28,C-366,SKU-00022,10,477.00,84.40,Melbourne,R-15,43.13
INV-104484,2025-05-10,C-165,SKU-00018,24,268.00,85.92,Perth,R-11,3.67
INV-104485,2025-07-28,C-171,SKU-00046,4,711.00,81.36,Sydney,R-02,25.33
INV-104486,2024-12-27,C-231,SKU-00015,17,332.00,70.89,Newcastle,R-09,44.48
INV-104487,2024-02-25,C-157,SKU-00048,9,553.00,88.56,Sydney,R-20,20.15
INV-104488,2024-03-27,C-316,SKU-00026,18,405.00,77.58,Adelaide,R-15,33.73
INV-104489,2024-09-16,C-114,SKU-00052,21,834.00,70.35,Sydney,R-17,16.27
INV-104490,2024-06-25,C-293,SKU-00057,3,143.00,78.55,Adelaide,R-22,30.42
INV-104491,2025-02-09,C-103,SKU-00044,19,183.00,72.77,Sydney,R-23,5.86
INV-104492,2024-04-14,C-078,SKU-00038,7,427.00,84.63,Newcastle,R-12,42.67
INV-104493,2025-05-27,C-349,SKU-00033,3,111.00,72.81,Sydney,R-09,32.80
INV-104494,2024-01-16,C-305,SKU-00014,18,632.00,87.66,Perth,R-05,0.63
INV-104495,2025-12-27,C-220,SKU-00009,5,761.00,82.95,Adelaide,R-12,32.74
INV-104496,2025-02-01,C-360,SKU-00037,24,831.00,73.20,Melbourne,R-21,36.27
INV-104497,2025-03-09,C-073,SKU-00045,6,841.00,75.78,Melbourne,R-15,42.00
INV-104498,2024-04-11,C-108,SKU-00003,14,237.00,86.24,Perth,R-15,12.19
INV-104499,2025-09-06,C-401,SKU-00043,21,320.00,74.76,Perth,R-16,28.97
INV-104500,2024-03-05,C-077,SKU-00003,16,237.00,65.95,Adelaide,R-24,27.76
INV-104501,2024-06-14,C-285,SKU-00026,16,405.00,75.52,Melbourne,R-06,10.26
INV-104502,2025-09-14,C-328,SKU-00052,18,834.00,79.02,Newcastle,R-06,14.35
INV-104503,2024-01-27,C-037,SKU-00025,6,345.00,71.46,Adelaide,R-23,0.32
INV-104504,2025-10-14,C-262,SKU-00001,12,569.00,72.12,Adelaide,R-06,10.79
INV-104505,2025-08-18,C-294,SKU-00008,16,232.00,87.04,Melbourne,R-24,44.75
INV-104506,2024-05-20,C-079,SKU-00045,13,841.00,72.54,Newcastle,R-20,23.61
INV-104507,2025-12-27,C-095,SKU-00045,21,841.00,71.40,Sydney,R-06,1.51
INV-104508,2024-12-09,C-357,SKU-00005,11,643.00,81.95,Newcastle,R-26,11.00
INV-104509,2025-08-09,C-390,SKU-00051,16,246.00,71.84,Adelaide,R-01,6.90
INV-104510,2024-03-07,C-091,SKU-00054,11,714.00,69.02,Brisbane,R-27,9.27
INV-104511,2024-03-01,C-160,SKU-00026,18,405.00,70.56,Melbourne,R-26,26.52
INV-104512,2025-07-14,C-140,SKU-00055,14,703.00,82.18,Sydney,R-03,22.51
INV-104513,2025-04-16,C-395,SKU-00043,11,320.00,82.83,Sydney,R-28,44.46
INV-104514,2025-10-19,C-338,SKU-00012,23,822.00,83.03,Perth,R-22,14.84
INV-104515,2024-03-06,C-175,SKU-00030,24,439.00,85.44,Perth,R-12,16.99
INV-104516,2024-03-13,C-110,SKU-00021,2,453.00,89.74,Brisbane,R-05,5.84
INV-104517,2025-04-25,C-060,SKU-00026,1,405.00,89.59,Brisbane,R-22,41.02
INV-104518,2024-12-19,C-364,SKU-00006,18,428.00,89.82,Sydney,R-02,26.90
INV-104519,2024-03-11,C-056,SKU-00051,7,246.00,85.33,Adelaide,R-16,8.35
INV-104520,2025-09-07,C-317,SKU-00038,21,427.00,69.17,Melbourne,R-22,43.57
INV-104521,2024-11-04,C-159,SKU-00047,4,371.00,70.80,Melbourne,R-27,29.78
INV-104522,2024-08-16,C-240,SKU-00003,21,237.00,76.02,Adelaide,R-18,2.97
INV-104523,2025-02-10,C-225,SKU-00001,20,569.00,74.00,Perth,R-25,18.96
INV-104524,2024-07-23,C-019,SKU-00031,18,336.00,84.60,Newcastle,R-19,44.24
INV-104525,2025-12-27,C-009,SKU-00027,16,107.00,81.28,Brisbane,R-17,34.67
INV-104526,2024-01-10,C-021,SKU-00018,14,268.00,80.08,Adelaide,R-22,40.41
INV-104527,2025-12-26,C-106,SKU-00019,3,357.00,76.44,Sydney,R-24,27.01
INV-104528,2024-04-19,C-089,SKU-00027,22,107.00,74.36,Sydney,R-17,30.89
INV-104529,2025-01-24,C-346,SKU-00022,14,477.00,75.18,Newcastle,R-15,29.75
INV-104530,2025-08-22,C-004,SKU-00029,20,291.00,82.98,Perth,R-15,11.59
INV-104531,2025-02-07,C-356,SKU-00036,6,224.00,70.86,Perth,R-25,8.17
INV-104532,2025-01-01,C-072,SKU-00047,9,371.00,76.59,Perth,R-09,1.12
INV-104533,2024-05-10,C-017,SKU-00054,8,714.00,71.28,Adelaide,R-04,6.38
INV-104534,2024-01-16,C-406,SKU-00040,6,257.00,89.94,Perth,R-02,23.94
INV-104535,2025-12-23,C-235,SKU-00012,21,822.00,90.93,Brisbane,R-24,10.01
INV-104536,2025-03-09,C-326,SKU-00044,7,183.00,76.37,Adelaide,R-24,42.15
INV-104537,2024-09-24,C-119,SKU-00044,20,183.00,79.80,Perth,R-23,28.01
INV-104538,2025-05-15,C-018,SKU-00034,5,214.00,80.60,Melbourne,R-01,9.63
INV-104539,2024-10-03,C-142,SKU-00054,11,714.00,75.79,Melbourne,R-12,20.73
INV-104540,2024-09-14,C-310,SKU-00032,5,60.00,70.10,Perth,R-06,19.30
INV-104541,2025-06-09,C-381,SKU-00057,4,143.00,86.20,Perth,R-15,11.49
INV-104542,2025-09-04,C-360,SKU-00012,22,822.00,88.00,Melbourne,R-11,40.30
INV-104543,2025-03-10,C-354,SKU-00021,15,453.00,76.35,Perth,R-15,24.20
INV-104544,2024-01-13,C-286,SKU-00053,10,589.00,78.30,Brisbane,R-12,38.21
INV-104545,2025-09-17,C-168,SKU-00026,14,405.00,84.28,Brisbane,R-02,4.18
INV-104546,2025-11-25,C-169,SKU-00048,18,553.00,81.00,Melbourne,R-06,44.37
INV-104547,2024-12-18,C-359,SKU-00004,5,340.00,78.75,Sydney,R-21,40.30
INV-104548,2025-09-27,C-042,SKU-00032,24,60.00,71.52,Sydney,R-27,44.09
INV-104549,2025-02-09,C-021,SKU-00056,3,481.00,85.71,Adelaide,R-13,5.09
INV-104550,2025-02-10,C-247,SKU-00036,10,224.00,69.46,Sydney,R-09,19.34
INV-104551,2024-05-02,C-204,SKU-00019,22,357.00,73.26,Perth,R-01,22.94
INV-104552,2025-01-02,C-176,SKU-00008,13,232.00,74.49,Sydney,R-06,14.65
INV-104553,2024-12-10,C-287,SKU-00021,4,453.00,78.80,Melbourne,R-05,37.23
INV-104554,2025-01-21,C-191,SKU-00040,17,257.00,75.48,Newcastle,R-04,12.20
INV-104555,2025-01-26,C-201,SKU-00008,11,232.00,76.78,Perth,R-02,21.50
INV-104556,2025-08-09,C-399,SKU-00008,6,232.00,89.58,Perth,R-22,29.87
INV-104557,2024-06-15,C-030,SKU-00044,23,183.00,75.21,Brisbane,R-05,37.04
INV-104558,2025-08-28,C-302,SKU-00046,12,711.00,90.24,Adelaide,R-15,21.68
INV-104559,2025-05-25,C-247,SKU-00052,4,834.00,83.96,Sydney,R-19,31.36
INV-104560,2024-11-13,C-016,SKU-00056,19,481.00,67.12,Brisbane,R-13,10.81
INV-104561,2025-12-14,C-394,SKU-00031,5,336.00,79.90,Adelaide,R-07,34.33
INV-104562,2024-03-16,C-034,SKU-00010,10,27.00,70.80,Sydney,R-28,7.91
INV-104563,2024-02-25,C-270,SKU-00046,22,711.00,86.46,Newcastle,R-04,3.09
INV-104564,2025-02-09,C-058,SKU-00054,21,714.00,74.55,Adelaide,R-03,3.90
INV-104565,2024-03-12,C-166,SKU-00004,24,340.00,72.24,Adelaide,R-08,24.15
INV-104566,2025-06-14,C-327,SKU-00044,23,183.00,81.42,Adelaide,R-27,16.92
INV-104567,2024-09-04,C-012,SKU-00031,21,336.00,77.91,Melbourne,R-04,36.33
INV-104568,2025-11-21,C-378,SKU-00045,8,841.00,78.24,Melbourne,R-11,10.22
INV-104569,2025-05-24,C-147,SKU-00006,17,428.00,87.89,Sydney,R-14,11.67
INV-104570,2024-09-01,C-206,SKU-00026,3,405.00,69.83,Newcastle,R-26,31.20
INV-104571,2024-06-08,C-093,SKU-00049,17,840.00,71.06,Perth,R-12,30.35
INV-104572,2024-08-12,C-274,SKU-00016,24,574.00,71.52,Newcastle,R-25,40.85
INV-104573,2025-10-02,C-208,SKU-00054,23,714.00,73.37,Perth,R-21,35.07
INV-104574,2024-05-19,C-319,SKU-00015,22,332.00,77.88,Perth,R-27,6.69
INV-104575,2024-09-24,C-403,SKU-00001,2,569.00,88.80,Perth,R-13,12.24
INV-104576,2025-12-03,C-267,SKU-00001,13,569.00,83.07,Sydney,R-23,5.92
INV-104577,2024-12-05,C-291,SKU-00039,1,204.00,79.45,Melbourne,R-09,19.69
INV-104578,2025-06-03,C-214,SKU-00033,22,111.00,82.28,Perth,R-07,38.25
INV-104579,2024-11-05,C-034,SKU-00033,11,111.00,74.58,Sydney,R-28,39.32
INV-104580,2025-01-13,C-141,SKU-00013,1,52.00,69.09,Perth,R-22,10.29
INV-104581,2025-07-19,C-272,SKU-00004,20,340.00,71.20,Adelaide,R-20,1.67
INV-104582,2024-02-15,C-258,SKU-00013,21,52.00,72.03,Perth,R-04,7.03
INV-104583,2025-03-09,C-193,SKU-00039,24,204.00,84.72,Brisbane,R-23,8.48
INV-104584,2025-12-22,C-105,SKU-00021,5,453.00,79.15,Sydney,R-14,32.84
INV-104585,2025-07-24,C-187,SKU-00014,9,632.00,73.71,Brisbane,R-20,34.79
INV-104586,2024-09-28,C-366,SKU-00023,14,115.00,76.30,Melbourne,R-08,39.32
INV-104587,2024-08-17,C-199,SKU-00001,24,569.00,79.68,Newcastle,R-10,2.12
INV-104588,2024-06-04,C-106,SKU-00010,9,27.00,79.65,Sydney,R-23,9.79
INV-104589,2024-03-19,C-229,SKU-00028,21,722.00,73.92,Brisbane,R-01,38.02
INV-104590,2024-08-26,C-092,SKU-00015,17,332.00,74.76,Brisbane,R-26,22.50
INV-104591,2025-04-27,C-356,SKU-00031,2,336.00,81.04,Perth,R-24,29.86
INV-104592,2024-12-16,C-021,SKU-00047,20,371.00,83.00,Adelaide,R-03,21.49
INV-104593,2024-09-09,C-196,SKU-00012,21,822.00,88.62,Adelaide,R-18,2.69
INV-104594,2024-11-12,C-367,SKU-00033,4,111.00,73.96,Melbourne,R-11,36.89
INV-104595,2025-08-20,C-109,SKU-00055,24,703.00,78.72,Sydney,R-27,34.65
INV-104596,2025-12-24,C-018,SKU-00012,13,822.00,79.17,Melbourne,R-13,2.37
INV-104597,2024-12-20,C-357,SKU-00024,11,208.00,89.76,Newcastle,R-26,22.90
INV-104598,2025-11-15,C-205,SKU-00049,6,840.00,71.70,Sydney,R-20,24.51
INV-104599,2025-03-20,C-300,SKU-00040,1,257.00,73.68,Brisbane,R-21,4.71
INV-104600,2025-05-08,C-402,SKU-00029,12,291.00,65.69,Melbourne,R-28,25.65
INV-104601,2025-02-24,C-281,SKU-00017,12,69.00,89.40,Melbourne,R-27,11.27
INV-104602,2024-11-14,C-389,SKU-00005,2,643.00,83.94,Perth,R-08,36.80
INV-104603,2024-06-21,C-210,SKU-00047,9,371.00,77.76,Adelaide,R-21,43.38
INV-104604,2024-12-04,C-001,SKU-00002,15,592.00,76.95,Adelaide,R-21,6.52
INV-104605,2024-02-20,C-355,SKU-00056,13,481.00,82.03,Newcastle,R-13,15.14
INV-104606,2025-09-25,C-094,SKU-00032,10,60.00,79.80,Adelaide,R-08,19.79
INV-104607,2025-05-11,C-295,SKU-00040,11,257.00,70.51,Perth,R-02,43.84
INV-104608,2024-11-03,C-164,SKU-00029,10,291.00,88.10,Perth,R-20,3.80
INV-104609,2025-08-08,C-312,SKU-00034,2,214.00,77.76,Perth,R-15,33.51
INV-104610,2025-08-26,C-137,SKU-00049,4,840.00,69.70,Perth,R-15,18.78
INV-104611,2024-09-18,C-026,SKU-00045,23,841.00,70.61,Melbourne,R-20,39.72
INV-104612,2024-11-06,C-415,SKU-00039,1,204.00,75.46,Melbourne,R-20,28.08
INV-104613,2024-07-24,C-407,SKU-00031,22,336.00,79.42,Adelaide,R-23,22.96
INV-104614,2024-05-13,C-336,SKU-00058,4,513.00,72.76,Perth,R-03,39.46
INV-104615,2024-07-17,C-284,SKU-00032,15,60.00,75.60,Melbourne,R-26,43.06
INV-104616,2024-03-10,C-272,SKU-00018,22,268.00,80.52,Adelaide,R-12,9.39
INV-104617,2025-02-14,C-380,SKU-00018,10,268.00,76.50,Adelaide,R-04,25.15
INV-104618,2024-10-15,C-066,SKU-00001,7,569.00,82.95,Adelaide,R-26,32.60
INV-104619,2024-07-03,C-029,SKU-00035,15,571.00,78.00,Adelaide,R-17,18.84
INV-104620,2025-04-05,C-162,SKU-00016,9,574.00,78.41,Perth,R-17,27.92
INV-104621,2025-01-18,C-289,SKU-00006,15,428.00,87.15,Perth,R-19,5.04
INV-104622,2025-10-13,C-371,SKU-00021,7,453.00,88.55,Adelaide,R-02,31.62
INV-104623,2025-12-02,C-292,SKU-00039,14,204.00,75.18,Perth,R-01,24.44
INV-104624,2025-05-07,C-043,SKU-00042,13,292.00,75.66,Brisbane,R-12,44.52
INV-104625,2024-04-21,C-236,SKU-00054,9,714.00,72.81,Newcastle,R-24,44.25
INV-104626,2024-03-02,C-303,SKU-00034,15,214.00,82.35,Perth,R-23,37.72
INV-104627,2024-06-09,C-056,SKU-00020,7,702.00,76.79,Adelaide,R-23,16.81
INV-104628,2024-01-05,C-257,SKU-00036,9,224.00,81.27,Brisbane,R-15,18.96
INV-104629,2025-02-16,C-034,SKU-00048,17,553.00,83.47,Sydney,R-13,2.01
INV-104630,2024-02-06,C-331,SKU-00041,15,612.00,68.31,Adelaide,R-28,11.64
INV-104631,2024-12-06,C-129,SKU-00006,12,428.00,70.32,Adelaide,R-27,16.28
INV-104632,2024-06-11,C-149,SKU-00029,20,291.00,82.60,Perth,R-24,39.43
INV-104633,2024-09-07,C-015,SKU-00033,16,111.00,77.92,Sydney,R-09,30.33
INV-104634,2024-12-15,C-106,SKU-00029,19,291.00,80.94,Sydney,R-11,30.60
INV-104635,2025-03-21,C-116,SKU-00005,18,643.00,90.00,Sydney,R-08,40.46
INV-104636,2025-01-11,C-209,SKU-00049,9,840.00,78.12,Newcastle,R-26,3.11
INV-104637,2024-07-25,C-322,SKU-00014,23,632.00,82.34,Brisbane,R-10,31.62
INV-104638,2025-06-15,C-110,SKU-00048,3,553.00,78.69,Brisbane,R-01,24.04
INV-104639,2024-05-18,C-158,SKU-00005,2,643.00,73.68,Melbourne,R-19,25.95
INV-104640,2025-11-05,C-141,SKU-00044,13,183.00,79.53,Perth,R-07,11.40
INV-104641,2025-11-08,C-260,SKU-00020,5,702.00,81.00,Sydney,R-05,11.50
INV-104642,2024-12-12,C-034,SKU-00029,6,291.00,80.34,Sydney,R-23,19.84
INV-104643,2025-12-02,C-314,SKU-00013,14,52.00,86.10,Newcastle,R-01,27.28
INV-104644,2025-12-17,C-008,SKU-00030,21,439.00,82.74,Newcastle,R-09,31.17
INV-104645,2024-03-15,C-118,SKU-00038,14,427.00,72.66,Brisbane,R-11,23.94
INV-104646,2024-06-11,C-045,SKU-00041,12,612.00,77.28,Newcastle,R-15,38.22
INV-104647,2024-10-24,C-006,SKU-00023,19,115.00,74.67,Sydney,R-20,35.13
INV-104648,2025-03-18,C-313,SKU-00055,14,703.00,70.28,Sydney,R-28,2.82
INV-104649,2025-02-07,C-307,SKU-00038,10,427.00,72.40,Newcastle,R-13,33.32
INV-104650,2025-01-01,C-129,SKU-00055,15,703.00,75.90,Adelaide,R-08,33.49
INV-104651,2024-07-19,C-412,SKU-00016,13,574.00,76.05,Newcastle,R-23,25.26
INV-104652,2025-09-03,C-364,SKU-00028,9,722.00,75.24,Sydney,R-14,34.53
INV-104653,2025-07-15,C-289,SKU-00009,4,761.00,75.72,Perth,R-02,11.37
INV-104654,2025-11-14,C-399,SKU-00047,13,371.00,85.67,Perth,R-03,10.00
INV-104655,2024-02-23,C-207,SKU-00008,20,232.00,78.00,Melbourne,R-15,42.21
INV-104656,2024-05-27,C-412,SKU-00023,7,115.00,75.88,Newcastle,R-15,39.03
INV-104657,2024-07-16,C-184,SKU-00017,24,69.00,78.96,Brisbane,R-28,20.34
INV-104658,2025-07-14,C-219,SKU-00024,3,208.00,72.39,Melbourne,R-08,7.58
INV-104659,2025-02-23,C-093,SKU-00032,24,60.00,76.56,Perth,R-03,13.38
INV-104660,2025-03-14,C-118,SKU-00038,15,427.00,70.10,Brisbane,R-07,17.17
INV-104661,2025-11-01,C-257,SKU-00037,18,831.00,70.74,Brisbane,R-27,16.61
INV-104662,2025-02-08,C-372,SKU-00010,14,27.00,89.60,Melbourne,R-19,37.00
INV-104663,2025-08-14,C-184,SKU-00051,5,246.00,76.25,Brisbane,R-14,13.32
INV-104664,2025-03-11,C-322,SKU-00049,21,840.00,72.24,Brisbane,R-12,10.86
INV-104665,2024-07-18,C-193,SKU-00055,15,703.00,79.95,Brisbane,R-24,0.53
INV-104666,2025-10-23,C-115,SKU-00043,11,320.00,71.39,Melbourne,R-07,22.08
INV-104667,2024-04-09,C-205,SKU-00021,17,453.00,75.14,Sydney,R-10,22.24
INV-104668,2025-01-21,C-260,SKU-00027,22,107.00,89.32,Sydney,R-22,30.55
INV-104669,2024-07-03,C-098,SKU-00039,17,204.00,72.59,Adelaide,R-12,14.47
INV-104670,2025-06-25,C-024,SKU-00046,6,711.00,68.89,Melbourne,R-06,21.85
INV-104671,2024-06-26,C-364,SKU-00030,18,439.00,70.38,Sydney,R-16,7.33
INV-104672,2024-02-10,C-314,SKU-00023,15,115.00,72.30,Newcastle,R-13,15.19
INV-104673,2025-06-21,C-273,SKU-00035,15,571.00,85.80,Sydney,R-27,13.54
INV-104674,2024-07-13,C-114,SKU-00010,21,27.00,82.32,Sydney,R-19,26.93
INV-104675,2025-09-02,C-047,SKU-00028,10,722.00,79.30,Perth,R-05,5.52
INV-104676,2024-09-16,C-244,SKU-00035,19,571.00,84.17,Perth,R-12,27.21
INV-104677,2024-09-28,C-134,SKU-00005,20,643.00,84.40,Melbourne,R-24,26.48
INV-104678,2024-09-03,C-081,SKU-00029,14,291.00,70.98,Sydney,R-26,2.77
INV-104679,2024-01-14,C-389,SKU-00030,16,439.00,79.68,Perth,R-10,15.71
INV-104680,2025-04-13,C-323,SKU-00043,19,320.00,69.92,Brisbane,R-03,20.62
INV-104681,2024-12-01,C-218,SKU-00055,13,703.00,75.92,Newcastle,R-18,34.94
INV-104682,2024-11-14,C-105,SKU-00050,5,201.00,72.80,Sydney,R-18,5.38
INV-104683,2025-08-16,C-147,SKU-00027,17,107.00,80.24,Sydney,R-03,9.34
INV-104684,2025-07-24,C-085,SKU-00013,5,52.00,72.55,Newcastle,R-04,42.50
INV-104685,2024-11-06,C-207,SKU-00056,4,481.00,80.48,Melbourne,R-15,37.71
INV-104686,2024-09-14,C-294,SKU-00027,16,107.00,72.64,Melbourne,R-16,19.99
INV-104687,2025-12-09,C-380,SKU-00049,7,840.00,86.80,Adelaide,R-22,21.43
INV-104688,2025-05-21,C-211,SKU-00019,17,357.00,75.14,Newcastle,R-16,9.68
INV-104689,2025-09-20,C-175,SKU-00006,5,428.00,72.00,Perth,R-25,5.01
INV-104690,2025-07-09,C-056,SKU-00058,5,513.00,67.07,Adelaide,R-11,15.48
INV-104691,2025-10-07,C-347,SKU-00049,3,840.00,76.86,Brisbane,R-02,37.36
INV-104692,2025-12-18,C-312,SKU-00047,2,371.00,70.40,Perth,R-04,41.81
INV-104693,2024-09-12,C-256,SKU-00038,8,427.00,81.76,Sydney,R-20,6.54
INV-104694,2025-11-16,C-102,SKU-00037,18,831.00,73.80,Adelaide,R-06,40.44
INV-104695,2024-05-25,C-064,SKU-00044,9,183.00,75.69,Newcastle,R-12,7.79
INV-104696,2025-03-26,C-382,SKU-00049,17,840.00,88.06,Newcastle,R-05,39.39
INV-104697,2024-12-25,C-077,SKU-00043,4,320.00,78.24,Adelaide,R-13,8.64
INV-104698,2025-12-26,C-092,SKU-00042,9,292.00,75.51,Brisbane,R-09,7.39
INV-104699,2025-08-18,C-266,SKU-00034,18,214.00,76.86,Adelaide,R-05,16.69
INV-104700,2024-11-25,C-151,SKU-00011,5,62.00,68.72,Melbourne,R-05,36.87
INV-104701,2024-06-20,C-312,SKU-00031,12,336.00,81.84,Perth,R-20,2.44
INV-104702,2024-12-20,C-115,SKU-00056,23,481.00,83.95,Melbourne,R-12,21.28
INV-104703,2025-05-17,C-359,SKU-00017,12,69.00,88.80,Sydney,R-19,7.19
INV-104704,2025-06-01,C-008,SKU-00043,2,320.00,74.90,Newcastle,R-05,19.56
INV-104705,2024-08-19,C-151,SKU-00010,4,27.00,72.80,Melbourne,R-18,16.26
INV-104706,2025-08-05,C-232,SKU-00033,13,111.00,78.91,Perth,R-05,26.04
INV-104707,2025-01-27,C-406,SKU-00055,12,703.00,76.44,Perth,R-21,22.27
INV-104708,2024-12-20,C-091,SKU-00001,20,569.00,90.20,Brisbane,R-14,19.32
INV-104709,2025-09-02,C-002,SKU-00026,2,405.00,85.52,Perth,R-23,26.07
INV-104710,2025-12-11,C-111,SKU-00035,23,571.00,81.25,Adelaide,R-24,44.60
INV-104711,2024-02-16,C-149,SKU-00033,11,111.00,71.83,Perth,R-06,4.14
INV-104712,2024-09-02,C-222,SKU-00017,1,69.00,87.12,Melbourne,R-21,34.92
INV-104713,2025-04-18,C-071,SKU-00057,22,143.00,83.38,Brisbane,R-27,15.90
INV-104714,2025-01-22,C-283,SKU-00025,4,345.00,79.76,Brisbane,R-21,30.30
INV-104715,2024-11-20,C-111,SKU-00051,14,246.00,86.80,Adelaide,R-21,9.93
INV-104716,2024-02-12,C-100,SKU-00035,10,571.00,88.90,Brisbane,R-19,27.70
INV-104717,2025-03-23,C-206,SKU-00034,21,214.00,81.48,Newcastle,R-16,2.79
INV-104718,2024-11-24,C-033,SKU-00003,9,237.00,83.34,Adelaide,R-08,3.31
INV-104719,2025-12-15,C-082,SKU-00014,5,632.00,72.75,Melbourne,R-01,6.20
INV-104720,2024-04-07,C-350,SKU-00048,22,553.00,78.33,Perth,R-07,41.29
INV-104721,2024-09-10,C-036,SKU-00024,14,208.00,89.60,Melbourne,R-06,8.97
INV-104722,2024-05-16,C-237,SKU-00009,22,761.00,83.82,Brisbane,R-01,17.42
INV-104723,2024-09-23,C-371,SKU-00021,22,453.00,86.68,Adelaide,R-24,26.50
INV-104724,2025-06-09,C-068,SKU-00008,1,232.00,77.29,Adelaide,R-07,44.66
INV-104725,2025-08-26,C-235,SKU-00049,12,840.00,87.36,Brisbane,R-18,36.41
INV-104726,2025-12-28,C-195,SKU-00045,23,841.00,77.05,Melbourne,R-10,9.88
INV-104727,2024-11-02,C-403,SKU-00049,13,840.00,87.49,Perth,R-24,29.64
INV-104728,2025-09-19,C-336,SKU-00012,20,822.00,84.80,Perth,R-26,10.91
INV-104729,2025-03-21,C-291,SKU-00007,21,284.00,79.17,Melbourne,R-05,38.75
INV-104730,2024-08-21,C-297,SKU-00005,11,643.00,82.28,Perth,R-20,29.51
INV-104731,2024-01-27,C-417,SKU-00056,11,481.00,86.13,Perth,R-05,37.97
INV-104732,2025-02-09,C-340,SKU-00017,2,69.00,77.16,Newcastle,R-01,36.55
INV-104733,2025-07-23,C-258,SKU-00007,5,284.00,90.20,Perth,R-01,27.49
INV-104734,2025-03-26,C-387,SKU-00010,3,27.00,71.55,Sydney,R-05,10.22
INV-104735,2025-02-23,C-240,SKU-00048,24,553.00,71.28,Adelaide,R-07,7.22
INV-104736,2025-03-11,C-112,SKU-00027,16,107.00,89.12,Brisbane,R-16,22.29
INV-104737,2024-03-05,C-384,SKU-00010,4,27.00,82.20,Perth,R-13,26.76
INV-104738,2025-06-05,C-300,SKU-00027,16,107.00,88.96,Brisbane,R-08,19.81
INV-104739,2024-11-21,C-255,SKU-00022,2,477.00,89.50,Sydney,R-01,27.10
INV-104740,2025-06-27,C-052,SKU-00023,22,115.00,79.14,Newcastle,R-15,25.46
INV-104741,2024-09-24,C-064,SKU-00031,13,336.00,77.22,Newcastle,R-22,11.60
INV-104742,2025-07-05,C-346,SKU-00014,12,632.00,71.16,Newcastle,R-19,3.63
INV-104743,2025-07-26,C-297,SKU-00048,10,553.00,78.90,Perth,R-01,10.94
INV-104744,2025-12-14,C-105,SKU-00028,14,722.00,75.88,Sydney,R-27,9.03
INV-104745,2025-08-19,C-343,SKU-00012,14,822.00,81.62,Newcastle,R-04,5.16
INV-104746,2024-09-20,C-118,SKU-00012,17,822.00,89.93,Brisbane,R-17,19.96
INV-104747,2025-02-10,C-214,SKU-00016,5,574.00,80.05,Perth,R-06,30.54
INV-104748,2025-12-28,C-118,SKU-00035,5,571.00,83.05,Brisbane,R-17,40.86
INV-104749,2024-06-07,C-352,SKU-00019,9,357.00,80.46,Melbourne,R-13,15.15
INV-104750,2024-11-22,C-245,SKU-00052,3,834.00,74.30,Perth,R-01,3.15
INV-104751,2025-06-12,C-037,SKU-00051,20,246.00,73.20,Adelaide,R-16,42.59
INV-104752,2025-07-11,C-023,SKU-00024,11,208.00,79.09,Perth,R-09,40.97
INV-104753,2025-12-22,C-213,SKU-00046,20,711.00,83.60,Brisbane,R-20,38.81
INV-104754,2025-07-03,C-166,SKU-00017,5,69.00,71.10,Adelaide,R-19,12.61
INV-104755,2024-07-06,C-242,SKU-00036,10,224.00,82.70,Sydney,R-27,15.36
INV-104756,2024-04-21,C-213,SKU-00046,19,711.00,81.13,Brisbane,R-13,22.06
INV-104757,2024-12-04,C-064,SKU-00014,4,632.00,73.20,Newcastle,R-05,31.79
INV-104758,2025-07-27,C-405,SKU-00030,15,439.00,72.00,Brisbane,R-06,17.53
INV-104759,2025-06-16,C-362,SKU-00005,9,643.00,79.20,Perth,R-06,40.58
INV-104760,2025-08-03,C-276,SKU-00050,1,201.00,78.78,Perth,R-27,4.48
INV-104761,2024-05-16,C-252,SKU-00049,13,840.00,87.23,Brisbane,R-24,30.87
INV-104762,2025-08-19,C-008,SKU-00032,21,60.00,86.10,Newcastle,R-06,36.18
INV-104763,2024-02-22,C-133,SKU-00025,6,345.00,80.76,Brisbane,R-04,27.86
INV-104764,2025-05-19,C-018,SKU-00024,14,208.00,76.86,Melbourne,R-27,15.94
INV-104765,2025-07-16,C-286,SKU-00022,11,477.00,74.91,Brisbane,R-05,28.07
INV-104766,2024-10-24,C-330,SKU-00049,23,840.00,75.44,Brisbane,R-09,6.13
INV-104767,2024-05-16,C-181,SKU-00043,24,320.00,73.68,Perth,R-13,36.49
INV-104768,2025-09-20,C-086,SKU-00027,17,107.00,87.55,Perth,R-15,16.10
INV-104769,2024-11-02,C-107,SKU-00005,14,643.00,87.78,Melbourne,R-24,13.54
INV-104770,2024-11-20,C-333,SKU-00003,5,237.00,72.50,Melbourne,R-14,13.32
INV-104771,2024-07-09,C-002,SKU-00052,1,834.00,80.53,Perth,R-25,12.77
INV-104772,2024-01-08,C-096,SKU-00022,22,477.00,78.32,Melbourne,R-26,21.58
INV-104773,2024-12-12,C-020,SKU-00007,5,284.00,76.50,Perth,R-23,28.77
INV-104774,2024-12-13,C-002,SKU-00043,1,320.00,79.34,Perth,R-21,33.55
INV-104775,2024-05-02,C-394,SKU-00024,15,208.00,83.25,Adelaide,R-03,25.64
INV-104776,2025-02-01,C-344,SKU-00007,21,284.00,84.84,Melbourne,R-05,2.98
INV-104777,2025-03-12,C-042,SKU-00055,5,703.00,78.20,Sydney,R-26,3.94
INV-104778,2025-05-20,C-204,SKU-00038,16,427.00,76.48,Perth,R-01,17.44
INV-104779,2024-11-04,C-246,SKU-00038,17,427.00,74.63,Newcastle,R-11,34.24
INV-104780,2024-10-02,C-363,SKU-00025,17,345.00,73.82,Perth,R-16,26.28
INV-104781,2025-06-09,C-210,SKU-00039,6,204.00,80.46,Adelaide,R-15,40.45
INV-104782,2024-04-10,C-063,SKU-00004,19,340.00,77.33,Sydney,R-09,18.22
INV-104783,2024-02-26,C-017,SKU-00037,5,831.00,80.05,Adelaide,R-23,5.52
INV-104784,2025-09-05,C-169,SKU-00012,4,822.00,70.76,Melbourne,R-22,40.21
INV-104785,2024-10-23,C-385,SKU-00013,16,52.00,81.28,Sydney,R-17,12.39
INV-104786,2024-09-14,C-381,SKU-00013,1,52.00,90.25,Perth,R-23,13.37
INV-104787,2025-07-15,C-385,SKU-00016,12,574.00,75.96,Sydney,R-28,35.55
INV-104788,2024-12-14,C-047,SKU-00024,21,208.00,70.35,Perth,R-18,44.92
INV-104789,2025-05-10,C-343,SKU-00001,4,569.00,86.84,Newcastle,R-27,18.57
INV-104790,2025-02-16,C-278,SKU-00017,7,69.00,83.59,Melbourne,R-12,34.54
INV-104791,2024-09-23,C-222,SKU-00015,21,332.00,82.95,Melbourne,R-13,22.87
INV-104792,2024-12-07,C-366,SKU-00022,15,477.00,83.70,Melbourne,R-27,33.46
INV-104793,2025-02-12,C-369,SKU-00057,10,143.00,88.60,Adelaide,R-09,44.76
INV-104794,2024-01-23,C-131,SKU-00046,23,711.00,74.52,Adelaide,R-24,29.14
INV-104795,2025-02-01,C-115,SKU-00005,18,643.00,70.92,Melbourne,R-16,7.31
INV-104796,2025-02-03,C-262,SKU-00017,18,69.00,82.62,Adelaide,R-09,9.74
INV-104797,2024-05-09,C-029,SKU-00019,7,357.00,80.01,Adelaide,R-06,40.65
INV-104798,2025-06-25,C-413,SKU-00056,6,481.00,85.44,Newcastle,R-01,5.35
INV-104799,2024-12-24,C-209,SKU-00056,14,481.00,72.38,Newcastle,R-26,11.31
INV-104800,2025-01-20,C-394,SKU-00055,16,703.00,67.42,Adelaide,R-25,17.54
INV-104801,2025-04-20,C-200,SKU-00018,16,268.00,74.88,Newcastle,R-23,30.12
INV-104802,2025-03-15,C-415,SKU-00009,1,761.00,72.23,Melbourne,R-05,30.60
INV-104803,2024-02-18,C-049,SKU-00036,20,224.00,89.80,Melbourne,R-23,36.90
INV-104804,2025-03-17,C-160,SKU-00007,21,284.00,89.46,Melbourne,R-09,18.69
INV-104805,2025-04-19,C-145,SKU-00022,12,477.00,71.28,Sydney,R-07,20.90
INV-104806,2025-11-12,C-087,SKU-00004,11,340.00,72.82,Melbourne,R-12,35.01
INV-104807,2025-05-11,C-102,SKU-00056,9,481.00,75.33,Adelaide,R-25,11.42
INV-104808,2024-01-21,C-110,SKU-00041,14,612.00,73.36,Brisbane,R-21,20.23
INV-104809,2024-03-09,C-148,SKU-00029,20,291.00,81.00,Melbourne,R-27,13.09
INV-104810,2024-11-18,C-389,SKU-00046,10,711.00,73.23,Perth,R-09,26.44
INV-104811,2025-01-17,C-225,SKU-00035,23,571.00,80.96,Perth,R-26,13.11
INV-104812,2024-02-26,C-330,SKU-00036,24,224.00,71.04,Brisbane,R-03,44.66
INV-104813,2024-03-01,C-244,SKU-00047,11,371.00,70.95,Perth,R-17,26.93
INV-104814,2024-05-02,C-034,SKU-00043,10,320.00,70.70,Sydney,R-28,25.89
INV-104815,2024-03-19,C-129,SKU-00023,20,115.00,72.80,Adelaide,R-09,0.46
INV-104816,2024-09-26,C-064,SKU-00005,18,643.00,70.74,Newcastle,R-08,44.87
INV-104817,2025-04-16,C-253,SKU-00004,17,340.00,73.10,Melbourne,R-02,6.80
INV-104818,2024-03-04,C-279,SKU-00019,19,357.00,76.38,Sydney,R-05,41.15
INV-104819,2024-05-25,C-138,SKU-00056,11,481.00,90.53,Newcastle,R-05,28.70
INV-104820,2025-05-20,C-307,SKU-00030,14,439.00,78.31,Newcastle,R-21,21.92
INV-104821,2024-05-03,C-154,SKU-00023,10,115.00,85.00,Newcastle,R-10,43.29
INV-104822,2025-02-14,C-350,SKU-00050,13,201.00,87.88,Perth,R-08,7.68
INV-104823,2024-09-08,C-288,SKU-00020,17,702.00,86.70,Newcastle,R-16,42.93
INV-104824,2024-12-07,C-286,SKU-00008,21,232.00,81.90,Brisbane,R-18,13.05
INV-104825,2024-08-12,C-204,SKU-00007,15,284.00,90.45,Perth,R-26,4.73
INV-104826,2024-03-11,C-319,SKU-00029,16,291.00,72.80,Perth,R-28,18.08
INV-104827,2024-05-06,C-104,SKU-00009,8,761.00,74.96,Melbourne,R-04,3.82
INV-104828,2024-01-07,C-325,SKU-00047,24,371.00,86.88,Sydney,R-09,5.78
INV-104829,2024-05-12,C-382,SKU-00024,20,208.00,70.40,Newcastle,R-03,36.46
INV-104830,2025-12-25,C-383,SKU-00015,2,332.00,75.44,Perth,R-27,28.95
INV-104831,2025-04-13,C-356,SKU-00023,4,115.00,89.88,Perth,R-08,19.05
INV-104832,2024-06-15,C-003,SKU-00039,24,204.00,77.52,Newcastle,R-11,9.51
INV-104833,2025-05-15,C-276,SKU-00027,18,107.00,90.72,Perth,R-04,0.43
INV-104834,2024-09-14,C-318,SKU-00027,10,107.00,77.80,Adelaide,R-01,28.00
INV-104835,2024-10-05,C-292,SKU-00042,23,292.00,73.37,Perth,R-07,20.15
INV-104836,2024-10-19,C-015,SKU-00041,23,612.00,82.80,Sydney,R-08,20.99
INV-104837,2025-01-28,C-307,SKU-00015,1,332.00,77.99,Newcastle,R-28,21.97
INV-104838,2024-05-01,C-284,SKU-00029,6,291.00,71.76,Melbourne,R-01,33.63
INV-104839,2025-01-17,C-248,SKU-00022,11,477.00,75.35,Newcastle,R-11,35.82
INV-104840,2025-08-20,C-138,SKU-00041,22,612.00,72.05,Newcastle,R-27,43.31
INV-104841,2025-02-14,C-144,SKU-00025,19,345.00,87.02,Newcastle,R-10,34.97
INV-104842,2024-04-27,C-285,SKU-00047,17,371.00,72.08,Melbourne,R-03,21.59
INV-104843,2024-02-06,C-264,SKU-00030,9,439.00,73.44,Brisbane,R-15,33.33
INV-104844,2024-09-22,C-098,SKU-00047,10,371.00,72.20,Adelaide,R-13,4.16
INV-104845,2024-09-07,C-286,SKU-00032,11,60.00,81.84,Brisbane,R-16,20.85
INV-104846,2025-05-23,C-182,SKU-00035,20,571.00,75.20,Perth,R-19,22.68
INV-104847,2025-08-19,C-361,SKU-00044,21,183.00,84.42,Melbourne,R-07,9.12
INV-104848,2025-08-23,C-022,SKU-00013,12,52.00,73.68,Adelaide,R-20,29.23
INV-104849,2025-03-11,C-350,SKU-00034,23,214.00,85.56,Perth,R-02,30.85
INV-104850,2025-03-14,C-184,SKU-00022,24,477.00,71.98,Brisbane,R-10,29.29
INV-104851,2024-09-09,C-094,SKU-00005,24,643.00,85.44,Adelaide,R-03,31.75
INV-104852,2025-09-10,C-357,SKU-00010,2,27.00,81.44,Newcastle,R-10,24.91
INV-104853,2024-10-15,C-214,SKU-00007,24,284.00,75.12,Perth,R-24,13.61
INV-104854,2025-02-06,C-331,SKU-00036,13,224.00,82.29,Adelaide,R-16,28.06
INV-104855,2024-04-24,C-006,SKU-00031,14,336.00,78.40,Sydney,R-26,9.70
INV-104856,2025-04-10,C-165,SKU-00003,12,237.00,74.52,Perth,R-02,28.65
INV-104857,2024-11-23,C-223,SKU-00018,1,268.00,72.58,Sydney,R-08,13.69
INV-104858,2024-03-10,C-296,SKU-00043,5,320.00,71.20,Newcastle,R-22,12.21
INV-104859,2025-12-10,C-403,SKU-00050,8,201.00,74.08,Perth,R-26,22.80
INV-104860,2024-01-18,C-257,SKU-00034,16,214.00,69.33,Brisbane,R-21,21.77
INV-104861,2024-10-23,C-374,SKU-00052,16,834.00,70.24,Newcastle,R-22,20.06
INV-104862,2024-03-28,C-366,SKU-00040,7,257.00,79.80,Melbourne,R-16,35.86
INV-104863,2024-06-12,C-068,SKU-00037,12,831.00,71.16,Adelaide,R-17,41.68
INV-104864,2025-12-13,C-264,SKU-00038,22,427.00,73.92,Brisbane,R-21,17.53
INV-104865,2025-11-02,C-189,SKU-00008,15,232.00,70.20,Brisbane,R-10,6.48
INV-104866,2024-11-02,C-047,SKU-00047,4,371.00,79.48,Perth,R-09,39.08
INV-104867,2025-08-18,C-006,SKU-00047,13,371.00,84.89,Sydney,R-27,33.86
INV-104868,2025-09-17,C-417,SKU-00049,5,840.00,82.55,Perth,R-24,35.86
INV-104869,2024-02-02,C-056,SKU-00005,1,643.00,75.97,Adelaide,R-28,4.13
INV-104870,2024-05-07,C-313,SKU-00026,24,405.00,79.71,Sydney,R-21,18.13
INV-104871,2025-12-28,C-159,SKU-00044,21,183.00,82.32,Melbourne,R-16,15.91
INV-104872,2024-08-26,C-372,SKU-00032,7,60.00,70.42,Melbourne,R-17,39.42
INV-104873,2024-06-05,C-163,SKU-00050,24,201.00,72.00,Newcastle,R-23,37.31
INV-104874,2024-09-14,C-263,SKU-00017,5,69.00,87.25,Newcastle,R-15,32.98
INV-104875,2025-02-18,C-057,SKU-00024,23,208.00,85.10,Sydney,R-28,24.70
INV-104876,2024-11-02,C-256,SKU-00027,16,107.00,78.24,Sydney,R-01,32.65
INV-104877,2024-03-08,C-020,SKU-00001,16,569.00,84.96,Perth,R-10,5.60
INV-104878,2024-10-16,C-292,SKU-00001,7,569.00,86.31,Perth,R-26,16.04
INV-104879,2024-10-28,C-224,SKU-00042,19,292.00,86.83,Sydney,R-17,28.94
INV-104880,2024-02-17,C-214,SKU-00018,6,268.00,66.46,Perth,R-06,3.60
INV-104881,2025-07-25,C-141,SKU-00020,12,702.00,80.88,Perth,R-20,6.24
INV-104882,2024-06-03,C-344,SKU-00056,14,481.00,76.02,Melbourne,R-16,10.49
INV-104883,2024-05-20,C-295,SKU-00018,8,268.00,82.16,Perth,R-17,8.57
INV-104884,2025-04-03,C-271,SKU-00013,18,52.00,82.26,Brisbane,R-19,29.04
INV-104885,2025-06-12,C-354,SKU-00027,3,107.00,70.71,Perth,R-08,14.96
INV-104886,2025-01-19,C-026,SKU-00030,23,439.00,73.60,Melbourne,R-14,10.46
INV-104887,2025-03-14,C-163,SKU-00024,6,208.00,85.92,Newcastle,R-17,44.68
INV-104888,2024-08-26,C-239,SKU-00035,19,571.00,79.61,Perth,R-05,27.03
INV-104889,2025-04-26,C-404,SKU-00026,7,405.00,73.92,Adelaide,R-10,44.16
INV-104890,2024-07-02,C-417,SKU-00043,13,320.00,67.69,Perth,R-02,23.64
INV-104891,2025-04-26,C-352,SKU-00005,13,643.00,73.19,Melbourne,R-27,8.21
INV-104892,2025-02-19,C-314,SKU-00042,10,292.00,79.20,Newcastle,R-06,12.21
INV-104893,2025-10-04,C-221,SKU-00010,15,27.00,70.50,Newcastle,R-06,21.28
INV-104894,2025-03-28,C-098,SKU-00021,2,453.00,79.68,Adelaide,R-20,31.57
INV-104895,2024-03-06,C-170,SKU-00023,5,115.00,71.35,Brisbane,R-21,18.33
INV-104896,2025-07-26,C-117,SKU-00004,21,340.00,83.37,Adelaide,R-08,38.13
INV-104897,2025-07-24,C-361,SKU-00008,22,232.00,82.72,Melbourne,R-23,24.78
INV-104898,2024-02-06,C-062,SKU-00032,11,60.00,85.14,Perth,R-20,21.75
INV-104899,2025-05-22,C-023,SKU-00054,22,714.00,81.40,Perth,R-02,36.59
INV-104900,2024-03-01,C-209,SKU-00014,6,632.00,76.67,Newcastle,R-14,44.87
INV-104901,2025-06-25,C-384,SKU-00009,16,761.00,89.60,Perth,R-20,10.49
INV-104902,2025-07-04,C-155,SKU-00017,8,69.00,76.88,Perth,R-16,13.69
INV-104903,2025-11-15,C-144,SKU-00003,24,237.00,82.32,Newcastle,R-22,32.49
INV-104904,2025-09-20,C-049,SKU-00037,10,831.00,83.90,Melbourne,R-07,18.61
INV-104905,2024-10-12,C-022,SKU-00023,13,115.00,80.08,Adelaide,R-05,9.79
INV-104906,2025-04-03,C-214,SKU-00008,23,232.00,84.87,Perth,R-10,39.75
INV-104907,2025-09-28,C-050,SKU-00006,18,428.00,84.06,Newcastle,R-09,15.59
INV-104908,2024-10-26,C-276,SKU-00011,14,62.00,77.56,Perth,R-25,18.32
INV-104909,2025-10-02,C-329,SKU-00034,3,214.00,76.38,Newcastle,R-18,1.04
INV-104910,2024-08-16,C-319,SKU-00011,3,62.00,66.38,Perth,R-14,24.33
INV-104911,2025-06-27,C-100,SKU-00057,8,143.00,73.12,Brisbane,R-07,28.83
INV-104912,2024-10-18,C-307,SKU-00035,18,571.00,74.52,Newcastle,R-23,2.74
INV-104913,2025-06-24,C-208,SKU-00048,1,553.00,80.50,Perth,R-11,34.69
INV-104914,2024-07-28,C-321,SKU-00033,2,111.00,80.70,Sydney,R-07,24.86
INV-104915,2024-06-28,C-180,SKU-00004,23,340.00,90.85,Brisbane,R-12,3.33
INV-104916,2024-06-27,C-053,SKU-00016,12,574.00,72.24,Perth,R-12,33.14
INV-104917,2025-08-09,C-400,SKU-00020,24,702.00,79.20,Newcastle,R-23,28.84
INV-104918,2025-03-22,C-027,SKU-00014,16,632.00,81.12,Brisbane,R-02,28.62
INV-104919,2024-12-05,C-353,SKU-00041,20,612.00,76.80,Adelaide,R-13,4.02
INV-104920,2025-01-27,C-352,SKU-00017,16,69.00,66.53,Melbourne,R-14,13.04
INV-104921,2025-01-19,C-070,SKU-00022,24,477.00,76.56,Adelaide,R-28,2.01
INV-104922,2025-02-20,C-052,SKU-00012,10,822.00,80.00,Newcastle,R-19,24.40
INV-104923,2024-12-23,C-053,SKU-00022,15,477.00,81.90,Perth,R-18,32.13
INV-104924,2025-12-27,C-110,SKU-00047,4,371.00,75.52,Brisbane,R-20,42.43
INV-104925,2024-06-27,C-279,SKU-00008,14,232.00,78.40,Sydney,R-07,31.24
INV-104926,2025-01-24,C-209,SKU-00007,22,284.00,75.68,Newcastle,R-19,18.51
INV-104927,2025-08-27,C-096,SKU-00008,1,232.00,83.43,Melbourne,R-01,21.41
INV-104928,2025-07-12,C-102,SKU-00039,14,204.00,74.34,Adelaide,R-23,17.67
INV-104929,2024-02-21,C-077,SKU-00001,2,569.00,82.88,Adelaide,R-23,32.65
INV-104930,2025-08-22,C-269,SKU-00021,16,453.00,79.49,Newcastle,R-15,36.49
INV-104931,2025-01-25,C-388,SKU-00050,4,201.00,86.88,Adelaide,R-13,13.75
INV-104932,2025-08-22,C-397,SKU-00027,13,107.00,75.66,Melbourne,R-04,3.83
INV-104933,2025-07-09,C-071,SKU-00018,19,268.00,83.03,Brisbane,R-23,25.36
INV-104934,2025-12-19,C-205,SKU-00005,8,643.00,88.88,Sydney,R-22,6.90
INV-104935,2025-06-02,C-413,SKU-00038,10,427.00,71.10,Newcastle,R-10,10.86
INV-104936,2024-09-19,C-093,SKU-00051,23,246.00,75.67,Perth,R-21,23.43
INV-104937,2025-07-18,C-057,SKU-00046,2,711.00,90.72,Sydney,R-04,36.33
INV-104938,2024-06-15,C-146,SKU-00019,6,357.00,84.84,Perth,R-06,41.18
INV-104939,2024-07-05,C-176,SKU-00001,14,569.00,81.48,Sydney,R-14,23.35
INV-104940,2025-01-15,C-372,SKU-00003,8,237.00,66.02,Melbourne,R-13,12.14
INV-104941,2024-01-25,C-216,SKU-00035,5,571.00,73.90,Brisbane,R-17,14.65
INV-104942,2024-02-16,C-320,SKU-00036,14,224.00,75.18,Sydney,R-01,9.21
INV-104943,2024-10-02,C-295,SKU-00006,14,428.00,72.66,Perth,R-24,13.63
INV-104944,2024-08-28,C-101,SKU-00029,2,291.00,80.92,Newcastle,R-14,16.37
INV-104945,2025-06-18,C-340,SKU-00055,6,703.00,76.26,Newcastle,R-23,4.20
INV-104946,2025-10-25,C-022,SKU-00042,14,292.00,77.00,Adelaide,R-28,3.65
INV-104947,2024-10-20,C-177,SKU-00052,20,834.00,74.40,Newcastle,R-10,13.14
INV-104948,2025-06-16,C-107,SKU-00057,20,143.00,75.20,Melbourne,R-02,28.22
INV-104949,2025-11-10,C-135,SKU-00052,19,834.00,71.06,Newcastle,R-05,3.80
INV-104950,2025-05-14,C-389,SKU-00017,6,69.00,76.40,Perth,R-11,41.46
INV-104951,2024-04-03,C-414,SKU-00038,7,427.00,84.98,Melbourne,R-25,34.31
INV-104952,2024-12-17,C-271,SKU-00052,17,834.00,86.53,Brisbane,R-25,29.12
INV-104953,2024-08-13,C-275,SKU-00046,7,711.00,80.43,Adelaide,R-03,36.79
INV-104954,2025-01-09,C-027,SKU-00028,6,722.00,88.62,Brisbane,R-14,19.53
INV-104955,2024-11-04,C-248,SKU-00051,1,246.00,86.53,Newcastle,R-18,21.15
INV-104956,2024-07-18,C-155,SKU-00042,19,292.00,75.62,Perth,R-27,4.86
INV-104957,2025-08-17,C-294,SKU-00041,20,612.00,82.20,Melbourne,R-13,41.48
INV-104958,2025-11-21,C-411,SKU-00017,16,69.00,90.72,Perth,R-04,11.64
INV-104959,2025-01-21,C-071,SKU-00031,24,336.00,74.88,Brisbane,R-13,28.50
INV-104960,2025-02-03,C-325,SKU-00054,11,714.00,71.85,Sydney,R-19,36.42
INV-104961,2024-03-01,C-389,SKU-00051,1,246.00,82.53,Perth,R-02,5.40
INV-104962,2025-06-19,C-330,SKU-00002,10,592.00,78.30,Brisbane,R-03,20.22
INV-104963,2024-05-24,C-006,SKU-00058,4,513.00,70.76,Sydney,R-28,40.85
INV-104964,2025-05-24,C-318,SKU-00045,14,841.00,74.90,Adelaide,R-02,5.81
INV-104965,2024-09-15,C-416,SKU-00031,14,336.00,87.50,Melbourne,R-25,24.77
INV-104966,2024-10-28,C-126,SKU-00044,24,183.00,81.36,Perth,R-17,0.91
INV-104967,2024-11-05,C-296,SKU-00056,9,481.00,71.28,Newcastle,R-07,30.09
INV-104968,2025-02-17,C-170,SKU-00030,18,439.00,79.74,Brisbane,R-12,39.42
INV-104969,2025-06-16,C-184,SKU-00014,5,632.00,73.55,Brisbane,R-02,11.92
INV-104970,2024-10-12,C-181,SKU-00045,20,841.00,82.98,Perth,R-04,9.04
INV-104971,2024-03-18,C-180,SKU-00048,15,553.00,87.75,Brisbane,R-07,24.14
INV-104972,2025-02-06,C-316,SKU-00043,23,320.00,84.18,Adelaide,R-21,40.37
INV-104973,2024-01-04,C-341,SKU-00036,3,224.00,83.22,Perth,R-06,35.16
INV-104974,2025-10-14,C-382,SKU-00020,6,702.00,71.16,Newcastle,R-05,8.37
INV-104975,2025-04-19,C-282,SKU-00054,10,714.00,88.40,Adelaide,R-05,7.75
INV-104976,2024-11-14,C-105,SKU-00045,18,841.00,89.64,Sydney,R-07,21.61
INV-104977,2025-08-19,C-247,SKU-00011,12,62.00,71.28,Sydney,R-23,2.65
INV-104978,2024-12-11,C-231,SKU-00020,4,702.00,89.44,Newcastle,R-11,29.79
INV-104979,2025-11-16,C-342,SKU-00006,12,428.00,76.92,Melbourne,R-15,0.81
INV-104980,2025-04-19,C-221,SKU-00015,12,332.00,74.85,Newcastle,R-27,21.75
INV-104981,2024-06-14,C-082,SKU-00036,23,224.00,73.14,Melbourne,R-20,9.98
INV-104982,2024-01-15,C-182,SKU-00054,13,714.00,72.93,Perth,R-14,6.37
INV-104983,2024-05-22,C-316,SKU-00013,11,52.00,85.58,Adelaide,R-24,11.74
INV-104984,2025-10-19,C-008,SKU-00045,13,841.00,79.17,Newcastle,R-05,33.11
INV-104985,2024-10-12,C-303,SKU-00016,18,574.00,90.72,Perth,R-09,27.91
INV-104986,2025-08-20,C-358,SKU-00043,22,320.00,74.36,Melbourne,R-04,25.75
INV-104987,2025-03-21,C-270,SKU-00047,20,371.00,71.20,Newcastle,R-23,5.02
INV-104988,2025-11-28,C-132,SKU-00013,7,52.00,74.97,Newcastle,R-19,26.64
INV-104989,2024-11-13,C-105,SKU-00024,19,208.00,89.68,Sydney,R-07,0.29
INV-104990,2025-08-15,C-341,SKU-00011,21,62.00,64.92,Perth,R-09,27.45
INV-104991,2024-01-13,C-041,SKU-00023,18,115.00,89.82,Adelaide,R-09,41.86
INV-104992,2024-11-21,C-094,SKU-00004,23,340.00,75.44,Adelaide,R-09,10.82
INV-104993,2024-04-01,C-376,SKU-00057,21,143.00,77.70,Brisbane,R-01,29.49
INV-104994,2025-10-11,C-376,SKU-00041,18,612.00,76.68,Brisbane,R-17,27.32
INV-104995,2025-09-10,C-357,SKU-00014,10,632.00,88.90,Newcastle,R-28,44.67
INV-104996,2025-11-04,C-190,SKU-00025,24,345.00,83.52,Adelaide,R-21,16.94
INV-104997,2024-02-22,C-126,SKU-00011,12,62.00,85.44,Perth,R-01,38.04
INV-104998,2024-08-11,C-103,SKU-00017,6,69.00,81.84,Sydney,R-19,20.14
INV-104999,2024-03-19,C-152,SKU-00047,7,371.00,76.51,Melbourne,R-01,32.15
INV-105000,2024-06-05,C-007,SKU-00047,19,371.00,66.42,Adelaide,R-01,13.32
INV-105001,2025-06-26,C-150,SKU-00028,6,722.00,75.18,Brisbane,R-10,15.69
INV-105002,2025-03-21,C-038,SKU-00012,1,822.00,82.07,Melbourne,R-25,21.58
INV-105003,2025-08-26,C-414,SKU-00044,23,183.00,80.50,Melbourne,R-15,26.85
INV-105004,2025-04-04,C-327,SKU-00017,13,69.00,84.76,Adelaide,R-19,44.29
INV-105005,2024-03-21,C-311,SKU-00030,11,439.00,84.04,Newcastle,R-10,44.43
INV-105006,2024-06-05,C-093,SKU-00041,22,612.00,74.14,Perth,R-02,40.99
INV-105007,2024-02-13,C-328,SKU-00035,1,571.00,80.68,Newcastle,R-16,7.05
INV-105008,2025-09-18,C-177,SKU-00028,24,722.00,80.88,Newcastle,R-26,10.38
INV-105009,2024-07-07,C-145,SKU-00050,1,201.00,79.98,Sydney,R-28,27.54
INV-105010,2025-06-06,C-180,SKU-00054,6,714.00,73.36,Brisbane,R-18,10.03
INV-105011,2025-05-15,C-058,SKU-00032,10,60.00,81.30,Adelaide,R-10,17.81
INV-105012,2024-03-09,C-137,SKU-00001,13,569.00,77.35,Perth,R-22,44.36
INV-105013,2025-07-11,C-370,SKU-00017,12,69.00,79.56,Adelaide,R-10,12.06
INV-105014,2024-08-21,C-304,SKU-00036,15,224.00,76.35,Melbourne,R-23,17.32
INV-105015,2025-11-08,C-203,SKU-00053,13,589.00,71.89,Sydney,R-26,25.50
INV-105016,2025-05-15,C-152,SKU-00035,8,571.00,84.00,Melbourne,R-26,28.56
INV-105017,2025-10-20,C-412,SKU-00019,2,357.00,76.02,Newcastle,R-13,32.22
INV-105018,2025-03-13,C-134,SKU-00014,15,632.00,90.45,Melbourne,R-11,30.46
INV-105019,2025-08-03,C-247,SKU-00006,17,428.00,89.25,Sydney,R-07,9.76
INV-105020,2025-09-25,C-027,SKU-00038,20,427.00,70.10,Brisbane,R-23,38.48
INV-105021,2024-03-19,C-219,SKU-00009,2,761.00,83.20,Melbourne,R-19,43.59
INV-105022,2024-09-01,C-194,SKU-00019,7,357.00,86.80,Brisbane,R-08,28.49
INV-105023,2024-03-26,C-164,SKU-00011,21,62.00,86.94,Perth,R-24,26.27
INV-105024,2024-04-02,C-249,SKU-00029,9,291.00,90.63,Melbourne,R-06,27.09
INV-105025,2024-04-10,C-065,SKU-00046,14,711.00,79.52,Adelaide,R-26,23.64
INV-105026,2025-12-07,C-164,SKU-00044,6,183.00,72.84,Perth,R-08,34.72
INV-105027,2025-06-16,C-386,SKU-00009,14,761.00,76.86,Brisbane,R-18,14.58
INV-105028,2025-07-27,C-301,SKU-00009,24,761.00,72.48,Melbourne,R-14,37.53
INV-105029,2024-03-19,C-236,SKU-00037,7,831.00,70.70,Newcastle,R-17,21.36
INV-105030,2024-07-07,C-372,SKU-00050,18,201.00,67.73,Melbourne,R-19,1.25
INV-105031,2025-04-14,C-172,SKU-00013,7,52.00,73.29,Newcastle,R-10,44.38
INV-105032,2025-10-19,C-022,SKU-00002,17,592.00,84.32,Adelaide,R-25,21.63
INV-105033,2025-04-13,C-059,SKU-00046,7,711.00,88.55,Perth,R-02,26.37
INV-105034,2025-08-11,C-093,SKU-00030,4,439.00,80.12,Perth,R-09,43.73
INV-105035,2024-04-23,C-216,SKU-00026,2,405.00,88.54,Brisbane,R-06,6.75
INV-105036,2025-12-13,C-361,SKU-00039,21,204.00,71.82,Melbourne,R-07,29.94
INV-105037,2024-03-23,C-268,SKU-00028,1,722.00,81.53,Newcastle,R-21,35.53
INV-105038,2024-07-22,C-396,SKU-00022,23,477.00,86.48,Adelaide,R-07,45.00
INV-105039,2024-02-16,C-327,SKU-00038,3,427.00,74.82,Adelaide,R-25,8.50
INV-105040,2025-04-14,C-253,SKU-00005,15,643.00,81.14,Melbourne,R-05,29.15
INV-105041,2025-08-01,C-375,SKU-00050,18,201.00,77.76,Newcastle,R-01,17.67
INV-105042,2025-05-13,C-343,SKU-00042,12,292.00,77.16,Newcastle,R-27,18.32
INV-105043,2025-01-06,C-128,SKU-00019,13,357.00,74.36,Newcastle,R-16,19.97
INV-105044,2025-06-26,C-143,SKU-00024,20,208.00,73.40,Adelaide,R-04,14.72
INV-105045,2025-12-04,C-150,SKU-00019,17,357.00,76.33,Brisbane,R-20,31.20
INV-105046,2024-02-01,C-196,SKU-00022,18,477.00,75.06,Adelaide,R-15,22.65
INV-105047,2024-02-26,C-268,SKU-00004,14,340.00,71.26,Newcastle,R-17,27.27
INV-105048,2025-11-16,C-095,SKU-00018,24,268.00,84.96,Sydney,R-04,21.23
INV-105049,2025-03-18,C-059,SKU-00046,16,711.00,80.80,Perth,R-17,37.08
INV-105050,2025-10-28,C-301,SKU-00022,3,477.00,72.37,Melbourne,R-11,18.80
INV-105051,2024-05-04,C-262,SKU-00034,18,214.00,82.98,Adelaide,R-09,42.36
INV-105052,2024-11-10,C-114,SKU-00046,24,711.00,76.08,Sydney,R-05,26.56
INV-105053,2025-12-15,C-006,SKU-00006,7,428.00,74.62,Sydney,R-16,37.30
INV-105054,2024-05-16,C-303,SKU-00021,16,453.00,73.12,Perth,R-22,31.54
INV-105055,2024-10-17,C-372,SKU-00036,18,224.00,79.56,Melbourne,R-11,25.44
INV-105056,2025-09-08,C-330,SKU-00025,4,345.00,87.96,Brisbane,R-17,38.56
INV-105057,2025-08-14,C-040,SKU-00013,6,52.00,70.92,Melbourne,R-26,5.32
INV-105058,2024-10-15,C-385,SKU-00009,19,761.00,81.70,Sydney,R-03,10.82
INV-105059,2025-11-15,C-295,SKU-00023,11,115.00,74.91,Perth,R-23,40.83
INV-105060,2024-12-19,C-342,SKU-00039,2,204.00,71.59,Melbourne,R-07,20.67
INV-105061,2024-07-03,C-237,SKU-00006,22,428.00,88.22,Brisbane,R-01,13.81
INV-105062,2025-05-01,C-395,SKU-00017,14,69.00,87.50,Sydney,R-26,35.72
INV-105063,2025-07-01,C-389,SKU-00001,2,569.00,73.30,Perth,R-20,24.40
INV-105064,2024-04-16,C-262,SKU-00053,9,589.00,70.56,Adelaide,R-24,38.05
INV-105065,2025-04-19,C-086,SKU-00021,16,453.00,89.92,Perth,R-20,17.60
INV-105066,2024-12-10,C-346,SKU-00039,6,204.00,78.42,Newcastle,R-23,5.70
INV-105067,2025-11-25,C-312,SKU-00034,23,214.00,77.28,Perth,R-15,11.52
INV-105068,2024-02-27,C-116,SKU-00014,3,632.00,75.06,Sydney,R-11,14.75
INV-105069,2025-09-08,C-404,SKU-00001,16,569.00,72.32,Adelaide,R-02,34.59
INV-105070,2024-01-25,C-392,SKU-00047,21,371.00,78.05,Sydney,R-01,8.21
INV-105071,2024-10-15,C-254,SKU-00006,14,428.00,86.38,Sydney,R-09,23.99
INV-105072,2024-01-02,C-316,SKU-00020,22,702.00,88.66,Adelaide,R-05,37.78
INV-105073,2025-06-01,C-040,SKU-00050,23,201.00,70.84,Melbourne,R-08,43.07
INV-105074,2025-09-08,C-161,SKU-00010,22,27.00,83.38,Perth,R-04,16.23
INV-105075,2025-12-06,C-007,SKU-00026,7,405.00,73.78,Adelaide,R-02,28.86
INV-105076,2025-02-02,C-077,SKU-00009,16,761.00,76.48,Adelaide,R-01,3.79
INV-105077,2025-11-22,C-379,SKU-00023,20,115.00,89.80,Newcastle,R-19,9.00
INV-105078,2024-04-27,C-294,SKU-00052,13,834.00,90.35,Melbourne,R-07,42.51
INV-105079,2025-09-16,C-128,SKU-00039,11,204.00,84.81,Newcastle,R-15,33.55
INV-105080,2024-06-14,C-107,SKU-00031,23,336.00,68.56,Melbourne,R-12,37.54
INV-105081,2025-01-23,C-222,SKU-00058,12,513.00,82.56,Melbourne,R-01,16.20
INV-105082,2025-05-18,C-356,SKU-00005,24,643.00,77.28,Perth,R-04,2.46
INV-105083,2025-05-12,C-068,SKU-00011,12,62.00,78.48,Adelaide,R-23,25.99
INV-105084,2024-04-02,C-220,SKU-00044,10,183.00,81.00,Adelaide,R-21,5.22
INV-105085,2024-09-15,C-383,SKU-00028,15,722.00,79.65,Perth,R-19,17.04
INV-105086,2025-02-25,C-298,SKU-00022,1,477.00,80.31,Perth,R-26,25.79
INV-105087,2025-05-17,C-235,SKU-00013,17,52.00,84.83,Brisbane,R-09,33.84
INV-105088,2024-04-16,C-274,SKU-00034,9,214.00,72.90,Newcastle,R-01,16.03
INV-105089,2024-10-13,C-351,SKU-00050,9,201.00,70.56,Adelaide,R-25,7.30
INV-105090,2025-10-01,C-209,SKU-00009,12,761.00,73.08,Newcastle,R-10,21.37
INV-105091,2024-04-23,C-381,SKU-00046,6,711.00,88.26,Perth,R-17,16.95
INV-105092,2024-03-16,C-182,SKU-00036,8,224.00,70.88,Perth,R-03,22.08
INV-105093,2025-02-06,C-003,SKU-00057,21,143.00,70.56,Newcastle,R-18,42.64
INV-105094,2025-04-17,C-388,SKU-00006,20,428.00,77.80,Adelaide,R-19,30.05
INV-105095,2024-03-04,C-079,SKU-00045,2,841.00,85.86,Newcastle,R-25,16.33
INV-105096,2025-08-20,C-102,SKU-00010,9,27.00,85.14,Adelaide,R-09,8.78
INV-105097,2025-02-22,C-242,SKU-00035,14,571.00,70.42,Sydney,R-18,12.27
INV-105098,2024-06-02,C-151,SKU-00050,2,201.00,80.98,Melbourne,R-19,28.15
INV-105099,2025-10-16,C-004,SKU-00054,1,714.00,74.35,Perth,R-17,34.35
INV-105100,2024-08-27,C-340,SKU-00008,17,232.00,71.63,Newcastle,R-15,6.19
INV-105101,2025-05-25,C-274,SKU-00033,8,111.00,72.88,Newcastle,R-16,14.95
INV-105102,2024-10-01,C-094,SKU-00051,15,246.00,81.75,Adelaide,R-11,21.95
INV-105103,2024-10-10,C-392,SKU-00006,18,428.00,72.18,Sydney,R-25,17.09
INV-105104,2025-08-15,C-001,SKU-00047,15,371.00,81.60,Adelaide,R-02,19.73
INV-105105,2024-09-27,C-370,SKU-00038,2,427.00,79.94,Adelaide,R-18,2.56
INV-105106,2024-05-01,C-053,SKU-00004,5,340.00,86.65,Perth,R-22,13.79
INV-105107,2025-12-19,C-014,SKU-00003,21,237.00,82.11,Sydney,R-20,26.80
INV-105108,2024-01-01,C-264,SKU-00050,8,201.00,80.32,Brisbane,R-02,27.91
INV-105109,2025-02-01,C-280,SKU-00009,4,761.00,72.28,Newcastle,R-20,12.24
INV-105110,2025-03-08,C-349,SKU-00035,3,571.00,71.90,Sydney,R-13,38.98
INV-105111,2025-09-18,C-414,SKU-00038,9,427.00,84.78,Melbourne,R-07,2.50
INV-105112,2024-06-05,C-194,SKU-00008,12,232.00,70.20,Brisbane,R-10,27.52
INV-105113,2024-11-08,C-293,SKU-00005,3,643.00,72.45,Adelaide,R-12,14.47
INV-105114,2024-09-04,C-055,SKU-00048,20,553.00,78.00,Adelaide,R-03,43.12
INV-105115,2024-04-07,C-161,SKU-00027,14,107.00,78.26,Perth,R-20,35.27
INV-105116,2024-02-17,C-117,SKU-00039,19,204.00,83.41,Adelaide,R-27,26.32
INV-105117,2025-11-03,C-205,SKU-00022,12,477.00,86.88,Sydney,R-05,39.41
INV-105118,2024-05-26,C-001,SKU-00044,3,183.00,72.99,Adelaide,R-13,9.09
INV-105119,2024-07-08,C-025,SKU-00014,4,632.00,74.72,Brisbane,R-13,40.09
INV-105120,2025-09-26,C-292,SKU-00017,23,69.00,70.46,Perth,R-12,28.73
INV-105121,2024-09-19,C-313,SKU-00044,15,183.00,78.00,Sydney,R-06,9.08
INV-105122,2025-12-20,C-351,SKU-00047,11,371.00,90.86,Adelaide,R-02,32.64
INV-105123,2024-08-01,C-232,SKU-00051,3,246.00,80.85,Perth,R-20,39.59
INV-105124,2024-04-24,C-344,SKU-00005,23,643.00,72.45,Melbourne,R-11,37.91
INV-105125,2024-08-01,C-210,SKU-00043,21,320.00,70.77,Adelaide,R-04,15.98
INV-105126,2025-03-22,C-242,SKU-00017,16,69.00,84.96,Sydney,R-14,2.26
INV-105127,2024-02-03,C-409,SKU-00008,11,232.00,72.16,Sydney,R-22,5.92
INV-105128,2025-10-14,C-396,SKU-00018,19,268.00,77.14,Adelaide,R-13,43.12
INV-105129,2025-06-16,C-063,SKU-00023,3,115.00,76.65,Sydney,R-16,19.23
INV-105130,2024-02-18,C-276,SKU-00047,1,371.00,76.18,Perth,R-07,4.84
INV-105131,2025-11-23,C-145,SKU-00016,6,574.00,81.66,Sydney,R-07,37.74
INV-105132,2025-02-11,C-049,SKU-00049,13,840.00,90.61,Melbourne,R-01,24.61
INV-105133,2025-03-20,C-078,SKU-00010,18,27.00,90.36,Newcastle,R-21,35.56
INV-105134,2025-04-19,C-064,SKU-00011,19,62.00,75.05,Newcastle,R-23,27.00
INV-105135,2024-09-23,C-344,SKU-00031,16,336.00,77.44,Melbourne,R-24,21.80
INV-105136,2024-08-25,C-366,SKU-00047,5,371.00,76.40,Melbourne,R-16,3.45
INV-105137,2025-03-10,C-416,SKU-00016,13,574.00,78.00,Melbourne,R-09,25.73
INV-105138,2025-11-18,C-348,SKU-00012,24,822.00,86.88,Sydney,R-10,39.78
INV-105139,2024-09-18,C-414,SKU-00018,19,268.00,78.28,Melbourne,R-12,16.30
INV-105140,2025-04-01,C-340,SKU-00009,17,761.00,74.13,Newcastle,R-27,28.11
INV-105141,2025-03-10,C-102,SKU-00036,5,224.00,88.70,Adelaide,R-12,19.90
INV-105142,2025-03-14,C-197,SKU-00058,3,513.00,74.28,Melbourne,R-05,12.85
INV-105143,2025-12-17,C-379,SKU-00024,13,208.00,82.29,Newcastle,R-10,27.03
INV-105144,2025-01-24,C-234,SKU-00025,17,345.00,77.86,Adelaide,R-01,18.21
INV-105145,2024-07-15,C-111,SKU-00051,3,246.00,82.56,Adelaide,R-13,15.10
INV-105146,2024-08-20,C-319,SKU-00013,2,52.00,82.90,Perth,R-14,20.77
INV-105147,2025-11-12,C-149,SKU-00001,14,569.00,73.92,Perth,R-07,36.79
INV-105148,2025-11-25,C-233,SKU-00058,24,513.00,72.48,Sydney,R-23,10.03
INV-105149,2025-02-11,C-167,SKU-00030,16,439.00,84.32,Sydney,R-22,44.37
INV-105150,2025-03-12,C-317,SKU-00044,18,183.00,81.81,Melbourne,R-25,19.05
INV-105151,2025-02-11,C-403,SKU-00047,14,371.00,70.42,Perth,R-11,37.01
INV-105152,2025-01-14,C-124,SKU-00019,13,357.00,85.15,Adelaide,R-23,17.51
INV-105153,2024-05-12,C-142,SKU-00030,17,439.00,82.11,Melbourne,R-22,41.55
INV-105154,2024-09-28,C-279,SKU-00003,1,237.00,77.23,Sydney,R-14,19.01
INV-105155,2024-05-21,C-396,SKU-00032,11,60.00,77.33,Adelaide,R-10,31.80
INV-105156,2025-07-03,C-028,SKU-00036,2,224.00,72.26,Melbourne,R-23,43.16
INV-105157,2025-03-01,C-126,SKU-00053,8,589.00,88.88,Perth,R-06,10.10
INV-105158,2025-02-02,C-395,SKU-00012,20,822.00,75.60,Sydney,R-13,8.49
INV-105159,2025-08-03,C-165,SKU-00015,6,332.00,70.62,Perth,R-08,13.31
INV-105160,2025-06-15,C-216,SKU-00058,18,513.00,78.99,Brisbane,R-01,4.47
INV-105161,2024-12-11,C-189,SKU-00049,23,840.00,82.80,Brisbane,R-03,21.11
INV-105162,2024-12-23,C-038,SKU-00004,4,340.00,89.64,Melbourne,R-03,17.48
INV-105163,2024-05-23,C-166,SKU-00038,1,427.00,74.66,Adelaide,R-05,26.50
INV-105164,2024-11-17,C-096,SKU-00054,11,714.00,81.84,Melbourne,R-26,30.64
INV-105165,2025-11-18,C-341,SKU-00049,7,840.00,75.53,Perth,R-14,14.48
INV-105166,2025-02-22,C-373,SKU-00011,24,62.00,80.40,Newcastle,R-28,3.71
INV-105167,2024-12-24,C-237,SKU-00007,12,284.00,81.00,Brisbane,R-05,41.68
INV-105168,2025-02-16,C-395,SKU-00008,9,232.00,87.48,Sydney,R-13,20.50
INV-105169,2025-01-14,C-388,SKU-00042,2,292.00,73.26,Adelaide,R-08,42.01
INV-105170,2024-06-23,C-159,SKU-00038,4,427.00,77.10,Melbourne,R-10,27.71
INV-105171,2024-11-21,C-062,SKU-00054,10,714.00,71.70,Perth,R-03,27.31
INV-105172,2024-04-18,C-135,SKU-00049,16,840.00,75.84,Newcastle,R-05,44.33
INV-105173,2025-02-21,C-315,SKU-00030,22,439.00,88.88,Brisbane,R-10,12.59
INV-105174,2024-10-05,C-105,SKU-00005,18,643.00,72.00,Sydney,R-17,33.87
INV-105175,2024-02-07,C-279,SKU-00005,1,643.00,76.54,Sydney,R-28,33.99
INV-105176,2025-02-21,C-043,SKU-00054,21,714.00,70.56,Brisbane,R-11,1.27
INV-105177,2024-06-15,C-414,SKU-00055,22,703.00,85.14,Melbourne,R-01,8.34
INV-105178,2024-08-21,C-081,SKU-00029,1,291.00,77.11,Sydney,R-16,36.46
INV-105179,2024-06-17,C-307,SKU-00033,9,111.00,74.61,Newcastle,R-22,20.22
INV-105180,2024-11-09,C-001,SKU-00031,11,336.00,69.42,Adelaide,R-03,27.75
INV-105181,2025-04-07,C-382,SKU-00001,8,569.00,90.80,Newcastle,R-25,35.04
INV-105182,2025-02-28,C-058,SKU-00041,11,612.00,72.82,Adelaide,R-20,19.55
INV-105183,2025-06-11,C-284,SKU-00032,22,60.00,87.56,Melbourne,R-11,5.53
INV-105184,2025-02-22,C-078,SKU-00034,22,214.00,75.02,Newcastle,R-12,25.31
INV-105185,2025-05-14,C-278,SKU-00001,15,569.00,81.60,Melbourne,R-23,4.67
INV-105186,2024-05-27,C-171,SKU-00045,22,841.00,88.00,Sydney,R-04,31.74
INV-105187,2025-06-27,C-134,SKU-00057,7,143.00,80.29,Melbourne,R-06,12.76
INV-105188,2025-09-11,C-243,SKU-00020,19,702.00,88.92,Melbourne,R-26,28.72
INV-105189,2024-10-27,C-041,SKU-00012,11,822.00,71.94,Adelaide,R-25,9.71
INV-105190,2025-02-20,C-372,SKU-00013,23,52.00,68.77,Melbourne,R-18,37.72
INV-105191,2024-02-01,C-393,SKU-00026,8,405.00,80.24,Sydney,R-25,15.99
INV-105192,2025-02-04,C-346,SKU-00028,16,722.00,88.64,Newcastle,R-17,11.60
INV-105193,2024-12-25,C-290,SKU-00020,8,702.00,85.20,Perth,R-08,13.43
INV-105194,2024-10-17,C-364,SKU-00023,11,115.00,88.88,Sydney,R-17,32.97
INV-105195,2025-07-04,C-311,SKU-00042,1,292.00,79.65,Newcastle,R-21,9.23
INV-105196,2024-10-05,C-237,SKU-00047,10,371.00,90.70,Brisbane,R-23,9.70
INV-105197,2025-02-23,C-410,SKU-00005,1,643.00,78.33,Brisbane,R-17,17.41
INV-105198,2024-06-07,C-138,SKU-00019,22,357.00,73.04,Newcastle,R-13,21.70
INV-105199,2024-04-16,C-407,SKU-00006,17,428.00,83.13,Adelaide,R-17,35.22
INV-105200,2025-09-01,C-320,SKU-00055,16,703.00,76.84,Sydney,R-12,6.82
INV-105201,2025-01-24,C-117,SKU-00058,4,513.00,79.16,Adelaide,R-26,29.91
INV-105202,2024-03-06,C-160,SKU-00008,6,232.00,87.54,Melbourne,R-21,19.59
INV-105203,2025-11-26,C-269,SKU-00024,13,208.00,82.42,Newcastle,R-26,26.87
INV-105204,2025-09-04,C-351,SKU-00034,23,214.00,87.17,Adelaide,R-13,1.35
INV-105205,2024-09-25,C-064,SKU-00048,8,553.00,85.84,Newcastle,R-25,40.71
INV-105206,2025-01-28,C-153,SKU-00005,9,643.00,72.54,Perth,R-21,12.77
INV-105207,2025-03-07,C-065,SKU-00053,21,589.00,82.32,Adelaide,R-15,10.69
INV-105208,2025-07-19,C-281,SKU-00034,2,214.00,74.44,Melbourne,R-16,5.85
INV-105209,2024-06-27,C-201,SKU-00031,12,336.00,82.08,Perth,R-05,38.89
INV-105210,2024-02-18,C-027,SKU-00028,14,722.00,77.02,Brisbane,R-20,0.79
INV-105211,2024-04-11,C-192,SKU-00016,17,574.00,85.17,Newcastle,R-21,11.35
INV-105212,2025-03-05,C-197,SKU-00015,5,332.00,70.60,Melbourne,R-13,11.42
INV-105213,2025-05-24,C-387,SKU-00019,8,357.00,76.32,Sydney,R-05,5.63
INV-105214,2025-06-26,C-415,SKU-00054,4,714.00,89.92,Melbourne,R-05,23.54
INV-105215,2025-11-28,C-023,SKU-00044,11,183.00,86.24,Perth,R-20,32.36
INV-105216,2025-07-26,C-108,SKU-00007,22,284.00,71.06,Perth,R-03,29.81
INV-105217,2025-12-06,C-278,SKU-00035,15,571.00,80.10,Melbourne,R-21,16.12
INV-105218,2025-03-01,C-343,SKU-00012,13,822.00,84.11,Newcastle,R-25,41.30
INV-105219,2024-10-12,C-266,SKU-00051,10,246.00,88.40,Adelaide,R-12,7.06
INV-105220,2024-01-03,C-417,SKU-00023,8,115.00,78.97,Perth,R-22,8.89
INV-105221,2025-04-02,C-147,SKU-00058,17,513.00,74.29,Sydney,R-25,3.99
INV-105222,2024-03-09,C-264,SKU-00028,9,722.00,80.73,Brisbane,R-28,2.29
INV-105223,2025-03-12,C-052,SKU-00030,16,439.00,80.16,Newcastle,R-10,16.12
INV-105224,2024-02-14,C-398,SKU-00026,14,405.00,87.22,Adelaide,R-28,22.70
INV-105225,2025-09-22,C-093,SKU-00004,14,340.00,70.42,Perth,R-24,42.46
INV-105226,2024-06-24,C-273,SKU-00008,6,232.00,80.28,Sydney,R-16,15.22
INV-105227,2024-09-21,C-256,SKU-00020,3,702.00,81.63,Sydney,R-13,2.69
INV-105228,2025-12-03,C-300,SKU-00058,22,513.00,81.62,Brisbane,R-14,28.89
INV-105229,2024-01-08,C-045,SKU-00028,23,722.00,75.44,Newcastle,R-25,16.28
INV-105230,2024-08-27,C-197,SKU-00005,11,643.00,71.24,Melbourne,R-06,15.87
INV-105231,2025-09-12,C-162,SKU-00048,17,553.00,86.87,Perth,R-06,7.51
INV-105232,2024-06-15,C-392,SKU-00007,2,284.00,74.42,Sydney,R-23,0.14
INV-105233,2024-09-15,C-092,SKU-00018,2,268.00,72.28,Brisbane,R-19,11.65
INV-105234,2024-09-01,C-277,SKU-00037,22,831.00,73.48,Newcastle,R-16,13.67
INV-105235,2024-06-23,C-261,SKU-00047,13,371.00,74.49,Brisbane,R-28,27.77
INV-105236,2024-09-28,C-404,SKU-00036,13,224.00,74.62,Adelaide,R-03,10.53
INV-105237,2025-03-22,C-340,SKU-00024,9,208.00,87.21,Newcastle,R-16,24.25
INV-105238,2024-08-26,C-300,SKU-00046,16,711.00,84.80,Brisbane,R-10,17.17
INV-105239,2024-07-04,C-140,SKU-00044,16,183.00,77.44,Sydney,R-27,35.92
INV-105240,2025-02-04,C-161,SKU-00003,13,237.00,70.80,Perth,R-17,10.56
INV-105241,2025-09-15,C-241,SKU-00002,13,592.00,70.98,Newcastle,R-19,34.47
INV-105242,2025-05-24,C-020,SKU-00029,24,291.00,90.24,Perth,R-05,9.73
INV-105243,2024-12-13,C-215,SKU-00007,12,284.00,87.72,Newcastle,R-14,17.02
INV-105244,2025-08-28,C-097,SKU-00030,4,439.00,70.96,Brisbane,R-13,31.80
INV-105245,2025-10-22,C-035,SKU-00013,12,52.00,89.04,Newcastle,R-01,24.08
INV-105246,2025-08-06,C-377,SKU-00014,12,632.00,90.72,Newcastle,R-13,27.43
INV-105247,2024-05-09,C-209,SKU-00004,19,340.00,86.64,Newcastle,R-24,21.55
INV-105248,2025-06-19,C-221,SKU-00045,11,841.00,76.23,Newcastle,R-06,39.53
INV-105249,2025-09-21,C-161,SKU-00007,18,284.00,75.42,Perth,R-23,35.12
INV-105250,2024-04-28,C-347,SKU-00028,19,722.00,79.71,Brisbane,R-14,24.73
INV-105251,2025-06-11,C-035,SKU-00032,18,60.00,86.76,Newcastle,R-09,42.38
INV-105252,2025-08-11,C-246,SKU-00040,8,257.00,75.28,Newcastle,R-06,15.10
INV-105253,2025-10-26,C-238,SKU-00021,6,453.00,76.44,Adelaide,R-13,34.12
INV-105254,2025-04-03,C-065,SKU-00005,3,643.00,79.26,Adelaide,R-06,15.48
INV-105255,2024-07-28,C-118,SKU-00055,10,703.00,70.90,Brisbane,R-18,41.48
INV-105256,2025-11-07,C-112,SKU-00032,12,60.00,79.08,Brisbane,R-28,39.69
INV-105257,2025-02-18,C-104,SKU-00014,22,632.00,77.44,Melbourne,R-16,16.73
INV-105258,2025-02-06,C-258,SKU-00021,8,453.00,86.08,Perth,R-25,3.63
INV-105259,2025-08-12,C-311,SKU-00030,10,439.00,77.80,Newcastle,R-28,4.37
INV-105260,2024-04-25,C-319,SKU-00026,20,405.00,68.08,Perth,R-07,28.83
INV-105261,2024-06-09,C-166,SKU-00048,9,553.00,71.46,Adelaide,R-24,40.71
INV-105262,2024-06-07,C-249,SKU-00006,15,428.00,80.40,Melbourne,R-10,43.75
INV-105263,2025-09-05,C-342,SKU-00004,7,340.00,77.14,Melbourne,R-08,16.70
INV-105264,2025-02-18,C-201,SKU-00047,18,371.00,78.84,Perth,R-09,12.60
INV-105265,2025-01-19,C-246,SKU-00007,19,284.00,86.83,Newcastle,R-26,44.86
INV-105266,2024-02-08,C-148,SKU-00051,23,246.00,79.58,Melbourne,R-23,3.00
INV-105267,2024-02-16,C-310,SKU-00026,7,405.00,83.86,Perth,R-19,43.87
INV-105268,2024-10-22,C-053,SKU-00002,16,592.00,75.04,Perth,R-23,39.08
INV-105269,2024-11-01,C-092,SKU-00019,15,357.00,87.00,Brisbane,R-10,43.31
INV-105270,2024-09-17,C-157,SKU-00016,8,574.00,75.07,Sydney,R-10,27.24
INV-105271,2025-03-22,C-409,SKU-00050,17,201.00,89.25,Sydney,R-10,30.29
INV-105272,2025-05-07,C-151,SKU-00018,16,268.00,72.64,Melbourne,R-28,42.87
INV-105273,2025-08-15,C-243,SKU-00044,1,183.00,80.21,Melbourne,R-24,4.89
INV-105274,2024-03-22,C-156,SKU-00004,6,340.00,70.74,Melbourne,R-08,17.09
INV-105275,2025-06-26,C-289,SKU-00043,12,320.00,73.32,Perth,R-05,31.06
INV-105276,2024-06-16,C-030,SKU-00044,14,183.00,70.84,Brisbane,R-19,31.43
INV-105277,2025-07-22,C-009,SKU-00002,8,592.00,72.64,Brisbane,R-25,19.60
INV-105278,2025-06-05,C-217,SKU-00024,17,208.00,80.75,Newcastle,R-04,0.42
INV-105279,2025-08-06,C-069,SKU-00027,8,107.00,72.24,Sydney,R-07,12.74
INV-105280,2024-09-07,C-072,SKU-00042,24,292.00,76.84,Perth,R-08,4.60
INV-105281,2024-04-07,C-151,SKU-00015,7,332.00,86.17,Melbourne,R-02,39.70
INV-105282,2024-08-06,C-130,SKU-00019,1,357.00,83.62,Sydney,R-10,37.73
INV-105283,2025-10-23,C-008,SKU-00022,4,477.00,78.92,Newcastle,R-13,41.27
INV-105284,2025-10-16,C-258,SKU-00052,15,834.00,82.80,Perth,R-19,41.38
INV-105285,2024-06-06,C-134,SKU-00048,3,553.00,72.42,Melbourne,R-06,33.03
INV-105286,2025-07-13,C-139,SKU-00052,8,834.00,79.84,Perth,R-13,15.66
INV-105287,2025-08-27,C-374,SKU-00015,11,332.00,80.30,Newcastle,R-09,16.49
INV-105288,2024-02-25,C-048,SKU-00018,15,268.00,76.05,Newcastle,R-28,27.26
INV-105289,2024-12-10,C-330,SKU-00033,4,111.00,86.04,Brisbane,R-05,12.98
INV-105290,2024-07-19,C-073,SKU-00020,24,702.00,74.41,Melbourne,R-09,38.05
INV-105291,2024-08-19,C-271,SKU-00044,2,183.00,81.20,Brisbane,R-13,25.76
INV-105292,2025-01-27,C-248,SKU-00056,7,481.00,86.03,Newcastle,R-27,44.84
INV-105293,2025-10-23,C-177,SKU-00018,10,268.00,72.70,Newcastle,R-23,39.45
INV-105294,2025-03-06,C-411,SKU-00057,23,143.00,86.71,Perth,R-22,44.50
INV-105295,2025-01-16,C-092,SKU-00056,17,481.00,74.97,Brisbane,R-27,0.38
INV-105296,2025-03-21,C-019,SKU-00028,24,722.00,74.88,Newcastle,R-27,39.26
INV-105297,2024-02-07,C-081,SKU-00040,5,257.00,85.15,Sydney,R-11,10.77
INV-105298,2025-03-11,C-330,SKU-00012,23,822.00,78.66,Brisbane,R-24,44.63
INV-105299,2025-08-13,C-092,SKU-00053,18,589.00,87.12,Brisbane,R-10,38.17
INV-105300,2024-09-28,C-004,SKU-00047,21,371.00,68.78,Perth,R-24,34.57
INV-105301,2024-01-23,C-247,SKU-00015,7,332.00,87.15,Sydney,R-09,19.80
INV-105302,2024-10-09,C-189,SKU-00009,7,761.00,89.95,Brisbane,R-27,15.10
INV-105303,2024-02-12,C-240,SKU-00026,24,405.00,80.88,Adelaide,R-02,26.08
INV-105304,2025-09-21,C-061,SKU-00057,7,143.00,76.72,Sydney,R-10,40.56
INV-105305,2024-12-25,C-083,SKU-00025,9,345.00,73.26,Adelaide,R-26,29.10
INV-105306,2024-11-12,C-394,SKU-00020,17,702.00,74.46,Adelaide,R-20,44.01
INV-105307,2025-10-13,C-136,SKU-00008,12,232.00,79.68,Sydney,R-12,12.92
INV-105308,2025-12-03,C-093,SKU-00052,21,834.00,84.00,Perth,R-26,7.98
INV-105309,2025-10-26,C-405,SKU-00039,2,204.00,76.74,Brisbane,R-18,0.73
INV-105310,2025-10-19,C-118,SKU-00056,16,481.00,82.73,Brisbane,R-28,2.95
INV-105311,2024-08-19,C-180,SKU-00006,16,428.00,90.08,Brisbane,R-25,37.89
INV-105312,2024-06-10,C-372,SKU-00043,13,320.00,82.03,Melbourne,R-20,6.20
INV-105313,2024-04-16,C-272,SKU-00050,5,201.00,85.05,Adelaide,R-10,44.75
INV-105314,2024-06-10,C-158,SKU-00026,1,405.00,82.85,Melbourne,R-15,10.65
INV-105315,2024-04-27,C-136,SKU-00028,3,722.00,85.17,Sydney,R-25,24.98
INV-105316,2024-01-12,C-416,SKU-00006,23,428.00,73.14,Melbourne,R-02,6.66
INV-105317,2025-09-22,C-375,SKU-00024,5,208.00,72.25,Newcastle,R-13,6.97
INV-105318,2024-08-20,C-253,SKU-00003,5,237.00,89.45,Melbourne,R-28,43.17
INV-105319,2024-08-19,C-383,SKU-00020,22,702.00,71.72,Perth,R-11,6.11
INV-105320,2024-01-11,C-417,SKU-00028,15,722.00,69.41,Perth,R-01,11.11
INV-105321,2025-10-26,C-082,SKU-00057,7,143.00,87.29,Melbourne,R-19,26.62
INV-105322,2024-09-13,C-187,SKU-00037,14,831.00,86.24,Brisbane,R-27,43.39
INV-105323,2024-08-04,C-391,SKU-00043,10,320.00,76.30,Sydney,R-09,44.67
INV-105324,2025-03-13,C-111,SKU-00052,15,834.00,75.75,Adelaide,R-02,37.11
INV-105325,2025-11-19,C-084,SKU-00009,22,761.00,75.68,Perth,R-26,16.62
INV-105326,2025-08-10,C-359,SKU-00038,2,427.00,74.04,Sydney,R-22,11.66
INV-105327,2025-04-14,C-117,SKU-00015,12,332.00,80.52,Adelaide,R-17,13.22
INV-105328,2024-04-23,C-064,SKU-00049,17,840.00,70.55,Newcastle,R-18,35.91
INV-105329,2024-09-05,C-411,SKU-00001,4,569.00,75.24,Perth,R-05,23.51
INV-105330,2024-09-28,C-299,SKU-00032,15,60.00,65.27,Brisbane,R-04,20.15
INV-105331,2024-06-04,C-124,SKU-00028,15,722.00,81.90,Adelaide,R-22,2.28
INV-105332,2024-07-22,C-191,SKU-00034,8,214.00,86.32,Newcastle,R-28,15.04
INV-105333,2025-06-17,C-245,SKU-00046,7,711.00,71.54,Perth,R-15,18.76
INV-105334,2025-06-08,C-083,SKU-00042,11,292.00,76.12,Adelaide,R-20,8.66
INV-105335,2025-01-12,C-086,SKU-00031,21,336.00,80.85,Perth,R-23,6.55
INV-105336,2024-05-12,C-210,SKU-00036,6,224.00,83.64,Adelaide,R-27,10.49
INV-105337,2025-10-06,C-088,SKU-00002,16,592.00,76.48,Adelaide,R-16,42.12
INV-105338,2025-04-12,C-320,SKU-00022,5,477.00,90.50,Sydney,R-23,26.91
INV-105339,2024-02-11,C-395,SKU-00044,5,183.00,76.95,Sydney,R-11,43.37
INV-105340,2025-06-17,C-202,SKU-00057,21,143.00,73.80,Newcastle,R-28,28.90
INV-105341,2024-10-17,C-207,SKU-00032,21,60.00,73.92,Melbourne,R-17,42.87
INV-105342,2024-09-10,C-043,SKU-00017,8,69.00,90.56,Brisbane,R-28,21.99
INV-105343,2025-07-24,C-369,SKU-00029,19,291.00,77.33,Adelaide,R-24,23.13
INV-105344,2024-12-27,C-267,SKU-00045,12,841.00,80.52,Sydney,R-05,20.70
INV-105345,2024-06-07,C-206,SKU-00020,16,702.00,87.36,Newcastle,R-23,25.95
INV-105346,2025-11-11,C-018,SKU-00003,9,237.00,75.24,Melbourne,R-15,26.65
INV-105347,2024-04-26,C-206,SKU-00016,14,574.00,77.00,Newcastle,R-27,13.70
INV-105348,2024-09-12,C-160,SKU-00007,7,284.00,70.91,Melbourne,R-26,7.95
INV-105349,2025-10-17,C-384,SKU-00045,14,841.00,77.14,Perth,R-13,4.67
INV-105350,2024-08-03,C-320,SKU-00032,10,60.00,81.51,Sydney,R-26,33.77
INV-105351,2024-05-04,C-117,SKU-00040,23,257.00,82.80,Adelaide,R-19,12.49
INV-105352,2025-11-10,C-149,SKU-00053,20,589.00,74.40,Perth,R-07,7.76
INV-105353,2025-10-15,C-410,SKU-00006,1,428.00,87.51,Brisbane,R-17,38.52
INV-105354,2024-07-18,C-332,SKU-00032,23,60.00,89.70,Perth,R-06,6.54
INV-105355,2025-10-28,C-142,SKU-00012,5,822.00,74.35,Melbourne,R-08,27.38
INV-105356,2025-07-13,C-392,SKU-00001,8,569.00,70.96,Sydney,R-12,40.12
INV-105357,2024-02-28,C-254,SKU-00001,19,569.00,85.31,Sydney,R-01,7.63
INV-105358,2025-11-28,C-255,SKU-00021,1,453.00,71.83,Sydney,R-07,6.12
INV-105359,2025-05-01,C-073,SKU-00001,2,569.00,72.48,Melbourne,R-07,2.61
INV-105360,2024-03-14,C-249,SKU-00012,11,822.00,76.81,Melbourne,R-22,39.18
INV-105361,2024-09-09,C-150,SKU-00053,20,589.00,78.20,Brisbane,R-20,18.93
INV-105362,2025-04-21,C-115,SKU-00037,22,831.00,75.68,Melbourne,R-13,43.60
INV-105363,2024-12-06,C-105,SKU-00034,22,214.00,89.32,Sydney,R-05,22.33
INV-105364,2024-11-14,C-390,SKU-00058,19,513.00,75.43,Adelaide,R-22,25.29
INV-105365,2025-07-17,C-405,SKU-00048,5,553.00,85.90,Brisbane,R-12,17.08
INV-105366,2024-12-25,C-232,SKU-00032,15,60.00,71.25,Perth,R-20,10.09
INV-105367,2024-02-21,C-141,SKU-00007,3,284.00,79.26,Perth,R-13,3.55
INV-105368,2024-03-17,C-058,SKU-00022,24,477.00,83.28,Adelaide,R-25,38.49
INV-105369,2025-08-27,C-219,SKU-00021,11,453.00,87.45,Melbourne,R-01,18.70
INV-105370,2024-04-10,C-081,SKU-00033,6,111.00,67.62,Sydney,R-09,21.75
INV-105371,2024-04-01,C-411,SKU-00057,23,143.00,86.48,Perth,R-09,10.10
INV-105372,2024-07-25,C-108,SKU-00016,20,574.00,71.20,Perth,R-04,29.62
INV-105373,2024-08-08,C-118,SKU-00036,17,224.00,74.63,Brisbane,R-27,34.73
INV-105374,2025-07-01,C-411,SKU-00034,18,214.00,80.10,Perth,R-28,17.17
INV-105375,2024-07-24,C-328,SKU-00046,13,711.00,87.49,Newcastle,R-17,13.27
INV-105376,2025-07-19,C-412,SKU-00051,7,246.00,90.44,Newcastle,R-11,32.72
INV-105377,2025-08-23,C-329,SKU-00009,2,761.00,76.38,Newcastle,R-01,5.31
INV-105378,2024-09-07,C-350,SKU-00033,8,111.00,86.48,Perth,R-23,40.57
INV-105379,2025-10-17,C-367,SKU-00039,20,204.00,78.60,Melbourne,R-27,23.86
INV-105380,2025-11-15,C-217,SKU-00009,3,761.00,76.70,Newcastle,R-14,32.42
INV-105381,2024-04-21,C-402,SKU-00042,12,292.00,78.60,Melbourne,R-18,30.89
INV-105382,2024-02-19,C-312,SKU-00022,21,477.00,73.71,Perth,R-01,36.78
INV-105383,2024-06-05,C-247,SKU-00054,23,714.00,79.12,Sydney,R-03,3.38
INV-105384,2024-03-11,C-232,SKU-00043,22,320.00,81.62,Perth,R-26,40.71
INV-105385,2025-04-23,C-052,SKU-00007,19,284.00,72.58,Newcastle,R-03,26.77
INV-105386,2025-02-12,C-087,SKU-00035,2,571.00,73.34,Melbourne,R-11,9.50
INV-105387,2024-01-06,C-388,SKU-00034,24,214.00,84.72,Adelaide,R-03,9.60
INV-105388,2025-02-27,C-084,SKU-00049,2,840.00,85.68,Perth,R-09,42.56
INV-105389,2025-11-21,C-221,SKU-00038,20,427.00,77.20,Newcastle,R-04,0.90
INV-105390,2025-04-04,C-193,SKU-00004,23,340.00,77.02,Brisbane,R-16,29.34
INV-105391,2025-02-03,C-373,SKU-00045,6,841.00,71.76,Newcastle,R-02,4.63
INV-105392,2024-07-10,C-226,SKU-00052,21,834.00,74.13,Perth,R-22,41.63
INV-105393,2024-01-25,C-353,SKU-00057,23,143.00,72.68,Adelaide,R-08,0.08
INV-105394,2024-11-04,C-366,SKU-00046,6,711.00,72.24,Melbourne,R-14,43.85
INV-105395,2025-06-22,C-117,SKU-00031,7,336.00,78.33,Adelaide,R-19,10.37
INV-105396,2025-09-17,C-019,SKU-00018,7,268.00,88.06,Newcastle,R-02,42.09
INV-105397,2025-12-12,C-261,SKU-00035,20,571.00,84.20,Brisbane,R-22,26.92
INV-105398,2024-03-06,C-332,SKU-00051,22,246.00,72.38,Perth,R-08,37.69
INV-105399,2024-08-08,C-089,SKU-00026,12,405.00,73.08,Sydney,R-16,42.70
INV-105400,2024-09-27,C-142,SKU-00041,1,612.00,69.95,Melbourne,R-06,23.62
INV-105401,2025-07-04,C-097,SKU-00053,15,589.00,84.75,Brisbane,R-07,6.78
INV-105402,2025-07-23,C-350,SKU-00025,17,345.00,72.25,Perth,R-28,8.56
INV-105403,2024-07-14,C-097,SKU-00041,24,612.00,78.24,Brisbane,R-11,15.98
INV-105404,2025-04-05,C-393,SKU-00029,23,291.00,78.66,Sydney,R-15,27.41
INV-105405,2024-03-23,C-117,SKU-00051,2,246.00,74.86,Adelaide,R-01,26.32
INV-105406,2024-09-22,C-306,SKU-00042,18,292.00,81.36,Brisbane,R-28,30.54
INV-105407,2024-10-17,C-003,SKU-00006,14,428.00,75.04,Newcastle,R-06,8.83
INV-105408,2025-10-03,C-274,SKU-00017,4,69.00,82.48,Newcastle,R-12,6.82
INV-105409,2024-10-05,C-377,SKU-00022,10,477.00,85.80,Newcastle,R-21,16.67
INV-105410,2024-12-23,C-219,SKU-00020,22,702.00,66.39,Melbourne,R-27,20.96
INV-105411,2025-03-12,C-356,SKU-00004,9,340.00,70.38,Perth,R-10,8.80
INV-105412,2024-07-12,C-268,SKU-00009,22,761.00,71.06,Newcastle,R-24,19.69
INV-105413,2025-03-10,C-337,SKU-00039,1,204.00,78.68,Sydney,R-11,41.54
INV-105414,2025-09-24,C-281,SKU-00013,1,52.00,80.70,Melbourne,R-03,41.03
INV-105415,2025-09-13,C-200,SKU-00008,24,232.00,70.56,Newcastle,R-16,20.35
INV-105416,2024-09-08,C-061,SKU-00024,18,208.00,75.06,Sydney,R-05,23.06
INV-105417,2024-04-05,C-077,SKU-00047,11,371.00,78.65,Adelaide,R-22,26.11
INV-105418,2025-09-09,C-032,SKU-00058,3,513.00,85.71,Brisbane,R-26,0.71
INV-105419,2025-10-14,C-409,SKU-00051,16,246.00,75.68,Sydney,R-09,1.94
INV-105420,2025-06-26,C-392,SKU-00005,23,643.00,70.04,Sydney,R-12,35.95
INV-105421,2024-07-06,C-244,SKU-00029,23,291.00,85.33,Perth,R-24,21.98
INV-105422,2025-04-15,C-127,SKU-00037,14,831.00,88.62,Perth,R-28,36.81
INV-105423,2024-07-26,C-174,SKU-00026,7,405.00,77.49,Brisbane,R-18,36.61
INV-105424,2024-05-23,C-038,SKU-00049,19,840.00,70.68,Melbourne,R-24,44.48
INV-105425,2024-11-10,C-318,SKU-00031,10,336.00,84.90,Adelaide,R-27,8.55
INV-105426,2025-11-21,C-135,SKU-00036,15,224.00,78.90,Newcastle,R-11,30.08
INV-105427,2024-07-28,C-078,SKU-00010,22,27.00,85.14,Newcastle,R-10,30.75
INV-105428,2024-12-26,C-176,SKU-00047,22,371.00,75.68,Sydney,R-13,27.12
INV-105429,2024-05-19,C-252,SKU-00023,4,115.00,75.92,Brisbane,R-05,42.17
INV-105430,2025-11-02,C-152,SKU-00006,16,428.00,74.34,Melbourne,R-11,43.06
INV-105431,2024-02-05,C-120,SKU-00012,12,822.00,80.28,Adelaide,R-07,32.83
INV-105432,2024-02-22,C-033,SKU-00057,24,143.00,77.28,Adelaide,R-06,42.99
INV-105433,2025-01-07,C-107,SKU-00056,12,481.00,77.76,Melbourne,R-26,38.93
INV-105434,2025-02-28,C-309,SKU-00008,23,232.00,86.25,Adelaide,R-19,26.49
INV-105435,2025-11-12,C-244,SKU-00018,14,268.00,73.78,Perth,R-02,29.37
INV-105436,2025-01-27,C-221,SKU-00038,8,427.00,81.20,Newcastle,R-20,16.38
INV-105437,2025-08-11,C-021,SKU-00022,10,477.00,77.80,Adelaide,R-14,17.78
INV-105438,2024-03-07,C-029,SKU-00033,4,111.00,82.52,Adelaide,R-04,38.03
INV-105439,2025-02-05,C-232,SKU-00008,22,232.00,75.02,Perth,R-02,10.10
INV-105440,2024-09-18,C-123,SKU-00013,21,52.00,78.83,Brisbane,R-06,37.55
INV-105441,2024-11-18,C-302,SKU-00049,19,840.00,84.74,Adelaide,R-25,16.41
INV-105442,2024-05-12,C-209,SKU-00025,12,345.00,78.48,Newcastle,R-18,28.44
INV-105443,2024-09-25,C-013,SKU-00003,8,237.00,80.64,Perth,R-27,5.90
INV-105444,2025-11-03,C-031,SKU-00016,10,574.00,75.70,Newcastle,R-10,42.06
INV-105445,2025-10-06,C-367,SKU-00006,3,428.00,81.84,Melbourne,R-13,11.62
INV-105446,2025-05-24,C-040,SKU-00026,19,405.00,87.02,Melbourne,R-10,29.43
INV-105447,2024-03-19,C-268,SKU-00030,7,439.00,90.23,Newcastle,R-24,33.96
INV-105448,2024-03-15,C-328,SKU-00053,5,589.00,73.90,Newcastle,R-04,43.20
INV-105449,2024-03-03,C-108,SKU-00049,19,840.00,83.60,Perth,R-13,34.06
INV-105450,2024-04-04,C-141,SKU-00051,11,246.00,81.36,Perth,R-10,2.75
INV-105451,2025-08-23,C-258,SKU-00021,6,453.00,71.76,Perth,R-07,26.92
INV-105452,2025-05-03,C-254,SKU-00042,20,292.00,78.00,Sydney,R-22,8.19
INV-105453,2025-06-15,C-022,SKU-00054,8,714.00,78.88,Adelaide,R-27,2.56
INV-105454,2024-06-02,C-397,SKU-00033,2,111.00,75.26,Melbourne,R-01,23.89
INV-105455,2024-05-18,C-225,SKU-00038,11,427.00,84.37,Perth,R-06,37.96
INV-105456,2024-08-13,C-005,SKU-00013,19,52.00,70.87,Brisbane,R-24,41.43
INV-105457,2025-08-23,C-031,SKU-00021,15,453.00,77.55,Newcastle,R-23,11.96
INV-105458,2024-04-16,C-065,SKU-00012,2,822.00,87.08,Adelaide,R-04,44.91
INV-105459,2025-04-21,C-065,SKU-00031,20,336.00,84.60,Adelaide,R-22,40.79
INV-105460,2024-12-14,C-356,SKU-00011,19,62.00,66.60,Perth,R-09,9.91
INV-105461,2024-09-05,C-042,SKU-00017,5,69.00,86.25,Sydney,R-19,43.73
INV-105462,2025-12-21,C-175,SKU-00024,10,208.00,72.00,Perth,R-20,13.86
INV-105463,2025-04-21,C-260,SKU-00005,17,643.00,80.24,Sydney,R-07,40.44
INV-105464,2025-01-10,C-049,SKU-00057,20,143.00,71.00,Melbourne,R-23,44.91
INV-105465,2025-01-24,C-379,SKU-00002,10,592.00,70.60,Newcastle,R-08,16.48
INV-105466,2024-05-18,C-326,SKU-00004,24,340.00,74.88,Adelaide,R-23,31.95
INV-105467,2025-01-10,C-088,SKU-00017,3,69.00,71.58,Adelaide,R-09,36.43
INV-105468,2025-04-06,C-397,SKU-00012,14,822.00,86.24,Melbourne,R-03,34.38
INV-105469,2024-11-07,C-095,SKU-00044,10,183.00,85.50,Sydney,R-18,21.42
INV-105470,2025-02-11,C-392,SKU-00014,1,632.00,82.63,Sydney,R-02,43.80
INV-105471,2025-09-02,C-080,SKU-00048,2,553.00,80.94,Newcastle,R-16,42.40
INV-105472,2025-03-26,C-353,SKU-00032,6,60.00,87.42,Adelaide,R-24,20.28
INV-105473,2024-01-03,C-079,SKU-00021,6,453.00,77.88,Newcastle,R-12,17.97
INV-105474,2024-12-27,C-266,SKU-00009,3,761.00,76.83,Adelaide,R-05,16.82
INV-105475,2024-08-03,C-419,SKU-00035,20,571.00,72.40,Brisbane,R-11,37.89
INV-105476,2025-03-28,C-233,SKU-00041,3,612.00,76.05,Sydney,R-27,7.79
INV-105477,2024-04-13,C-181,SKU-00047,1,371.00,76.45,Perth,R-21,33.63
INV-105478,2024-02-17,C-304,SKU-00018,14,268.00,79.80,Melbourne,R-28,40.63
INV-105479,2024-11-17,C-050,SKU-00017,13,69.00,73.45,Newcastle,R-18,16.75
INV-105480,2025-12-25,C-065,SKU-00047,6,371.00,83.02,Adelaide,R-19,41.75
INV-105481,2024-04-16,C-129,SKU-00009,4,761.00,75.88,Adelaide,R-22,43.27
INV-105482,2025-01-02,C-241,SKU-00050,3,201.00,75.63,Newcastle,R-07,23.94
INV-105483,2024-02-20,C-262,SKU-00005,15,643.00,85.80,Adelaide,R-10,8.61
INV-105484,2024-04-19,C-109,SKU-00027,2,107.00,83.80,Sydney,R-16,3.73
INV-105485,2025-12-20,C-264,SKU-00055,19,703.00,76.38,Brisbane,R-11,23.83
INV-105486,2024-10-23,C-009,SKU-00014,16,632.00,76.16,Brisbane,R-12,13.57
INV-105487,2025-01-23,C-300,SKU-00037,10,831.00,85.60,Brisbane,R-11,19.19
INV-105488,2024-08-22,C-061,SKU-00037,15,831.00,82.50,Sydney,R-17,26.86
INV-105489,2024-04-04,C-419,SKU-00022,22,477.00,70.84,Brisbane,R-18,27.83
INV-105490,2025-04-12,C-029,SKU-00035,23,571.00,69.62,Adelaide,R-07,6.13
INV-105491,2025-05-25,C-169,SKU-00051,1,246.00,78.74,Melbourne,R-08,21.39
INV-105492,2025-02-08,C-189,SKU-00011,9,62.00,71.10,Brisbane,R-12,2.06
INV-105493,2025-12-15,C-189,SKU-00041,15,612.00,73.35,Brisbane,R-12,7.11
INV-105494,2024-12-08,C-279,SKU-00031,23,336.00,71.30,Sydney,R-03,14.55
INV-105495,2024-09-19,C-342,SKU-00041,7,612.00,81.55,Melbourne,R-28,33.46
INV-105496,2025-05-20,C-287,SKU-00020,5,702.00,84.00,Melbourne,R-20,20.12
INV-105497,2024-03-23,C-342,SKU-00044,8,183.00,74.88,Melbourne,R-23,27.55
INV-105498,2025-02-02,C-031,SKU-00004,1,340.00,74.54,Newcastle,R-15,6.76
INV-105499,2025-10-10,C-010,SKU-00058,20,513.00,82.20,Perth,R-16,12.61
INV-105500,2025-10-12,C-386,SKU-00057,3,143.00,73.89,Brisbane,R-16,29.69
INV-105501,2024-12-01,C-007,SKU-00033,6,111.00,80.28,Adelaide,R-04,27.67
INV-105502,2025-01-18,C-163,SKU-00013,21,52.00,86.31,Newcastle,R-19,36.89
INV-105503,2024-02-07,C-107,SKU-00058,19,513.00,72.96,Melbourne,R-22,8.66
INV-105504,2024-09-28,C-374,SKU-00014,21,632.00,82.74,Newcastle,R-25,27.63
INV-105505,2024-03-24,C-369,SKU-00045,21,841.00,75.81,Adelaide,R-04,19.79
INV-105506,2025-08-14,C-374,SKU-00033,9,111.00,76.50,Newcastle,R-05,5.99
INV-105507,2025-08-05,C-340,SKU-00007,8,284.00,72.80,Newcastle,R-12,14.09
INV-105508,2024-09-18,C-161,SKU-00001,14,569.00,73.50,Perth,R-11,18.94
INV-105509,2025-07-18,C-069,SKU-00004,19,340.00,73.91,Sydney,R-01,7.61
INV-105510,2024-03-01,C-295,SKU-00025,11,345.00,77.42,Perth,R-11,35.41
INV-105511,2025-01-06,C-276,SKU-00021,7,453.00,77.77,Perth,R-18,40.43
INV-105512,2024-06-21,C-400,SKU-00056,15,481.00,86.10,Newcastle,R-28,42.26
INV-105513,2025-04-28,C-369,SKU-00046,4,711.00,84.84,Adelaide,R-27,17.01
INV-105514,2024-07-06,C-222,SKU-00034,20,214.00,71.20,Melbourne,R-07,19.86
INV-105515,2024-12-15,C-233,SKU-00016,19,574.00,80.56,Sydney,R-02,41.03
INV-105516,2025-01-09,C-036,SKU-00014,13,632.00,82.81,Melbourne,R-27,16.25
INV-105517,2024-12-19,C-045,SKU-00029,18,291.00,84.60,Newcastle,R-14,7.07
INV-105518,2025-10-02,C-272,SKU-00006,1,428.00,85.42,Adelaide,R-15,29.55
INV-105519,2025-06-27,C-334,SKU-00035,23,571.00,76.59,Brisbane,R-28,8.57
INV-105520,2024-10-11,C-007,SKU-00001,18,569.00,68.23,Adelaide,R-28,7.51
INV-105521,2024-09-22,C-397,SKU-00022,15,477.00,78.00,Melbourne,R-05,24.33
INV-105522,2024-11-02,C-328,SKU-00057,1,143.00,80.13,Newcastle,R-01,19.85
INV-105523,2025-11-01,C-032,SKU-00049,5,840.00,76.25,Brisbane,R-21,18.85
INV-105524,2024-11-14,C-317,SKU-00049,20,840.00,82.20,Melbourne,R-12,8.75
INV-105525,2025-06-09,C-020,SKU-00057,7,143.00,87.43,Perth,R-23,33.26
INV-105526,2025-12-04,C-230,SKU-00036,16,224.00,90.56,Melbourne,R-12,22.90
INV-105527,2024-03-28,C-159,SKU-00012,22,822.00,72.82,Melbourne,R-09,24.32
INV-105528,2024-10-21,C-141,SKU-00010,8,27.00,71.60,Perth,R-09,13.72
INV-105529,2024-08-26,C-024,SKU-00012,1,822.00,74.22,Melbourne,R-06,14.37
INV-105530,2025-07-19,C-409,SKU-00026,18,405.00,70.38,Sydney,R-19,20.36
INV-105531,2024-09-28,C-160,SKU-00041,24,612.00,80.40,Melbourne,R-05,5.14
INV-105532,2025-05-14,C-216,SKU-00050,4,201.00,87.56,Brisbane,R-06,21.07
INV-105533,2025-02-19,C-121,SKU-00005,1,643.00,77.03,Newcastle,R-21,16.69
INV-105534,2025-12-09,C-419,SKU-00051,2,246.00,82.82,Brisbane,R-24,35.89
INV-105535,2024-05-23,C-094,SKU-00022,4,477.00,86.96,Adelaide,R-21,30.36
INV-105536,2024-05-18,C-410,SKU-00032,12,60.00,90.24,Brisbane,R-07,43.52
INV-105537,2024-07-08,C-357,SKU-00050,14,201.00,72.80,Newcastle,R-09,20.42
INV-105538,2025-11-08,C-340,SKU-00011,9,62.00,84.06,Newcastle,R-13,6.71
INV-105539,2025-12-05,C-069,SKU-00050,6,201.00,82.62,Sydney,R-24,26.23
INV-105540,2024-04-04,C-210,SKU-00037,8,831.00,74.78,Adelaide,R-22,38.20
INV-105541,2025-11-03,C-007,SKU-00014,3,632.00,85.17,Adelaide,R-20,25.83
INV-105542,2025-04-06,C-155,SKU-00015,20,332.00,72.00,Perth,R-05,9.11
INV-105543,2024-12-16,C-194,SKU-00055,6,703.00,73.62,Brisbane,R-08,25.67
INV-105544,2024-01-24,C-294,SKU-00058,19,513.00,71.44,Melbourne,R-06,34.51
INV-105545,2025-07-09,C-257,SKU-00050,22,201.00,76.56,Brisbane,R-05,42.84
INV-105546,2025-09-12,C-168,SKU-00049,20,840.00,90.60,Brisbane,R-23,14.31
INV-105547,2025-08-13,C-401,SKU-00036,4,224.00,70.60,Perth,R-15,17.58
INV-105548,2024-11-16,C-360,SKU-00043,12,320.00,78.60,Melbourne,R-19,30.80
INV-105549,2025-04-01,C-293,SKU-00056,19,481.00,84.93,Adelaide,R-22,4.41
INV-105550,2025-10-07,C-260,SKU-00053,17,589.00,67.41,Sydney,R-17,15.34
INV-105551,2025-04-26,C-295,SKU-00026,1,405.00,84.01,Perth,R-25,6.14
INV-105552,2024-08-22,C-120,SKU-00017,16,69.00,73.92,Adelaide,R-06,16.47
INV-105553,2024-02-20,C-109,SKU-00021,19,453.00,76.00,Sydney,R-01,8.98
INV-105554,2025-09-19,C-128,SKU-00029,23,291.00,78.20,Newcastle,R-17,2.64
INV-105555,2024-08-10,C-034,SKU-00027,6,107.00,73.98,Sydney,R-28,35.23
INV-105556,2024-11-20,C-301,SKU-00055,17,703.00,70.55,Melbourne,R-20,6.22
INV-105557,2024-07-04,C-041,SKU-00044,12,183.00,87.96,Adelaide,R-20,3.05
INV-105558,2025-12-24,C-024,SKU-00053,16,589.00,76.96,Melbourne,R-21,22.43
INV-105559,2025-03-01,C-044,SKU-00034,16,214.00,72.16,Brisbane,R-26,36.03
INV-105560,2024-02-11,C-048,SKU-00039,2,204.00,79.75,Newcastle,R-09,14.32
INV-105561,2025-04-22,C-031,SKU-00027,22,107.00,89.54,Newcastle,R-20,26.23
INV-105562,2025-11-23,C-208,SKU-00030,3,439.00,76.08,Perth,R-23,8.65
INV-105563,2024-04-20,C-164,SKU-00014,10,632.00,75.50,Perth,R-13,24.46
INV-105564,2024-11-09,C-234,SKU-00031,18,336.00,84.96,Adelaide,R-10,14.84
INV-105565,2025-12-09,C-182,SKU-00039,6,204.00,78.78,Perth,R-23,23.71
INV-105566,2024-11-24,C-176,SKU-00013,22,52.00,78.32,Sydney,R-26,27.41
INV-105567,2024-03-16,C-158,SKU-00002,1,592.00,77.18,Melbourne,R-27,29.58
INV-105568,2025-10-06,C-278,SKU-00054,23,714.00,88.32,Melbourne,R-23,36.89
INV-105569,2024-06-18,C-147,SKU-00044,1,183.00,70.41,Sydney,R-12,23.65
INV-105570,2025-08-05,C-183,SKU-00057,1,143.00,76.53,Perth,R-16,13.72
INV-105571,2025-04-15,C-013,SKU-00036,13,224.00,77.48,Perth,R-19,44.69
INV-105572,2024-08-28,C-409,SKU-00029,14,291.00,73.64,Sydney,R-17,3.95
INV-105573,2025-05-09,C-288,SKU-00014,6,632.00,84.54,Newcastle,R-22,30.59
INV-105574,2025-01-22,C-146,SKU-00029,11,291.00,72.71,Perth,R-19,20.90
INV-105575,2024-09-12,C-256,SKU-00056,18,481.00,86.04,Sydney,R-05,12.51
INV-105576,2025-03-01,C-321,SKU-00002,6,592.00,73.80,Sydney,R-16,14.51
INV-105577,2025-05-15,C-103,SKU-00003,2,237.00,84.82,Sydney,R-26,37.40
INV-105578,2024-01-25,C-136,SKU-00055,22,703.00,87.56,Sydney,R-16,3.00
INV-105579,2025-09-03,C-319,SKU-00015,10,332.00,77.70,Perth,R-27,43.90
INV-105580,2024-02-25,C-140,SKU-00021,6,453.00,73.42,Sydney,R-25,18.90
INV-105581,2025-07-07,C-325,SKU-00038,20,427.00,81.00,Sydney,R-28,31.73
INV-105582,2025-02-04,C-112,SKU-00004,6,340.00,89.52,Brisbane,R-10,19.48
INV-105583,2025-05-08,C-324,SKU-00005,24,643.00,85.68,Newcastle,R-07,41.29
INV-105584,2025-12-03,C-215,SKU-00049,13,840.00,74.10,Newcastle,R-02,37.66
INV-105585,2024-09-06,C-036,SKU-00032,16,60.00,74.88,Melbourne,R-08,27.81
INV-105586,2024-09-14,C-210,SKU-00007,20,284.00,76.20,Adelaide,R-26,7.46
INV-105587,2025-10-26,C-361,SKU-00024,8,208.00,79.04,Melbourne,R-19,3.36
INV-105588,2024-02-15,C-059,SKU-00044,23,183.00,81.19,Perth,R-24,3.82
INV-105589,2024-06-25,C-232,SKU-00046,5,711.00,90.90,Perth,R-01,26.64
INV-105590,2025-10-01,C-351,SKU-00044,9,183.00,68.97,Adelaide,R-11,36.13
INV-105591,2024-01-08,C-081,SKU-00057,4,143.00,72.64,Sydney,R-24,44.27
INV-105592,2024-08-12,C-362,SKU-00039,6,204.00,80.22,Perth,R-27,26.25
INV-105593,2025-01-24,C-322,SKU-00048,20,553.00,72.40,Brisbane,R-22,4.65
INV-105594,2024-12-01,C-106,SKU-00006,3,428.00,76.26,Sydney,R-22,14.99
INV-105595,2024-05-27,C-163,SKU-00027,9,107.00,74.07,Newcastle,R-07,28.43
INV-105596,2025-11-16,C-128,SKU-00005,11,643.00,73.48,Newcastle,R-23,17.95
INV-105597,2024-02-27,C-015,SKU-00057,15,143.00,77.10,Sydney,R-27,15.40
INV-105598,2025-11-18,C-369,SKU-00013,15,52.00,88.65,Adelaide,R-06,5.24
INV-105599,2025-10-06,C-350,SKU-00038,13,427.00,83.72,Perth,R-06,16.91
INV-105600,2025-01-10,C-215,SKU-00039,1,204.00,74.25,Newcastle,R-04,10.62
INV-105601,2024-05-24,C-108,SKU-00028,5,722.00,83.25,Perth,R-14,4.34
INV-105602,2025-04-02,C-074,SKU-00055,17,703.00,72.42,Adelaide,R-06,38.97
INV-105603,2024-12-11,C-219,SKU-00049,5,840.00,87.30,Melbourne,R-26,34.17
INV-105604,2025-08-21,C-230,SKU-00054,11,714.00,76.12,Melbourne,R-02,11.49
INV-105605,2025-01-03,C-166,SKU-00053,4,589.00,81.60,Adelaide,R-25,0.63
INV-105606,2025-06-05,C-194,SKU-00041,10,612.00,71.20,Brisbane,R-20,11.74
INV-105607,2024-02-01,C-042,SKU-00049,16,840.00,76.16,Sydney,R-28,3.03
INV-105608,2025-12-15,C-366,SKU-00048,6,553.00,76.26,Melbourne,R-16,43.46
INV-105609,2024-03-11,C-311,SKU-00035,16,571.00,79.52,Newcastle,R-13,38.85
INV-105610,2025-07-12,C-175,SKU-00054,9,714.00,66.82,Perth,R-03,19.10
INV-105611,2025-10-10,C-318,SKU-00036,8,224.00,86.88,Adelaide,R-20,29.11
INV-105612,2024-10-28,C-034,SKU-00053,22,589.00,75.68,Sydney,R-14,32.49
INV-105613,2024-06-19,C-269,SKU-00044,18,183.00,87.66,Newcastle,R-11,37.43
INV-105614,2024-05-28,C-299,SKU-00036,15,224.00,80.10,Brisbane,R-04,15.80
INV-105615,2024-07-18,C-359,SKU-00012,4,822.00,75.44,Sydney,R-18,6.30
INV-105616,2025-06-14,C-200,SKU-00032,24,60.00,85.20,Newcastle,R-11,6.63
INV-105617,2025-07-01,C-381,SKU-00035,9,571.00,82.71,Perth,R-24,41.98
INV-105618,2025-04-17,C-025,SKU-00012,2,822.00,89.54,Brisbane,R-19,0.18
INV-105619,2025-09-02,C-325,SKU-00046,10,711.00,89.30,Sydney,R-25,42.59
INV-105620,2025-07-07,C-005,SKU-00050,21,201.00,77.28,Brisbane,R-26,19.06
INV-105621,2025-09-06,C-195,SKU-00037,3,831.00,78.63,Melbourne,R-10,39.72
INV-105622,2025-11-12,C-237,SKU-00058,20,513.00,85.80,Brisbane,R-15,23.40
INV-105623,2025-11-24,C-148,SKU-00006,8,428.00,73.36,Melbourne,R-11,17.72
INV-105624,2024-11-04,C-116,SKU-00016,3,574.00,80.34,Sydney,R-20,34.16
INV-105625,2025-10-14,C-053,SKU-00030,7,439.00,79.80,Perth,R-06,13.74
INV-105626,2024-07-28,C-410,SKU-00047,15,371.00,73.35,Brisbane,R-14,13.33
INV-105627,2025-12-15,C-201,SKU-00013,3,52.00,77.82,Perth,R-05,17.98
INV-105628,2025-06-06,C-042,SKU-00024,7,208.00,74.13,Sydney,R-20,5.43
INV-105629,2024-01-26,C-335,SKU-00025,10,345.00,79.50,Brisbane,R-06,13.22
INV-105630,2024-10-11,C-225,SKU-00034,20,214.00,65.69,Perth,R-18,7.25
INV-105631,2024-12-06,C-384,SKU-00017,16,69.00,74.40,Perth,R-01,29.60
INV-105632,2024-12-17,C-109,SKU-00012,6,822.00,74.76,Sydney,R-02,7.70
INV-105633,2024-04-21,C-197,SKU-00046,3,711.00,90.27,Melbourne,R-02,17.74
INV-105634,2025-08-10,C-294,SKU-00033,2,111.00,73.38,Melbourne,R-25,40.64
INV-105635,2025-08-05,C-242,SKU-00009,20,761.00,85.80,Sydney,R-23,1.27
INV-105636,2024-12-16,C-370,SKU-00051,13,246.00,76.18,Adelaide,R-16,28.26
INV-105637,2024-03-08,C-201,SKU-00030,20,439.00,84.20,Perth,R-10,43.76
INV-105638,2024-03-19,C-266,SKU-00039,4,204.00,86.84,Adelaide,R-05,36.20
INV-105639,2024-11-14,C-056,SKU-00023,6,115.00,80.10,Adelaide,R-22,27.02
INV-105640,2025-05-19,C-323,SKU-00013,7,52.00,69.49,Brisbane,R-13,17.05
INV-105641,2024-08-02,C-216,SKU-00041,14,612.00,74.20,Brisbane,R-22,39.61
INV-105642,2024-07-18,C-251,SKU-00010,4,27.00,85.92,Perth,R-14,10.66
INV-105643,2025-02-20,C-111,SKU-00037,12,831.00,71.16,Adelaide,R-04,30.93
INV-105644,2024-05-28,C-046,SKU-00003,16,237.00,72.00,Perth,R-09,39.01
INV-105645,2025-02-28,C-291,SKU-00002,13,592.00,80.60,Melbourne,R-14,39.02
INV-105646,2025-04-15,C-350,SKU-00021,13,453.00,81.25,Perth,R-06,23.76
INV-105647,2025-11-10,C-186,SKU-00045,14,841.00,78.54,Brisbane,R-13,15.13
INV-105648,2024-09-23,C-035,SKU-00056,1,481.00,70.82,Newcastle,R-19,20.25
INV-105649,2024-02-15,C-322,SKU-00028,20,722.00,77.20,Brisbane,R-19,21.31
INV-105650,2024-01-05,C-397,SKU-00001,17,569.00,74.29,Melbourne,R-23,22.70
INV-105651,2025-05-14,C-030,SKU-00022,1,477.00,76.09,Brisbane,R-01,44.87
INV-105652,2025-03-17,C-189,SKU-00036,7,224.00,78.33,Brisbane,R-05,32.42
INV-105653,2025-07-08,C-223,SKU-00031,1,336.00,72.19,Sydney,R-22,6.41
INV-105654,2024-12-19,C-081,SKU-00004,13,340.00,88.27,Sydney,R-18,17.65
INV-105655,2025-05-16,C-303,SKU-00052,23,834.00,78.43,Perth,R-23,19.52
INV-105656,2025-11-04,C-251,SKU-00008,16,232.00,79.84,Perth,R-14,33.02
INV-105657,2025-08-25,C-361,SKU-00004,11,340.00,82.39,Melbourne,R-25,14.25
INV-105658,2025-06-26,C-031,SKU-00042,8,292.00,88.88,Newcastle,R-03,8.78
INV-105659,2025-08-05,C-352,SKU-00025,4,345.00,80.96,Melbourne,R-13,16.89
INV-105660,2024-06-01,C-168,SKU-00042,6,292.00,70.16,Brisbane,R-25,33.63
INV-105661,2024-11-23,C-247,SKU-00039,16,204.00,72.64,Sydney,R-12,25.79
INV-105662,2025-08-21,C-201,SKU-00058,7,513.00,88.41,Perth,R-27,32.49
INV-105663,2024-02-25,C-151,SKU-00046,16,711.00,77.44,Melbourne,R-23,20.30
INV-105664,2024-12-20,C-204,SKU-00004,11,340.00,71.39,Perth,R-10,26.28
INV-105665,2025-07-18,C-380,SKU-00032,18,60.00,84.24,Adelaide,R-24,6.06
INV-105666,2025-06-03,C-343,SKU-00039,9,204.00,85.32,Newcastle,R-10,37.52
INV-105667,2024-02-19,C-013,SKU-00017,19,69.00,86.07,Perth,R-07,24.69
INV-105668,2025-11-12,C-152,SKU-00011,16,62.00,82.56,Melbourne,R-28,15.43
INV-105669,2024-12-26,C-283,SKU-00002,3,592.00,72.06,Brisbane,R-24,31.48
INV-105670,2025-08-28,C-062,SKU-00027,2,107.00,79.36,Perth,R-10,38.69
INV-105671,2024-08-21,C-162,SKU-00012,5,822.00,74.75,Perth,R-09,17.55
INV-105672,2024-01-14,C-078,SKU-00005,1,643.00,77.62,Newcastle,R-18,28.88
INV-105673,2024-02-24,C-107,SKU-00054,4,714.00,80.40,Melbourne,R-13,1.19
INV-105674,2025-07-04,C-111,SKU-00043,22,320.00,78.98,Adelaide,R-01,24.15
INV-105675,2025-11-24,C-411,SKU-00003,16,237.00,80.00,Perth,R-03,34.75
INV-105676,2025-12-05,C-121,SKU-00057,9,143.00,81.36,Newcastle,R-22,13.02
INV-105677,2025-01-09,C-274,SKU-00035,14,571.00,87.78,Newcastle,R-06,42.35
INV-105678,2024-12-26,C-398,SKU-00008,1,232.00,76.96,Adelaide,R-23,35.25
INV-105679,2025-07-20,C-300,SKU-00041,1,612.00,88.30,Brisbane,R-21,39.06
INV-105680,2024-10-10,C-229,SKU-00018,24,268.00,64.69,Brisbane,R-18,18.84
INV-105681,2025-07-21,C-147,SKU-00015,1,332.00,71.60,Sydney,R-11,14.38
INV-105682,2024-10-18,C-404,SKU-00045,13,841.00,70.20,Adelaide,R-06,36.76
INV-105683,2024-11-09,C-177,SKU-00054,13,714.00,71.37,Newcastle,R-19,31.83
INV-105684,2024-10-18,C-371,SKU-00036,2,224.00,73.40,Adelaide,R-19,25.00
INV-105685,2025-10-28,C-386,SKU-00051,8,246.00,85.12,Brisbane,R-01,27.48
INV-105686,2024-08-26,C-200,SKU-00005,15,643.00,90.00,Newcastle,R-01,42.68
INV-105687,2025-09-28,C-314,SKU-00042,2,292.00,80.42,Newcastle,R-24,3.88
INV-105688,2025-01-07,C-110,SKU-00013,10,52.00,89.80,Brisbane,R-28,8.98
INV-105689,2024-12-26,C-349,SKU-00033,1,111.00,73.66,Sydney,R-24,23.86
INV-105690,2025-08-21,C-122,SKU-00048,2,553.00,78.73,Brisbane,R-06,43.07
INV-105691,2025-06-21,C-171,SKU-00051,20,246.00,83.40,Sydney,R-09,7.93
INV-105692,2024-11-03,C-257,SKU-00013,4,52.00,73.00,Brisbane,R-14,42.74
INV-105693,2025-12-13,C-385,SKU-00043,17,320.00,74.29,Sydney,R-01,39.82
INV-105694,2025-05-17,C-033,SKU-00029,9,291.00,83.25,Adelaide,R-06,42.80
INV-105695,2025-08-14,C-001,SKU-00038,17,427.00,72.59,Adelaide,R-17,8.34
INV-105696,2024-06-09,C-136,SKU-00037,17,831.00,71.23,Sydney,R-16,39.77
INV-105697,2024-07-17,C-091,SKU-00045,4,841.00,70.48,Brisbane,R-02,33.20
INV-105698,2024-01-15,C-315,SKU-00009,3,761.00,84.27,Brisbane,R-08,8.39
INV-105699,2025-06-20,C-309,SKU-00003,8,237.00,72.24,Adelaide,R-01,22.37
INV-105700,2024-07-04,C-302,SKU-00042,8,292.00,64.77,Adelaide,R-19,0.88
INV-105701,2025-06-16,C-048,SKU-00044,9,183.00,75.69,Newcastle,R-09,7.96
INV-105702,2025-01-11,C-130,SKU-00037,3,831.00,82.35,Sydney,R-20,23.64
INV-105703,2025-02-05,C-348,SKU-00056,13,481.00,72.02,Sydney,R-24,9.78
INV-105704,2025-04-15,C-028,SKU-00014,2,632.00,84.98,Melbourne,R-15,42.32
INV-105705,2025-02-10,C-394,SKU-00001,11,569.00,74.03,Adelaide,R-10,12.79
INV-105706,2024-02-17,C-329,SKU-00025,20,345.00,84.80,Newcastle,R-25,27.82
INV-105707,2024-02-16,C-376,SKU-00056,5,481.00,71.75,Brisbane,R-12,37.76
INV-105708,2024-08-16,C-220,SKU-00030,2,439.00,78.60,Adelaide,R-23,31.33
INV-105709,2025-06-02,C-169,SKU-00010,7,27.00,90.44,Melbourne,R-02,22.66
INV-105710,2024-11-12,C-046,SKU-00048,8,553.00,78.09,Perth,R-06,0.60
INV-105711,2024-03-23,C-310,SKU-00021,23,453.00,89.24,Perth,R-12,43.14
INV-105712,2025-08-25,C-194,SKU-00058,17,513.00,88.06,Brisbane,R-03,41.02
INV-105713,2025-10-08,C-027,SKU-00040,20,257.00,80.60,Brisbane,R-27,33.39
INV-105714,2024-10-06,C-251,SKU-00027,5,107.00,78.40,Perth,R-25,36.95
INV-105715,2024-06-13,C-139,SKU-00013,23,52.00,84.18,Perth,R-19,37.42
INV-105716,2024-10-18,C-390,SKU-00054,23,714.00,89.24,Adelaide,R-12,40.69
INV-105717,2025-10-12,C-217,SKU-00049,3,840.00,71.82,Newcastle,R-13,18.78
INV-105718,2024-02-22,C-224,SKU-00007,8,284.00,81.76,Sydney,R-06,10.08
INV-105719,2025-07-18,C-059,SKU-00016,4,574.00,70.88,Perth,R-24,15.69
INV-105720,2025-11-23,C-346,SKU-00004,19,340.00,69.22,Newcastle,R-11,44.83
INV-105721,2024-04-02,C-214,SKU-00050,16,201.00,77.12,Perth,R-10,20.78
INV-105722,2025-11-21,C-097,SKU-00024,16,208.00,90.24,Brisbane,R-08,36.44
INV-105723,2025-12-14,C-339,SKU-00015,19,332.00,72.58,Adelaide,R-15,26.73
INV-105724,2024-09-22,C-312,SKU-00010,2,27.00,81.80,Perth,R-28,27.90
INV-105725,2025-02-08,C-237,SKU-00003,13,237.00,79.95,Brisbane,R-22,41.85
INV-105726,2024-10-06,C-073,SKU-00057,15,143.00,76.35,Melbourne,R-14,9.29
INV-105727,2025-12-08,C-290,SKU-00009,8,761.00,74.72,Perth,R-25,44.50
INV-105728,2025-04-27,C-072,SKU-00024,12,208.00,78.84,Perth,R-19,26.75
INV-105729,2024-11-07,C-181,SKU-00004,4,340.00,79.36,Perth,R-03,16.35
INV-105730,2025-05-25,C-168,SKU-00042,3,292.00,70.52,Brisbane,R-17,0.55
INV-105731,2025-08-21,C-212,SKU-00058,22,513.00,73.04,Perth,R-18,39.36
INV-105732,2024-05-02,C-163,SKU-00052,21,834.00,82.32,Newcastle,R-04,42.29
INV-105733,2025-09-11,C-075,SKU-00006,8,428.00,79.36,Brisbane,R-16,3.50
INV-105734,2025-07-15,C-339,SKU-00027,6,107.00,73.08,Adelaide,R-22,4.17
INV-105735,2025-04-06,C-275,SKU-00057,1,143.00,90.83,Adelaide,R-03,36.96
INV-105736,2025-07-07,C-138,SKU-00002,22,592.00,78.10,Newcastle,R-18,40.64
INV-105737,2025-07-11,C-367,SKU-00002,3,592.00,86.46,Melbourne,R-09,27.90
INV-105738,2025-03-13,C-179,SKU-00016,7,574.00,81.62,Newcastle,R-01,21.80
INV-105739,2024-10-25,C-319,SKU-00025,14,345.00,85.54,Perth,R-03,24.81
INV-105740,2024-11-10,C-237,SKU-00043,16,320.00,76.69,Brisbane,R-14,7.21
INV-105741,2025-02-16,C-304,SKU-00018,11,268.00,84.92,Melbourne,R-03,26.86
INV-105742,2024-05-18,C-215,SKU-00013,11,52.00,80.85,Newcastle,R-26,36.67
INV-105743,2024-05-18,C-161,SKU-00043,24,320.00,73.68,Perth,R-18,8.86
INV-105744,2025-08-20,C-335,SKU-00006,3,428.00,72.51,Brisbane,R-09,41.56
INV-105745,2025-02-12,C-349,SKU-00017,18,69.00,76.50,Sydney,R-06,4.82
INV-105746,2025-05-03,C-326,SKU-00039,21,204.00,78.12,Adelaide,R-18,32.66
INV-105747,2024-03-16,C-158,SKU-00019,22,357.00,89.10,Melbourne,R-20,42.43
INV-105748,2025-01-07,C-233,SKU-00033,4,111.00,83.92,Sydney,R-10,13.45
INV-105749,2024-09-19,C-284,SKU-00024,19,208.00,74.10,Melbourne,R-18,13.12
INV-105750,2024-12-28,C-359,SKU-00016,5,574.00,74.52,Sydney,R-13,36.35
INV-105751,2024-05-16,C-259,SKU-00046,23,711.00,77.74,Sydney,R-06,10.47
INV-105752,2025-11-09,C-041,SKU-00026,5,405.00,88.70,Adelaide,R-09,4.41
INV-105753,2025-04-16,C-378,SKU-00006,2,428.00,85.56,Melbourne,R-02,38.50
INV-105754,2025-03-27,C-185,SKU-00046,3,711.00,86.55,Sydney,R-16,7.24
INV-105755,2024-12-25,C-262,SKU-00032,21,60.00,82.32,Adelaide,R-10,10.56
INV-105756,2025-09-18,C-082,SKU-00057,20,143.00,73.20,Melbourne,R-12,9.94
INV-105757,2025-11-09,C-368,SKU-00041,19,612.00,77.71,Sydney,R-19,38.12
INV-105758,2024-05-03,C-104,SKU-00047,19,371.00,74.86,Melbourne,R-11,16.28
INV-105759,2025-07-20,C-201,SKU-00031,4,336.00,70.56,Perth,R-19,0.71
INV-105760,2024-08-02,C-072,SKU-00029,17,291.00,72.73,Perth,R-12,1.60
INV-105761,2024-03-01,C-389,SKU-00039,17,204.00,77.35,Perth,R-19,31.77
INV-105762,2024-08-06,C-215,SKU-00026,15,405.00,70.65,Newcastle,R-08,35.66
INV-105763,2025-11-23,C-084,SKU-00026,5,405.00,70.90,Perth,R-14,17.40
INV-105764,2024-07-05,C-036,SKU-00044,14,183.00,74.76,Melbourne,R-04,1.80
INV-105765,2025-07-12,C-234,SKU-00011,3,62.00,86.28,Adelaide,R-08,24.10
INV-105766,2025-08-13,C-180,SKU-00030,3,439.00,78.09,Brisbane,R-28,25.38
INV-105767,2025-06-24,C-286,SKU-00010,8,27.00,89.28,Brisbane,R-28,37.25
INV-105768,2025-10-16,C-387,SKU-00020,21,702.00,81.06,Sydney,R-18,27.96
INV-105769,2024-06-05,C-187,SKU-00019,10,357.00,83.20,Brisbane,R-06,43.20
INV-105770,2025-02-10,C-124,SKU-00010,4,27.00,71.47,Adelaide,R-20,8.27
INV-105771,2025-06-27,C-183,SKU-00033,1,111.00,77.26,Perth,R-12,40.32
INV-105772,2025-10-05,C-015,SKU-00021,10,453.00,72.80,Sydney,R-22,29.29
INV-105773,2025-09-10,C-348,SKU-00004,5,340.00,76.50,Sydney,R-14,2.70
INV-105774,2025-12-16,C-304,SKU-00009,16,761.00,84.32,Melbourne,R-15,29.61
INV-105775,2025-08-10,C-333,SKU-00005,23,643.00,89.01,Melbourne,R-19,3.92
INV-105776,2025-03-19,C-289,SKU-00031,17,336.00,79.39,Perth,R-15,28.86
INV-105777,2024-02-03,C-324,SKU-00041,10,612.00,82.20,Newcastle,R-28,42.24
INV-105778,2025-06-09,C-295,SKU-00053,9,589.00,81.54,Perth,R-15,6.68
INV-105779,2025-06-01,C-040,SKU-00035,18,571.00,78.12,Melbourne,R-08,20.65
INV-105780,2024-07-10,C-401,SKU-00046,23,711.00,83.58,Perth,R-24,19.41
INV-105781,2025-05-04,C-332,SKU-00039,17,204.00,80.41,Perth,R-26,8.01
INV-105782,2024-04-03,C-286,SKU-00033,22,111.00,82.28,Brisbane,R-24,25.77
INV-105783,2024-02-15,C-146,SKU-00040,20,257.00,79.40,Perth,R-22,10.62
INV-105784,2024-05-05,C-227,SKU-00033,13,111.00,85.15,Adelaide,R-28,33.17
INV-105785,2024-03-05,C-128,SKU-00022,8,477.00,89.92,Newcastle,R-25,25.06
INV-105786,2025-11-18,C-072,SKU-00056,13,481.00,73.97,Perth,R-03,20.80
INV-105787,2024-04-07,C-015,SKU-00048,20,553.00,72.40,Sydney,R-16,18.54
INV-105788,2024-01-13,C-419,SKU-00025,24,345.00,90.24,Brisbane,R-18,43.11
INV-105789,2024-12-27,C-112,SKU-00032,10,60.00,87.40,Brisbane,R-26,19.24
INV-105790,2025-03-16,C-207,SKU-00013,23,52.00,67.50,Melbourne,R-08,25.72
INV-105791,2025-06-10,C-307,SKU-00028,17,722.00,74.63,Newcastle,R-07,12.48
INV-105792,2024-07-18,C-259,SKU-00054,21,714.00,79.80,Sydney,R-13,42.33
INV-105793,2025-11-01,C-314,SKU-00013,1,52.00,74.05,Newcastle,R-12,16.30
INV-105794,2024-04-08,C-301,SKU-00042,3,292.00,86.22,Melbourne,R-10,12.85
INV-105795,2024-11-24,C-016,SKU-00008,6,232.00,85.44,Brisbane,R-27,8.03
INV-105796,2024-03-11,C-241,SKU-00049,21,840.00,74.13,Newcastle,R-10,4.41
INV-105797,2025-11-23,C-021,SKU-00033,14,111.00,79.66,Adelaide,R-16,13.91
INV-105798,2025-03-23,C-001,SKU-00029,24,291.00,74.16,Adelaide,R-25,40.18
INV-105799,2025-11-06,C-367,SKU-00030,9,439.00,84.24,Melbourne,R-20,0.01
INV-105800,2025-03-03,C-382,SKU-00011,2,62.00,69.85,Newcastle,R-14,27.22
INV-105801,2024-01-19,C-126,SKU-00052,9,834.00,70.65,Perth,R-17,5.02
INV-105802,2024-03-16,C-052,SKU-00018,12,268.00,79.68,Newcastle,R-01,0.71
INV-105803,2025-09-20,C-330,SKU-00015,16,332.00,86.40,Brisbane,R-02,14.37
INV-105804,2024-09-11,C-361,SKU-00003,6,237.00,77.58,Melbourne,R-08,43.09
INV-105805,2025-08-13,C-295,SKU-00009,9,761.00,72.81,Perth,R-15,34.60
INV-105806,2025-10-10,C-277,SKU-00025,17,345.00,78.88,Newcastle,R-06,0.28
INV-105807,2025-04-24,C-275,SKU-00015,7,332.00,77.70,Adelaide,R-12,6.82
INV-105808,2024-11-14,C-006,SKU-00013,14,52.00,74.62,Sydney,R-14,38.93
INV-105809,2024-04-27,C-375,SKU-00052,1,834.00,89.61,Newcastle,R-14,27.16
INV-105810,2024-12-10,C-079,SKU-00001,5,569.00,66.01,Newcastle,R-28,30.01
INV-105811,2025-02-28,C-058,SKU-00053,8,589.00,71.44,Adelaide,R-17,9.67
INV-105812,2024-04-08,C-187,SKU-00056,9,481.00,86.31,Brisbane,R-20,24.05
INV-105813,2024-01-21,C-234,SKU-00043,14,320.00,76.58,Adelaide,R-17,28.50
INV-105814,2025-11-01,C-309,SKU-00010,7,27.00,87.71,Adelaide,R-04,7.84
INV-105815,2025-01-08,C-293,SKU-00034,10,214.00,90.90,Adelaide,R-04,9.26
INV-105816,2024-07-01,C-373,SKU-00023,20,115.00,84.60,Newcastle,R-20,14.01
INV-105817,2025-01-09,C-172,SKU-00056,15,481.00,74.85,Newcastle,R-23,20.82
INV-105818,2025-10-03,C-094,SKU-00054,11,714.00,73.37,Adelaide,R-22,4.65
INV-105819,2025-01-28,C-059,SKU-00047,10,371.00,80.20,Perth,R-05,1.29
INV-105820,2025-12-23,C-223,SKU-00026,7,405.00,78.63,Sydney,R-03,20.41
INV-105821,2025-12-05,C-220,SKU-00037,5,831.00,85.65,Adelaide,R-08,13.61
INV-105822,2024-02-11,C-310,SKU-00012,10,822.00,81.30,Perth,R-03,14.55
INV-105823,2024-02-10,C-225,SKU-00012,24,822.00,90.00,Perth,R-12,23.67
INV-105824,2025-10-20,C-114,SKU-00032,16,60.00,81.76,Sydney,R-27,16.54
INV-105825,2025-03-13,C-117,SKU-00005,14,643.00,82.88,Adelaide,R-26,14.16
INV-105826,2024-11-05,C-384,SKU-00040,9,257.00,89.73,Perth,R-08,35.05
INV-105827,2025-04-21,C-332,SKU-00037,9,831.00,85.86,Perth,R-03,15.30
INV-105828,2024-01-17,C-270,SKU-00019,23,357.00,87.17,Newcastle,R-24,26.16
INV-105829,2024-06-02,C-079,SKU-00036,4,224.00,72.44,Newcastle,R-28,28.42
INV-105830,2025-08-06,C-338,SKU-00051,19,246.00,76.56,Perth,R-26,7.98
INV-105831,2024-09-22,C-100,SKU-00044,9,183.00,72.27,Brisbane,R-20,33.05
INV-105832,2025-01-04,C-409,SKU-00044,17,183.00,78.20,Sydney,R-17,33.55
INV-105833,2024-03-19,C-064,SKU-00045,19,841.00,85.88,Newcastle,R-10,11.78
INV-105834,2025-04-09,C-017,SKU-00015,24,332.00,77.28,Adelaide,R-23,38.50
INV-105835,2024-05-20,C-086,SKU-00053,7,589.00,90.02,Perth,R-23,1.87
INV-105836,2025-05-19,C-155,SKU-00046,15,711.00,90.60,Perth,R-22,28.59
INV-105837,2025-09-13,C-140,SKU-00033,4,111.00,70.32,Sydney,R-26,33.37
INV-105838,2024-08-07,C-099,SKU-00035,7,571.00,73.99,Perth,R-28,27.36
INV-105839,2024-01-19,C-122,SKU-00041,22,612.00,74.58,Brisbane,R-28,21.82
INV-105840,2024-06-08,C-166,SKU-00010,6,27.00,74.85,Adelaide,R-12,24.10
INV-105841,2025-01-25,C-076,SKU-00007,4,284.00,79.52,Perth,R-22,21.84
INV-105842,2024-06-02,C-250,SKU-00048,8,553.00,84.00,Perth,R-24,10.87
INV-105843,2024-08-22,C-006,SKU-00035,8,571.00,74.24,Sydney,R-15,1.14
INV-105844,2025-10-08,C-075,SKU-00004,23,340.00,72.68,Brisbane,R-04,29.44
INV-105845,2024-12-02,C-130,SKU-00040,2,257.00,82.70,Sydney,R-25,10.10
INV-105846,2024-09-18,C-132,SKU-00032,8,60.00,77.52,Newcastle,R-20,40.28
INV-105847,2024-04-28,C-099,SKU-00050,9,201.00,76.41,Perth,R-15,36.24
INV-105848,2025-09-07,C-418,SKU-00048,7,553.00,73.50,Brisbane,R-22,38.13
INV-105849,2025-03-17,C-123,SKU-00042,12,292.00,88.68,Brisbane,R-06,3.81
INV-105850,2025-05-02,C-359,SKU-00028,9,722.00,74.19,Sydney,R-01,7.09
INV-105851,2025-05-27,C-372,SKU-00016,12,574.00,77.16,Melbourne,R-01,34.86
INV-105852,2024-09-08,C-387,SKU-00047,15,371.00,74.55,Sydney,R-17,23.53
INV-105853,2025-07-02,C-121,SKU-00044,4,183.00,81.16,Newcastle,R-04,30.28
INV-105854,2025-09-22,C-115,SKU-00022,15,477.00,86.25,Melbourne,R-10,41.44
INV-105855,2025-06-14,C-213,SKU-00037,5,831.00,73.90,Brisbane,R-23,16.79
INV-105856,2025-04-08,C-092,SKU-00050,4,201.00,73.80,Brisbane,R-17,10.29
INV-105857,2024-06-15,C-154,SKU-00021,21,453.00,71.61,Newcastle,R-05,24.04
INV-105858,2024-02-17,C-055,SKU-00024,12,208.00,77.76,Adelaide,R-08,35.48
INV-105859,2025-05-16,C-202,SKU-00039,12,204.00,74.40,Newcastle,R-24,15.16
INV-105860,2025-10-08,C-246,SKU-00011,1,62.00,76.98,Newcastle,R-22,17.76
INV-105861,2025-04-05,C-280,SKU-00002,24,592.00,84.00,Newcastle,R-26,40.10
INV-105862,2024-04-20,C-165,SKU-00056,11,481.00,75.35,Perth,R-02,23.01
INV-105863,2024-02-27,C-198,SKU-00038,24,427.00,86.88,Melbourne,R-14,28.44
INV-105864,2025-06-13,C-412,SKU-00016,21,574.00,77.70,Newcastle,R-11,39.94
INV-105865,2024-07-13,C-279,SKU-00036,11,224.00,83.93,Sydney,R-06,24.30
INV-105866,2025-04-12,C-170,SKU-00024,19,208.00,78.85,Brisbane,R-05,44.20
INV-105867,2025-02-18,C-303,SKU-00033,20,111.00,90.60,Perth,R-26,6.49
INV-105868,2025-05-21,C-375,SKU-00036,3,224.00,74.73,Newcastle,R-12,1.93
INV-105869,2025-01-28,C-369,SKU-00001,1,569.00,72.50,Adelaide,R-03,22.28
INV-105870,2024-08-13,C-050,SKU-00048,8,553.00,70.80,Newcastle,R-13,17.17
INV-105871,2025-10-02,C-183,SKU-00014,18,632.00,73.44,Perth,R-23,29.37
INV-105872,2025-09-01,C-267,SKU-00051,22,246.00,81.40,Sydney,R-13,26.15
INV-105873,2025-02-22,C-286,SKU-00040,17,257.00,87.89,Brisbane,R-12,2.29
INV-105874,2025-02-25,C-202,SKU-00002,17,592.00,72.59,Newcastle,R-16,28.31
INV-105875,2025-03-12,C-277,SKU-00056,9,481.00,74.25,Newcastle,R-01,1.63
INV-105876,2024-07-16,C-072,SKU-00043,5,320.00,71.50,Perth,R-27,44.85
INV-105877,2024-11-08,C-301,SKU-00048,2,553.00,73.54,Melbourne,R-24,6.59
INV-105878,2024-11-27,C-020,SKU-00032,11,60.00,70.51,Perth,R-05,0.90
INV-105879,2025-02-19,C-018,SKU-00040,2,257.00,84.78,Melbourne,R-20,14.28
INV-105880,2024-08-15,C-026,SKU-00042,5,292.00,70.52,Melbourne,R-19,2.91
INV-105881,2025-12-09,C-386,SKU-00043,11,320.00,77.77,Brisbane,R-06,36.93
INV-105882,2024-12-19,C-134,SKU-00057,24,143.00,80.40,Melbourne,R-22,33.33
INV-105883,2025-01-19,C-167,SKU-00005,2,643.00,81.44,Sydney,R-09,43.47
INV-105884,2025-04-13,C-064,SKU-00006,8,428.00,76.96,Newcastle,R-11,33.57
INV-105885,2025-01-01,C-160,SKU-00043,12,320.00,73.80,Melbourne,R-27,4.36
INV-105886,2025-12-17,C-418,SKU-00004,7,340.00,75.81,Brisbane,R-13,12.50
INV-105887,2025-05-26,C-417,SKU-00027,5,107.00,76.25,Perth,R-11,36.02
INV-105888,2024-06-11,C-355,SKU-00005,5,643.00,78.40,Newcastle,R-28,26.06
INV-105889,2024-04-13,C-128,SKU-00040,2,257.00,78.62,Newcastle,R-05,1.19
INV-105890,2025-07-14,C-315,SKU-00002,13,592.00,70.56,Brisbane,R-28,26.66
INV-105891,2024-03-20,C-148,SKU-00040,1,257.00,77.02,Melbourne,R-08,9.62
INV-105892,2024-02-22,C-116,SKU-00052,11,834.00,77.00,Sydney,R-02,30.29
INV-105893,2025-02-05,C-317,SKU-00052,23,834.00,71.53,Melbourne,R-02,8.86
INV-105894,2025-07-26,C-287,SKU-00031,11,336.00,78.87,Melbourne,R-21,2.63
INV-105895,2024-02-15,C-394,SKU-00044,21,183.00,85.47,Adelaide,R-22,32.80
INV-105896,2025-01-28,C-016,SKU-00024,14,208.00,75.32,Brisbane,R-13,29.98
INV-105897,2025-10-13,C-159,SKU-00046,19,711.00,78.85,Melbourne,R-04,29.77
INV-105898,2025-10-16,C-101,SKU-00036,16,224.00,79.36,Newcastle,R-18,40.47
INV-105899,2025-12-19,C-017,SKU-00012,9,822.00,89.28,Adelaide,R-07,32.24
INV-105900,2025-04-08,C-419,SKU-00038,11,427.00,68.71,Brisbane,R-23,31.39
INV-105901,2024-04-21,C-339,SKU-00034,12,214.00,74.28,Adelaide,R-02,0.47
INV-105902,2024-08-08,C-036,SKU-00003,3,237.00,72.30,Melbourne,R-03,0.58
INV-105903,2025-08-01,C-158,SKU-00032,16,60.00,74.08,Melbourne,R-02,12.32
INV-105904,2024-04-25,C-054,SKU-00021,20,453.00,77.40,Brisbane,R-06,28.10
INV-105905,2024-09-13,C-086,SKU-00041,17,612.00,79.73,Perth,R-14,43.37
INV-105906,2025-04-06,C-088,SKU-00040,24,257.00,71.52,Adelaide,R-05,27.55
INV-105907,2024-12-11,C-156,SKU-00012,2,822.00,79.08,Melbourne,R-09,17.99
INV-105908,2025-08-14,C-109,SKU-00029,6,291.00,85.14,Sydney,R-06,17.73
INV-105909,2025-07-07,C-202,SKU-00039,11,204.00,79.42,Newcastle,R-05,2.61
INV-105910,2025-10-02,C-122,SKU-00018,24,268.00,78.83,Brisbane,R-08,33.60
INV-105911,2024-07-03,C-054,SKU-00018,21,268.00,78.33,Brisbane,R-23,16.31
INV-105912,2024-10-13,C-181,SKU-00034,19,214.00,77.52,Perth,R-19,35.17
INV-105913,2025-07-04,C-008,SKU-00039,5,204.00,73.65,Newcastle,R-04,19.10
INV-105914,2025-06-19,C-314,SKU-00055,5,703.00,77.05,Newcastle,R-10,38.15
INV-105915,2024-04-07,C-125,SKU-00035,22,571.00,83.16,Brisbane,R-02,16.47
INV-105916,2024-09-23,C-184,SKU-00036,17,224.00,70.38,Brisbane,R-01,11.32
INV-105917,2025-03-18,C-230,SKU-00022,13,477.00,84.63,Melbourne,R-18,6.51
INV-105918,2024-04-12,C-118,SKU-00038,19,427.00,87.78,Brisbane,R-22,5.04
INV-105919,2025-07-07,C-062,SKU-00022,18,477.00,82.80,Perth,R-08,30.30
INV-105920,2024-01-22,C-376,SKU-00051,17,246.00,72.41,Brisbane,R-13,29.83
INV-105921,2025-02-12,C-030,SKU-00035,15,571.00,90.45,Brisbane,R-06,30.74
INV-105922,2024-08-05,C-065,SKU-00043,12,320.00,72.48,Adelaide,R-16,36.40
INV-105923,2024-06-28,C-136,SKU-00003,7,237.00,76.16,Sydney,R-28,0.15
INV-105924,2025-08-18,C-060,SKU-00033,16,111.00,72.64,Brisbane,R-21,13.33
INV-105925,2024-10-14,C-184,SKU-00034,16,214.00,84.80,Brisbane,R-04,10.28
INV-105926,2024-05-16,C-329,SKU-00053,13,589.00,80.60,Newcastle,R-24,25.09
INV-105927,2024-03-14,C-225,SKU-00032,9,60.00,83.79,Perth,R-25,22.65
INV-105928,2024-06-01,C-363,SKU-00040,18,257.00,82.80,Perth,R-18,33.12
INV-105929,2025-10-07,C-037,SKU-00026,24,405.00,72.96,Adelaide,R-21,13.59
INV-105930,2025-09-01,C-364,SKU-00025,17,345.00,68.82,Sydney,R-06,10.51
INV-105931,2025-02-08,C-397,SKU-00034,6,214.00,77.22,Melbourne,R-14,44.31
INV-105932,2024-03-17,C-023,SKU-00029,2,291.00,82.10,Perth,R-01,28.65
INV-105933,2025-08-02,C-239,SKU-00012,18,822.00,82.80,Perth,R-22,4.56
INV-105934,2024-11-23,C-375,SKU-00004,5,340.00,82.40,Newcastle,R-13,5.32
INV-105935,2025-01-15,C-315,SKU-00038,5,427.00,87.25,Brisbane,R-27,19.11
INV-105936,2024-11-04,C-252,SKU-00053,11,589.00,82.06,Brisbane,R-08,38.73
INV-105937,2025-12-12,C-172,SKU-00033,3,111.00,72.57,Newcastle,R-12,16.72
INV-105938,2024-04-24,C-173,SKU-00021,23,453.00,84.18,Perth,R-04,3.71
INV-105939,2025-04-27,C-376,SKU-00026,11,405.00,77.99,Brisbane,R-17,0.31
INV-105940,2024-04-02,C-030,SKU-00058,23,513.00,65.60,Brisbane,R-25,20.89
INV-105941,2025-09-24,C-406,SKU-00052,13,834.00,76.57,Perth,R-10,2.22
INV-105942,2025-01-22,C-243,SKU-00053,13,589.00,86.97,Melbourne,R-13,2.65
INV-105943,2025-01-01,C-292,SKU-00048,21,553.00,80.01,Perth,R-04,7.35
INV-105944,2024-08-28,C-243,SKU-00039,18,204.00,72.18,Melbourne,R-22,30.39
INV-105945,2024-11-15,C-082,SKU-00031,4,336.00,70.40,Melbourne,R-20,10.67
INV-105946,2024-07-23,C-359,SKU-00026,14,405.00,85.54,Sydney,R-27,29.59
INV-105947,2025-12-21,C-384,SKU-00016,12,574.00,81.00,Perth,R-20,29.30
INV-105948,2025-06-21,C-005,SKU-00039,16,204.00,74.72,Brisbane,R-21,44.80
INV-105949,2025-02-19,C-129,SKU-00038,20,427.00,75.60,Adelaide,R-14,17.52
INV-105950,2025-12-18,C-189,SKU-00028,23,722.00,73.85,Brisbane,R-19,28.28
INV-105951,2024-12-01,C-279,SKU-00053,23,589.00,74.98,Sydney,R-20,32.42
INV-105952,2024-07-18,C-239,SKU-00035,22,571.00,90.64,Perth,R-20,26.69
INV-105953,2025-09-06,C-127,SKU-00015,7,332.00,84.00,Perth,R-15,25.07
INV-105954,2025-05-15,C-066,SKU-00007,2,284.00,74.62,Adelaide,R-16,5.56
INV-105955,2024-09-24,C-293,SKU-00015,13,332.00,90.61,Adelaide,R-20,16.94
INV-105956,2025-11-04,C-365,SKU-00056,9,481.00,83.34,Adelaide,R-06,22.22
INV-105957,2024-07-07,C-410,SKU-00021,12,453.00,85.44,Brisbane,R-19,36.62
INV-105958,2024-07-05,C-171,SKU-00027,7,107.00,80.29,Sydney,R-21,33.98
INV-105959,2025-03-09,C-356,SKU-00041,4,612.00,77.48,Perth,R-08,26.59
INV-105960,2024-07-01,C-420,SKU-00029,1,291.00,80.84,Perth,R-12,41.39
INV-105961,2025-08-01,C-264,SKU-00036,11,224.00,82.94,Brisbane,R-15,28.13
INV-105962,2025-04-17,C-004,SKU-00035,22,571.00,74.80,Perth,R-24,28.37
INV-105963,2024-09-02,C-094,SKU-00055,12,703.00,84.36,Adelaide,R-27,8.19
INV-105964,2025-02-27,C-335,SKU-00057,6,143.00,81.30,Brisbane,R-22,12.76
INV-105965,2025-11-15,C-375,SKU-00057,19,143.00,82.27,Newcastle,R-19,44.59
INV-105966,2025-06-07,C-018,SKU-00027,16,107.00,81.12,Melbourne,R-11,4.48
INV-105967,2025-09-02,C-242,SKU-00024,17,208.00,86.19,Sydney,R-22,41.96
INV-105968,2024-04-08,C-244,SKU-00046,19,711.00,88.54,Perth,R-05,17.55
INV-105969,2025-11-14,C-279,SKU-00042,18,292.00,90.72,Sydney,R-08,10.10
INV-105970,2024-07-20,C-084,SKU-00044,22,183.00,75.90,Perth,R-20,6.59
INV-105971,2025-06-26,C-184,SKU-00039,20,204.00,71.40,Brisbane,R-11,18.55
INV-105972,2024-06-27,C-110,SKU-00033,1,111.00,74.73,Brisbane,R-13,28.84
INV-105973,2025-09-21,C-335,SKU-00001,21,569.00,78.33,Brisbane,R-27,26.75
INV-105974,2024-06-07,C-392,SKU-00052,13,834.00,76.83,Sydney,R-02,26.58
INV-105975,2024-09-08,C-150,SKU-00029,18,291.00,76.32,Brisbane,R-13,37.66
INV-105976,2025-05-12,C-354,SKU-00011,20,62.00,79.80,Perth,R-10,32.89
INV-105977,2024-02-07,C-352,SKU-00029,10,291.00,89.40,Melbourne,R-07,0.99
INV-105978,2025-09-04,C-227,SKU-00027,5,107.00,73.50,Adelaide,R-20,31.36
INV-105979,2025-04-20,C-168,SKU-00044,2,183.00,73.02,Brisbane,R-22,2.84
INV-105980,2025-06-01,C-269,SKU-00031,22,336.00,76.71,Newcastle,R-28,19.21
INV-105981,2024-03-16,C-245,SKU-00038,1,427.00,73.31,Perth,R-12,35.83
INV-105982,2024-05-16,C-229,SKU-00005,3,643.00,74.49,Brisbane,R-23,40.84
INV-105983,2024-09-14,C-181,SKU-00020,20,702.00,81.40,Perth,R-13,42.26
INV-105984,2025-08-02,C-196,SKU-00022,2,477.00,77.28,Adelaide,R-28,36.23
INV-105985,2024-12-05,C-341,SKU-00008,16,232.00,76.32,Perth,R-11,15.83
INV-105986,2024-03-23,C-106,SKU-00045,6,841.00,87.66,Sydney,R-17,30.42
INV-105987,2024-04-11,C-255,SKU-00015,5,332.00,75.70,Sydney,R-05,36.36
INV-105988,2024-10-13,C-214,SKU-00001,4,569.00,80.40,Perth,R-04,16.43
INV-105989,2024-10-10,C-008,SKU-00001,12,569.00,88.08,Newcastle,R-23,27.72
INV-105990,2024-08-05,C-318,SKU-00038,1,427.00,82.15,Adelaide,R-03,23.77
INV-105991,2024-01-21,C-313,SKU-00041,20,612.00,86.00,Sydney,R-21,36.48
INV-105992,2024-12-09,C-278,SKU-00018,14,268.00,78.54,Melbourne,R-09,1.13
INV-105993,2025-01-02,C-359,SKU-00035,15,571.00,89.40,Sydney,R-20,37.52
INV-105994,2025-08-27,C-236,SKU-00003,10,237.00,86.70,Newcastle,R-25,25.14
INV-105995,2024-11-28,C-285,SKU-00038,3,427.00,77.07,Melbourne,R-11,28.47
INV-105996,2025-08-17,C-411,SKU-00047,11,371.00,89.43,Perth,R-15,37.90
INV-105997,2025-01-24,C-133,SKU-00053,1,589.00,79.09,Brisbane,R-13,39.02
INV-105998,2024-07-13,C-225,SKU-00009,18,761.00,80.64,Perth,R-28,12.95
INV-105999,2024-02-05,C-018,SKU-00051,6,246.00,86.10,Melbourne,R-24,2.47
INV-106000,2025-05-16,C-386,SKU-00012,11,822.00,71.14,Brisbane,R-10,19.88
INV-106001,2024-11-11,C-233,SKU-00029,13,291.00,73.19,Sydney,R-18,6.32
INV-106002,2024-03-16,C-194,SKU-00028,4,722.00,74.56,Brisbane,R-23,38.99
INV-106003,2024-10-02,C-089,SKU-00038,16,427.00,82.88,Sydney,R-06,32.93
INV-106004,2024-02-04,C-142,SKU-00006,18,428.00,78.84,Melbourne,R-22,18.03
INV-106005,2025-09-09,C-135,SKU-00049,1,840.00,86.57,Newcastle,R-19,26.38
INV-106006,2025-11-22,C-170,SKU-00048,7,553.00,83.86,Brisbane,R-22,1.38
INV-106007,2025-02-14,C-213,SKU-00022,15,477.00,85.95,Brisbane,R-13,40.44
INV-106008,2025-08-28,C-311,SKU-00043,22,320.00,84.04,Newcastle,R-15,12.60
INV-106009,2025-07-16,C-216,SKU-00031,1,336.00,80.81,Brisbane,R-13,15.99
INV-106010,2024-05-19,C-344,SKU-00057,9,143.00,72.53,Melbourne,R-03,11.84
INV-106011,2025-11-11,C-070,SKU-00029,9,291.00,84.60,Adelaide,R-01,33.55
INV-106012,2024-05-08,C-091,SKU-00045,23,841.00,85.79,Brisbane,R-25,4.17
INV-106013,2024-03-22,C-322,SKU-00052,13,834.00,75.14,Brisbane,R-16,42.72
INV-106014,2025-10-18,C-136,SKU-00056,4,481.00,90.76,Sydney,R-11,12.13
INV-106015,2024-03-13,C-330,SKU-00057,22,143.00,89.32,Brisbane,R-20,25.55
INV-106016,2025-03-05,C-047,SKU-00031,5,336.00,90.85,Perth,R-10,41.04
INV-106017,2024-04-23,C-035,SKU-00044,7,183.00,71.40,Newcastle,R-13,19.12
INV-106018,2025-06-07,C-195,SKU-00016,17,574.00,74.63,Melbourne,R-16,21.30
INV-106019,2025-12-23,C-091,SKU-00031,12,336.00,87.72,Brisbane,R-19,5.11
INV-106020,2024-01-08,C-360,SKU-00040,7,257.00,70.71,Melbourne,R-18,32.61
INV-106021,2024-05-22,C-016,SKU-00008,7,232.00,90.16,Brisbane,R-18,26.79
INV-106022,2024-06-23,C-312,SKU-00005,6,643.00,77.64,Perth,R-09,44.53
INV-106023,2024-01-04,C-140,SKU-00001,10,569.00,75.50,Sydney,R-10,8.32
INV-106024,2025-03-28,C-121,SKU-00021,22,453.00,88.00,Newcastle,R-14,2.99
INV-106025,2024-12-18,C-233,SKU-00022,22,477.00,77.22,Sydney,R-17,19.94
INV-106026,2024-12-17,C-402,SKU-00053,4,589.00,87.80,Melbourne,R-27,35.75
INV-106027,2025-06-13,C-304,SKU-00035,19,571.00,80.94,Melbourne,R-21,28.08
INV-106028,2024-02-03,C-384,SKU-00013,21,52.00,78.75,Perth,R-27,21.70
INV-106029,2024-12-10,C-102,SKU-00024,21,208.00,71.61,Adelaide,R-14,18.00
INV-106030,2024-04-28,C-157,SKU-00039,15,204.00,82.52,Sydney,R-27,1.51
INV-106031,2024-05-14,C-311,SKU-00047,5,371.00,77.30,Newcastle,R-13,35.51
INV-106032,2025-04-16,C-190,SKU-00016,8,574.00,82.88,Adelaide,R-15,18.60
INV-106033,2024-07-08,C-314,SKU-00023,13,115.00,77.87,Newcastle,R-03,9.30
INV-106034,2025-02-24,C-172,SKU-00017,18,69.00,87.30,Newcastle,R-13,10.84
INV-106035,2024-08-10,C-292,SKU-00007,21,284.00,72.03,Perth,R-28,35.48
INV-106036,2025-07-03,C-279,SKU-00031,17,336.00,81.26,Sydney,R-05,6.51
INV-106037,2024-11-20,C-401,SKU-00010,11,27.00,86.02,Perth,R-04,37.19
INV-106038,2025-11-07,C-016,SKU-00009,19,761.00,73.72,Brisbane,R-28,44.95
INV-106039,2024-10-23,C-151,SKU-00009,22,761.00,79.42,Melbourne,R-15,8.05
INV-106040,2024-08-21,C-025,SKU-00023,22,115.00,64.97,Brisbane,R-20,27.55
INV-106041,2024-04-06,C-151,SKU-00012,4,822.00,85.20,Melbourne,R-20,1.59
INV-106042,2025-12-17,C-355,SKU-00046,12,711.00,71.52,Newcastle,R-15,23.52
INV-106043,2024-04-12,C-149,SKU-00034,15,214.00,72.90,Perth,R-09,38.77
INV-106044,2025-07-11,C-302,SKU-00041,8,612.00,80.48,Adelaide,R-12,36.65
INV-106045,2024-09-04,C-367,SKU-00051,5,246.00,74.80,Melbourne,R-15,20.95
INV-106046,2025-03-05,C-046,SKU-00009,19,761.00,85.50,Perth,R-10,11.35
INV-106047,2024-03-25,C-190,SKU-00044,15,183.00,76.50,Adelaide,R-28,1.18
INV-106048,2025-02-05,C-413,SKU-00005,24,643.00,71.28,Newcastle,R-23,25.72
INV-106049,2024-03-05,C-051,SKU-00050,16,201.00,72.96,Newcastle,R-07,42.45
INV-106050,2025-05-12,C-420,SKU-00018,22,268.00,73.07,Perth,R-03,6.82
INV-106051,2024-03-27,C-305,SKU-00054,10,714.00,71.50,Perth,R-03,13.02
INV-106052,2025-01-25,C-288,SKU-00016,14,574.00,73.08,Newcastle,R-13,42.43
INV-106053,2024-08-22,C-029,SKU-00049,16,840.00,78.88,Adelaide,R-02,25.92
INV-106054,2024-08-23,C-323,SKU-00019,16,357.00,86.40,Brisbane,R-03,34.30
INV-106055,2025-05-06,C-092,SKU-00004,18,340.00,80.46,Brisbane,R-21,38.22
INV-106056,2024-04-21,C-133,SKU-00008,3,232.00,74.19,Brisbane,R-04,25.80
INV-106057,2025-04-19,C-169,SKU-00009,17,761.00,71.74,Melbourne,R-23,22.74
INV-106058,2025-01-05,C-251,SKU-00010,18,27.00,80.28,Perth,R-25,8.37
INV-106059,2025-04-18,C-199,SKU-00012,8,822.00,89.68,Newcastle,R-10,26.05
INV-106060,2024-06-06,C-320,SKU-00006,14,428.00,77.80,Sydney,R-05,4.25
INV-106061,2024-02-16,C-159,SKU-00005,13,643.00,85.67,Melbourne,R-21,28.30
INV-106062,2025-06-18,C-088,SKU-00005,1,643.00,81.47,Adelaide,R-18,34.95
INV-106063,2025-01-27,C-268,SKU-00034,10,214.00,84.00,Newcastle,R-07,33.81
INV-106064,2025-04-19,C-028,SKU-00024,18,208.00,70.20,Melbourne,R-06,32.58
INV-106065,2024-01-25,C-366,SKU-00044,20,183.00,80.80,Melbourne,R-05,11.36
INV-106066,2024-12-28,C-298,SKU-00030,18,439.00,86.58,Perth,R-08,25.24
INV-106067,2024-10-09,C-079,SKU-00057,1,143.00,74.08,Newcastle,R-28,41.93
INV-106068,2024-11-18,C-283,SKU-00016,23,574.00,83.03,Brisbane,R-18,39.86
INV-106069,2024-03-03,C-096,SKU-00010,21,27.00,75.18,Melbourne,R-13,33.20
INV-106070,2024-10-26,C-237,SKU-00045,10,841.00,69.00,Brisbane,R-24,2.21
INV-106071,2025-05-05,C-362,SKU-00030,9,439.00,83.88,Perth,R-24,9.17
INV-106072,2025-01-03,C-004,SKU-00010,20,27.00,81.40,Perth,R-19,22.95
INV-106073,2024-06-12,C-379,SKU-00009,11,761.00,73.37,Newcastle,R-11,3.51
INV-106074,2024-02-19,C-108,SKU-00036,20,224.00,85.80,Perth,R-19,41.48
INV-106075,2024-07-22,C-052,SKU-00017,5,69.00,76.90,Newcastle,R-22,16.98
INV-106076,2024-08-24,C-381,SKU-00019,16,357.00,85.12,Perth,R-05,26.46
INV-106077,2025-08-27,C-332,SKU-00032,20,60.00,72.60,Perth,R-24,8.38
INV-106078,2025-10-17,C-166,SKU-00011,14,62.00,75.18,Adelaide,R-27,37.88
INV-106079,2024-12-10,C-114,SKU-00017,15,69.00,75.75,Sydney,R-05,12.34
INV-106080,2025-12-28,C-098,SKU-00055,3,703.00,78.94,Adelaide,R-08,18.64
INV-106081,2024-08-22,C-167,SKU-00023,18,115.00,71.64,Sydney,R-24,42.83
INV-106082,2025-06-19,C-297,SKU-00038,22,427.00,88.00,Perth,R-09,21.60
INV-106083,2024-03-02,C-006,SKU-00021,2,453.00,85.00,Sydney,R-25,3.56
INV-106084,2025-04-27,C-314,SKU-00002,21,592.00,74.76,Newcastle,R-09,19.44
INV-106085,2024-12-28,C-033,SKU-00050,6,201.00,73.02,Adelaide,R-02,39.18
INV-106086,2025-12-07,C-372,SKU-00018,21,268.00,74.13,Melbourne,R-08,23.75
INV-106087,2025-01-22,C-292,SKU-00012,16,822.00,83.84,Perth,R-05,5.61
INV-106088,2024-03-03,C-231,SKU-00051,13,246.00,73.97,Newcastle,R-20,9.45
INV-106089,2024-12-24,C-333,SKU-00023,2,115.00,89.50,Melbourne,R-02,5.28
INV-106090,2025-02-16,C-272,SKU-00002,13,592.00,66.62,Adelaide,R-02,22.52
INV-106091,2024-10-21,C-156,SKU-00021,23,453.00,72.22,Melbourne,R-04,32.85
INV-106092,2025-06-14,C-097,SKU-00040,17,257.00,85.34,Brisbane,R-16,23.69
INV-106093,2024-07-12,C-171,SKU-00010,20,27.00,79.60,Sydney,R-25,34.15
INV-106094,2025-11-14,C-002,SKU-00031,21,336.00,82.11,Perth,R-22,30.46
INV-106095,2025-08-08,C-396,SKU-00006,14,428.00,76.30,Adelaide,R-10,12.20
INV-106096,2024-10-23,C-281,SKU-00004,11,340.00,73.92,Melbourne,R-25,15.58
INV-106097,2025-09-22,C-046,SKU-00002,17,592.00,81.43,Perth,R-06,3.05
INV-106098,2024-02-28,C-078,SKU-00041,10,612.00,74.50,Newcastle,R-22,5.58
INV-106099,2024-07-18,C-203,SKU-00043,17,320.00,77.01,Sydney,R-12,33.91
INV-106100,2024-09-20,C-298,SKU-00032,4,60.00,69.81,Perth,R-19,33.69
INV-106101,2025-12-27,C-294,SKU-00037,23,831.00,75.67,Melbourne,R-01,30.11
INV-106102,2025-04-25,C-416,SKU-00001,2,569.00,74.98,Melbourne,R-17,36.77
INV-106103,2025-10-05,C-116,SKU-00021,22,453.00,79.64,Sydney,R-19,35.02
INV-106104,2025-04-27,C-259,SKU-00041,18,612.00,73.44,Sydney,R-16,13.98
INV-106105,2025-01-01,C-096,SKU-00055,20,703.00,86.80,Melbourne,R-26,25.76
INV-106106,2025-03-10,C-272,SKU-00042,17,292.00,89.59,Adelaide,R-09,6.83
INV-106107,2024-11-22,C-144,SKU-00033,10,111.00,82.40,Newcastle,R-07,33.14
INV-106108,2025-12-10,C-016,SKU-00031,18,336.00,79.38,Brisbane,R-02,7.50
INV-106109,2025-03-27,C-040,SKU-00029,8,291.00,73.12,Melbourne,R-21,43.03
INV-106110,2025-06-25,C-117,SKU-00056,13,481.00,68.41,Adelaide,R-25,41.11
INV-106111,2025-10-22,C-121,SKU-00034,8,214.00,70.64,Newcastle,R-14,17.17
INV-106112,2024-01-25,C-415,SKU-00011,3,62.00,77.67,Melbourne,R-06,15.28
INV-106113,2024-01-03,C-095,SKU-00022,10,477.00,82.70,Sydney,R-08,25.48
INV-106114,2025-08-01,C-292,SKU-00016,14,574.00,85.82,Perth,R-11,33.15
INV-106115,2024-09-21,C-338,SKU-00052,17,834.00,72.08,Perth,R-23,40.38
INV-106116,2025-04-16,C-106,SKU-00022,19,477.00,71.06,Sydney,R-08,21.94
INV-106117,2025-07-07,C-097,SKU-00015,20,332.00,77.00,Brisbane,R-26,44.48
INV-106118,2025-11-08,C-148,SKU-00046,24,711.00,77.76,Melbourne,R-06,21.73
INV-106119,2025-05-09,C-075,SKU-00025,8,345.00,83.12,Brisbane,R-19,30.19
INV-106120,2025-10-06,C-350,SKU-00009,7,761.00,73.61,Perth,R-11,14.74
INV-106121,2024-09-01,C-383,SKU-00050,1,201.00,82.16,Perth,R-14,27.57
INV-106122,2025-10-23,C-279,SKU-00052,24,834.00,78.24,Sydney,R-08,34.27
INV-106123,2025-09-25,C-205,SKU-00018,11,268.00,79.64,Sydney,R-10,13.87
INV-106124,2024-02-13,C-169,SKU-00056,2,481.00,70.56,Melbourne,R-27,31.97
INV-106125,2025-07-05,C-301,SKU-00055,17,703.00,70.38,Melbourne,R-02,11.25
INV-106126,2024-09-09,C-217,SKU-00053,20,589.00,87.20,Newcastle,R-08,5.53
INV-106127,2024-07-25,C-106,SKU-00007,19,284.00,85.31,Sydney,R-05,6.61
INV-106128,2024-09-13,C-325,SKU-00017,15,69.00,76.95,Sydney,R-19,38.80
INV-106129,2024-04-02,C-220,SKU-00008,15,232.00,75.90,Adelaide,R-03,6.92
INV-106130,2025-04-25,C-254,SKU-00039,14,204.00,78.31,Sydney,R-22,14.25
INV-106131,2025-02-08,C-016,SKU-00031,20,336.00,81.60,Brisbane,R-20,26.52
INV-106132,2024-09-23,C-021,SKU-00050,7,201.00,77.42,Adelaide,R-10,38.34
INV-106133,2025-11-27,C-272,SKU-00013,23,52.00,89.24,Adelaide,R-17,7.01
INV-106134,2024-09-12,C-089,SKU-00026,14,405.00,88.34,Sydney,R-08,8.45
INV-106135,2024-07-28,C-324,SKU-00053,11,589.00,87.78,Newcastle,R-02,4.56
INV-106136,2025-01-01,C-254,SKU-00030,10,439.00,76.50,Sydney,R-27,0.79
INV-106137,2024-01-05,C-045,SKU-00013,5,52.00,70.50,Newcastle,R-21,6.37
INV-106138,2024-03-08,C-014,SKU-00052,19,834.00,89.87,Sydney,R-18,41.23
INV-106139,2024-11-08,C-219,SKU-00048,5,553.00,88.85,Melbourne,R-20,41.34
INV-106140,2024-09-12,C-157,SKU-00004,14,340.00,71.48,Sydney,R-04,17.39
INV-106141,2025-10-22,C-060,SKU-00041,17,612.00,77.52,Brisbane,R-18,36.36
INV-106142,2024-03-13,C-345,SKU-00022,15,477.00,78.45,Sydney,R-06,15.99
INV-106143,2025-05-14,C-406,SKU-00013,24,52.00,87.60,Perth,R-28,4.86
INV-106144,2025-11-02,C-007,SKU-00048,11,553.00,78.21,Adelaide,R-04,38.92
INV-106145,2024-01-23,C-270,SKU-00032,23,60.00,75.90,Newcastle,R-15,22.88
INV-106146,2025-10-13,C-308,SKU-00047,4,371.00,81.00,Melbourne,R-11,33.51
INV-106147,2025-03-21,C-058,SKU-00004,18,340.00,80.10,Adelaide,R-09,26.56
INV-106148,2024-09-13,C-315,SKU-00035,4,571.00,82.92,Brisbane,R-10,32.89
INV-106149,2024-04-05,C-213,SKU-00036,7,224.00,80.78,Brisbane,R-17,17.10
INV-106150,2025-02-08,C-415,SKU-00027,9,107.00,76.67,Melbourne,R-22,7.35
INV-106151,2024-03-20,C-312,SKU-00045,13,841.00,76.70,Perth,R-01,26.33
INV-106152,2025-08-28,C-253,SKU-00053,20,589.00,77.60,Melbourne,R-22,20.83
INV-106153,2025-11-04,C-242,SKU-00028,6,722.00,85.32,Sydney,R-13,35.75
INV-106154,2025-02-04,C-045,SKU-00018,6,268.00,75.72,Newcastle,R-19,28.02
INV-106155,2024-08-16,C-166,SKU-00018,1,268.00,73.54,Adelaide,R-24,30.95
INV-106156,2024-08-14,C-232,SKU-00013,9,52.00,88.20,Perth,R-14,30.22
INV-106157,2024-06-01,C-233,SKU-00010,5,27.00,84.30,Sydney,R-15,6.58
INV-106158,2024-12-09,C-087,SKU-00007,11,284.00,77.99,Melbourne,R-06,37.64
INV-106159,2024-07-12,C-281,SKU-00048,15,553.00,75.45,Melbourne,R-21,3.85
INV-106160,2024-11-28,C-018,SKU-00051,22,246.00,80.76,Melbourne,R-12,20.99
INV-106161,2024-04-07,C-334,SKU-00025,16,345.00,80.48,Brisbane,R-01,18.32
INV-106162,2024-08-08,C-272,SKU-00026,2,405.00,73.68,Adelaide,R-03,10.39
INV-106163,2024-03-25,C-181,SKU-00051,15,246.00,70.20,Perth,R-11,14.54
INV-106164,2025-01-04,C-058,SKU-00049,9,840.00,78.84,Adelaide,R-20,17.33
INV-106165,2025-07-09,C-258,SKU-00010,11,27.00,77.88,Perth,R-23,0.62
INV-106166,2024-12-10,C-312,SKU-00024,5,208.00,78.40,Perth,R-28,16.62
INV-106167,2025-10-19,C-055,SKU-00020,7,702.00,72.59,Adelaide,R-16,40.00
INV-106168,2024-09-01,C-227,SKU-00027,12,107.00,70.80,Adelaide,R-17,17.33
INV-106169,2025-09-20,C-215,SKU-00014,20,632.00,80.80,Newcastle,R-21,30.18
INV-106170,2024-11-20,C-005,SKU-00039,5,204.00,80.45,Brisbane,R-26,7.83
INV-106171,2025-04-10,C-221,SKU-00006,1,428.00,73.92,Newcastle,R-13,6.11
INV-106172,2025-06-19,C-118,SKU-00021,23,453.00,70.38,Brisbane,R-22,7.96
INV-106173,2024-08-12,C-066,SKU-00052,14,834.00,87.36,Adelaide,R-10,15.40
INV-106174,2024-11-18,C-059,SKU-00031,16,336.00,71.04,Perth,R-05,32.35
INV-106175,2025-04-03,C-152,SKU-00053,12,589.00,85.20,Melbourne,R-07,35.80
INV-106176,2024-08-05,C-305,SKU-00001,17,569.00,71.40,Perth,R-20,10.03
INV-106177,2025-09-05,C-131,SKU-00023,19,115.00,77.14,Adelaide,R-11,2.04
INV-106178,2024-01-03,C-355,SKU-00025,7,345.00,75.32,Newcastle,R-16,22.31
INV-106179,2025-08-25,C-276,SKU-00041,1,612.00,80.84,Perth,R-15,6.78
INV-106180,2024-03-23,C-291,SKU-00015,11,332.00,81.67,Melbourne,R-10,21.41
INV-106181,2024-02-16,C-105,SKU-00029,23,291.00,77.05,Sydney,R-09,41.57
INV-106182,2025-03-12,C-082,SKU-00011,11,62.00,79.97,Melbourne,R-21,24.99
INV-106183,2025-12-09,C-388,SKU-00009,19,761.00,71.82,Adelaide,R-28,37.68
INV-106184,2025-09-04,C-329,SKU-00001,24,569.00,78.00,Newcastle,R-18,2.01
INV-106185,2025-05-06,C-217,SKU-00041,16,612.00,71.20,Newcastle,R-24,34.12
INV-106186,2025-07-23,C-251,SKU-00048,1,553.00,75.41,Perth,R-25,12.59
INV-106187,2025-09-22,C-209,SKU-00040,13,257.00,84.37,Newcastle,R-14,44.38
INV-106188,2024-09-15,C-176,SKU-00040,22,257.00,75.02,Sydney,R-12,11.60
INV-106189,2024-10-27,C-396,SKU-00028,3,722.00,76.83,Adelaide,R-07,17.94
INV-106190,2025-11-07,C-096,SKU-00005,21,643.00,76.31,Melbourne,R-18,34.78
INV-106191,2024-01-27,C-130,SKU-00057,4,143.00,70.48,Sydney,R-20,37.33
INV-106192,2024-11-11,C-235,SKU-00012,5,822.00,86.50,Brisbane,R-18,0.08
INV-106193,2024-12-18,C-002,SKU-00057,2,143.00,78.02,Perth,R-21,26.11
INV-106194,2025-09-20,C-334,SKU-00050,4,201.00,76.04,Brisbane,R-14,10.64
INV-106195,2025-02-14,C-116,SKU-00009,16,761.00,74.24,Sydney,R-03,21.42
INV-106196,2024-10-06,C-236,SKU-00017,10,69.00,77.70,Newcastle,R-14,21.05
INV-106197,2025-02-09,C-353,SKU-00009,23,761.00,82.57,Adelaide,R-21,1.23
INV-106198,2024-07-04,C-234,SKU-00009,15,761.00,75.75,Adelaide,R-22,7.43
INV-106199,2024-11-09,C-333,SKU-00011,1,62.00,78.71,Melbourne,R-28,30.10
INV-106200,2025-03-12,C-339,SKU-00037,13,831.00,73.08,Adelaide,R-26,34.31
INV-106201,2024-12-20,C-287,SKU-00007,11,284.00,85.69,Melbourne,R-02,19.51
INV-106202,2025-09-21,C-296,SKU-00029,15,291.00,81.45,Newcastle,R-09,41.24
INV-106203,2025-02-24,C-260,SKU-00033,6,111.00,71.76,Sydney,R-10,34.18
INV-106204,2025-08-15,C-321,SKU-00009,5,761.00,72.70,Sydney,R-25,7.91
INV-106205,2024-11-18,C-213,SKU-00053,4,589.00,81.40,Brisbane,R-09,17.00
INV-106206,2025-06-12,C-166,SKU-00037,24,831.00,71.04,Adelaide,R-24,14.38
INV-106207,2025-09-26,C-105,SKU-00030,14,439.00,72.10,Sydney,R-03,39.42
INV-106208,2024-04-19,C-405,SKU-00029,5,291.00,83.50,Brisbane,R-02,41.65
INV-106209,2025-12-22,C-331,SKU-00013,22,52.00,78.54,Adelaide,R-26,34.15
INV-106210,2024-11-27,C-072,SKU-00013,9,52.00,65.66,Perth,R-11,28.51
INV-106211,2025-05-04,C-085,SKU-00028,3,722.00,72.30,Newcastle,R-12,16.55
INV-106212,2024-06-22,C-275,SKU-00022,18,477.00,76.86,Adelaide,R-15,28.92
INV-106213,2024-05-05,C-207,SKU-00024,22,208.00,71.72,Melbourne,R-04,11.59
INV-106214,2025-07-15,C-418,SKU-00044,17,183.00,71.74,Brisbane,R-26,6.41
INV-106215,2025-07-22,C-053,SKU-00031,20,336.00,83.20,Perth,R-10,31.40
INV-106216,2024-11-26,C-137,SKU-00056,12,481.00,81.60,Perth,R-18,26.21
INV-106217,2025-02-04,C-069,SKU-00037,21,831.00,73.71,Sydney,R-15,24.82
INV-106218,2024-07-11,C-301,SKU-00012,15,822.00,89.25,Melbourne,R-24,17.58
INV-106219,2024-12-16,C-404,SKU-00002,23,592.00,90.62,Adelaide,R-05,36.25
INV-106220,2024-06-10,C-180,SKU-00002,5,592.00,69.00,Brisbane,R-13,35.94
INV-106221,2025-11-25,C-162,SKU-00009,8,761.00,78.08,Perth,R-27,9.36
INV-106222,2025-03-08,C-400,SKU-00002,5,592.00,74.05,Newcastle,R-23,21.67
INV-106223,2024-03-05,C-130,SKU-00049,2,840.00,76.18,Sydney,R-16,43.01
INV-106224,2025-07-17,C-308,SKU-00026,23,405.00,84.41,Melbourne,R-16,40.77
INV-106225,2024-06-18,C-255,SKU-00030,12,439.00,84.84,Sydney,R-04,12.14
INV-106226,2025-07-19,C-074,SKU-00010,6,27.00,85.74,Adelaide,R-14,42.31
INV-106227,2025-08-22,C-077,SKU-00013,3,52.00,85.26,Adelaide,R-22,41.37
INV-106228,2025-03-20,C-382,SKU-00026,2,405.00,72.06,Newcastle,R-26,22.62
INV-106229,2025-01-21,C-315,SKU-00039,20,204.00,74.20,Brisbane,R-16,12.29
INV-106230,2024-04-08,C-323,SKU-00045,20,841.00,66.42,Brisbane,R-24,44.19
INV-106231,2025-07-18,C-255,SKU-00033,23,111.00,76.59,Sydney,R-07,23.18
INV-106232,2024-09-27,C-369,SKU-00047,2,371.00,88.92,Adelaide,R-23,39.30
INV-106233,2025-05-06,C-222,SKU-00038,4,427.00,77.92,Melbourne,R-17,39.60
INV-106234,2025-10-10,C-217,SKU-00042,8,292.00,84.40,Newcastle,R-25,23.15
INV-106235,2025-11-15,C-378,SKU-00036,1,224.00,71.51,Melbourne,R-18,9.66
INV-106236,2025-06-15,C-227,SKU-00013,21,52.00,73.50,Adelaide,R-11,23.22
INV-106237,2025-06-24,C-115,SKU-00037,3,831.00,89.19,Melbourne,R-01,7.90
INV-106238,2025-01-16,C-023,SKU-00007,4,284.00,78.80,Perth,R-05,22.30
INV-106239,2025-09-25,C-162,SKU-00018,23,268.00,77.05,Perth,R-19,18.51
INV-106240,2024-07-19,C-403,SKU-00045,15,841.00,67.90,Perth,R-16,31.79
INV-106241,2024-09-23,C-015,SKU-00031,16,336.00,85.28,Sydney,R-03,34.52
INV-106242,2024-02-15,C-016,SKU-00027,15,107.00,81.00,Brisbane,R-23,19.77
INV-106243,2024-09-06,C-251,SKU-00027,7,107.00,71.82,Perth,R-17,3.74
INV-106244,2024-06-24,C-176,SKU-00037,3,831.00,73.38,Sydney,R-12,43.57
INV-106245,2025-10-15,C-287,SKU-00030,22,439.00,72.38,Melbourne,R-10,37.68
INV-106246,2024-05-27,C-314,SKU-00023,5,115.00,84.90,Newcastle,R-10,26.13
INV-106247,2025-12-22,C-006,SKU-00031,19,336.00,73.15,Sydney,R-18,14.26
INV-106248,2024-04-09,C-094,SKU-00021,12,453.00,79.08,Adelaide,R-28,40.26
INV-106249,2024-01-26,C-419,SKU-00006,12,428.00,79.08,Brisbane,R-17,22.63
INV-106250,2025-12-23,C-058,SKU-00038,13,427.00,79.77,Adelaide,R-11,36.41
INV-106251,2025-09-04,C-127,SKU-00034,4,214.00,88.36,Perth,R-09,24.58
INV-106252,2024-06-22,C-203,SKU-00048,7,553.00,73.99,Sydney,R-13,13.17
INV-106253,2024-06-17,C-055,SKU-00024,4,208.00,74.84,Adelaide,R-19,14.22
INV-106254,2025-08-18,C-040,SKU-00002,6,592.00,75.24,Melbourne,R-01,20.89
INV-106255,2025-02-20,C-389,SKU-00010,15,27.00,74.85,Perth,R-05,28.48
INV-106256,2024-03-18,C-342,SKU-00051,2,246.00,72.18,Melbourne,R-19,36.11
INV-106257,2024-07-20,C-301,SKU-00050,23,201.00,71.53,Melbourne,R-14,37.79
INV-106258,2025-06-25,C-072,SKU-00014,21,632.00,71.40,Perth,R-13,12.69
INV-106259,2024-10-01,C-309,SKU-00049,19,840.00,79.80,Adelaide,R-15,1.14
INV-106260,2024-05-13,C-076,SKU-00035,16,571.00,73.01,Perth,R-13,19.19
INV-106261,2024-08-24,C-346,SKU-00006,8,428.00,70.88,Newcastle,R-10,25.77
INV-106262,2025-04-09,C-025,SKU-00006,10,428.00,77.10,Brisbane,R-08,31.85
INV-106263,2024-09-04,C-106,SKU-00026,14,405.00,74.34,Sydney,R-12,41.44
INV-106264,2024-02-04,C-063,SKU-00016,15,574.00,85.20,Sydney,R-22,42.69
INV-106265,2024-10-01,C-307,SKU-00010,20,27.00,90.80,Newcastle,R-19,40.56
INV-106266,2024-06-19,C-016,SKU-00023,16,115.00,89.76,Brisbane,R-15,14.92
INV-106267,2024-12-21,C-322,SKU-00002,16,592.00,79.68,Brisbane,R-09,21.75
INV-106268,2025-11-14,C-295,SKU-00043,4,320.00,71.72,Perth,R-15,4.12
INV-106269,2024-09-17,C-013,SKU-00016,3,574.00,90.27,Perth,R-20,24.95
INV-106270,2025-08-05,C-017,SKU-00037,21,831.00,71.68,Adelaide,R-09,31.00
INV-106271,2024-02-03,C-199,SKU-00039,8,204.00,88.56,Newcastle,R-04,33.83
INV-106272,2025-03-20,C-167,SKU-00014,20,632.00,81.60,Sydney,R-09,32.77
INV-106273,2025-04-10,C-210,SKU-00002,22,592.00,86.46,Adelaide,R-20,33.61
INV-106274,2024-08-18,C-195,SKU-00050,15,201.00,84.60,Melbourne,R-08,33.77
INV-106275,2025-08-10,C-210,SKU-00049,10,840.00,80.70,Adelaide,R-18,23.01
INV-106276,2024-03-13,C-114,SKU-00052,4,834.00,81.96,Sydney,R-18,29.02
INV-106277,2025-08-01,C-008,SKU-00053,23,589.00,81.42,Newcastle,R-14,2.10
INV-106278,2025-10-24,C-209,SKU-00012,6,822.00,77.82,Newcastle,R-26,25.98
INV-106279,2024-08-17,C-255,SKU-00014,8,632.00,86.72,Sydney,R-18,41.51
INV-106280,2025-07-17,C-290,SKU-00019,7,357.00,67.62,Perth,R-07,44.58
INV-106281,2024-05-27,C-173,SKU-00024,21,208.00,89.67,Perth,R-03,20.93
INV-106282,2025-10-02,C-352,SKU-00054,18,714.00,71.82,Melbourne,R-08,0.10
INV-106283,2025-05-16,C-187,SKU-00032,11,60.00,72.16,Brisbane,R-22,15.75
INV-106284,2025-12-13,C-346,SKU-00040,16,257.00,81.28,Newcastle,R-03,36.32
INV-106285,2025-06-14,C-216,SKU-00043,24,320.00,80.16,Brisbane,R-09,5.07
INV-106286,2025-04-21,C-347,SKU-00054,6,714.00,80.70,Brisbane,R-09,36.94
INV-106287,2024-09-19,C-214,SKU-00053,8,589.00,71.52,Perth,R-12,22.02
INV-106288,2024-07-11,C-046,SKU-00049,24,840.00,74.64,Perth,R-02,36.13
INV-106289,2024-04-22,C-315,SKU-00003,1,237.00,72.90,Brisbane,R-05,44.33
INV-106290,2024-06-15,C-412,SKU-00010,10,27.00,67.53,Newcastle,R-17,27.51
INV-106291,2024-11-19,C-194,SKU-00007,14,284.00,78.40,Brisbane,R-15,11.90
INV-106292,2024-10-05,C-359,SKU-00026,2,405.00,87.72,Sydney,R-05,35.86
INV-106293,2024-02-08,C-240,SKU-00010,12,27.00,77.76,Adelaide,R-04,25.61
INV-106294,2024-11-04,C-231,SKU-00006,10,428.00,80.50,Newcastle,R-02,26.68
INV-106295,2025-01-09,C-019,SKU-00010,11,27.00,74.36,Newcastle,R-03,40.35
INV-106296,2024-06-27,C-304,SKU-00033,18,111.00,73.08,Melbourne,R-13,10.75
INV-106297,2024-05-12,C-258,SKU-00051,14,246.00,82.46,Perth,R-11,32.83
INV-106298,2025-03-03,C-329,SKU-00027,6,107.00,86.64,Newcastle,R-24,22.57
INV-106299,2025-05-18,C-191,SKU-00014,10,632.00,72.70,Newcastle,R-13,29.93
INV-106300,2025-03-19,C-348,SKU-00034,1,214.00,80.07,Sydney,R-11,40.12
INV-106301,2024-03-20,C-399,SKU-00030,11,439.00,73.70,Perth,R-16,3.34
INV-106302,2024-12-11,C-154,SKU-00002,21,592.00,74.13,Newcastle,R-08,22.85
INV-106303,2024-08-07,C-096,SKU-00021,15,453.00,79.80,Melbourne,R-27,38.83
INV-106304,2024-02-01,C-180,SKU-00054,19,714.00,87.78,Brisbane,R-27,19.35
INV-106305,2024-06-13,C-137,SKU-00057,13,143.00,75.53,Perth,R-14,24.57
INV-106306,2025-11-10,C-365,SKU-00007,16,284.00,76.00,Adelaide,R-07,37.94
INV-106307,2025-01-23,C-407,SKU-00043,23,320.00,84.18,Adelaide,R-12,26.06
INV-106308,2024-04-26,C-004,SKU-00048,11,553.00,75.68,Perth,R-02,6.55
INV-106309,2024-12-17,C-321,SKU-00038,16,427.00,76.32,Sydney,R-27,32.26
INV-106310,2024-02-11,C-266,SKU-00041,3,612.00,74.88,Adelaide,R-02,20.43
INV-106311,2025-06-28,C-204,SKU-00041,23,612.00,80.27,Perth,R-24,28.37
INV-106312,2025-10-28,C-095,SKU-00037,24,831.00,78.48,Sydney,R-11,20.73
INV-106313,2024-09-14,C-248,SKU-00024,1,208.00,79.80,Newcastle,R-02,30.49
INV-106314,2024-08-09,C-255,SKU-00052,14,834.00,74.34,Sydney,R-24,7.83
INV-106315,2024-05-13,C-226,SKU-00049,9,840.00,90.54,Perth,R-16,24.17
INV-106316,2024-03-02,C-152,SKU-00025,24,345.00,86.88,Melbourne,R-14,17.73
INV-106317,2025-10-23,C-075,SKU-00011,1,62.00,76.91,Brisbane,R-18,42.19
INV-106318,2025-01-02,C-338,SKU-00028,21,722.00,79.80,Perth,R-08,39.99
INV-106319,2025-10-14,C-033,SKU-00030,12,439.00,82.32,Adelaide,R-07,20.38
INV-106320,2025-09-28,C-243,SKU-00039,16,204.00,81.11,Melbourne,R-25,26.56
INV-106321,2025-11-21,C-084,SKU-00052,18,834.00,72.36,Perth,R-16,10.76
INV-106322,2024-06-23,C-013,SKU-00048,13,553.00,84.37,Perth,R-18,25.74
INV-106323,2025-12-19,C-021,SKU-00057,2,143.00,79.46,Adelaide,R-09,1.50
INV-106324,2025-05-12,C-107,SKU-00046,20,711.00,80.20,Melbourne,R-04,8.99
INV-106325,2025-11-03,C-206,SKU-00050,8,201.00,77.68,Newcastle,R-02,42.28
INV-106326,2024-11-04,C-143,SKU-00034,1,214.00,71.84,Adelaide,R-20,39.93
INV-106327,2024-11-13,C-302,SKU-00042,17,292.00,72.25,Adelaide,R-11,13.88
INV-106328,2025-03-19,C-282,SKU-00052,19,834.00,70.30,Adelaide,R-07,4.36
INV-106329,2024-11-03,C-007,SKU-00001,7,569.00,73.36,Adelaide,R-22,26.35
INV-106330,2024-06-13,C-092,SKU-00035,4,571.00,71.76,Brisbane,R-27,23.86
INV-106331,2025-04-26,C-336,SKU-00009,6,761.00,85.50,Perth,R-10,32.86
INV-106332,2025-12-20,C-221,SKU-00013,1,52.00,87.91,Newcastle,R-07,27.13
INV-106333,2024-11-25,C-355,SKU-00005,9,643.00,79.74,Newcastle,R-03,38.17
INV-106334,2024-10-02,C-403,SKU-00043,10,320.00,79.50,Perth,R-15,32.16
INV-106335,2025-09-10,C-170,SKU-00053,2,589.00,74.40,Brisbane,R-15,12.37
INV-106336,2024-12-04,C-332,SKU-00046,3,711.00,82.41,Perth,R-23,1.31
INV-106337,2024-06-01,C-389,SKU-00057,1,143.00,74.57,Perth,R-14,40.74
INV-106338,2025-01-20,C-040,SKU-00025,15,345.00,74.70,Melbourne,R-27,28.52
INV-106339,2025-10-25,C-165,SKU-00006,10,428.00,71.30,Perth,R-04,20.25
INV-106340,2024-12-11,C-082,SKU-00001,22,569.00,72.26,Melbourne,R-07,17.60
INV-106341,2024-06-15,C-284,SKU-00032,9,60.00,71.10,Melbourne,R-05,20.63
INV-106342,2025-01-18,C-342,SKU-00006,23,428.00,83.03,Melbourne,R-28,12.20
INV-106343,2025-06-24,C-055,SKU-00058,12,513.00,83.16,Adelaide,R-05,3.34
INV-106344,2024-08-01,C-223,SKU-00021,13,453.00,71.37,Sydney,R-07,4.21
INV-106345,2025-12-27,C-269,SKU-00058,7,513.00,79.52,Newcastle,R-11,37.37
INV-106346,2025-02-24,C-110,SKU-00056,11,481.00,86.57,Brisbane,R-13,24.68
INV-106347,2025-06-05,C-278,SKU-00041,24,612.00,80.64,Melbourne,R-23,31.09
INV-106348,2024-11-11,C-356,SKU-00027,7,107.00,81.76,Perth,R-06,34.43
INV-106349,2024-07-22,C-210,SKU-00010,17,27.00,77.35,Adelaide,R-15,36.73
INV-106350,2024-02-22,C-007,SKU-00048,8,553.00,72.72,Adelaide,R-10,44.06
INV-106351,2024-06-07,C-261,SKU-00010,3,27.00,74.79,Brisbane,R-04,27.66
INV-106352,2025-06-25,C-402,SKU-00028,9,722.00,78.57,Melbourne,R-16,23.31
INV-106353,2025-02-08,C-083,SKU-00019,6,357.00,82.98,Adelaide,R-05,28.53
INV-106354,2024-12-19,C-055,SKU-00019,23,357.00,80.73,Adelaide,R-28,40.87
INV-106355,2025-10-23,C-227,SKU-00053,2,589.00,79.54,Adelaide,R-07,2.54
INV-106356,2025-09-12,C-218,SKU-00030,5,439.00,85.40,Newcastle,R-16,38.86
INV-106357,2025-01-21,C-416,SKU-00018,16,268.00,75.04,Melbourne,R-27,25.90
INV-106358,2024-05-08,C-112,SKU-00020,5,702.00,82.10,Brisbane,R-07,21.84
INV-106359,2024-12-26,C-205,SKU-00016,2,574.00,80.60,Sydney,R-12,1.97
INV-106360,2024-05-07,C-172,SKU-00057,17,143.00,67.25,Newcastle,R-22,29.41
INV-106361,2025-09-12,C-149,SKU-00009,1,761.00,76.20,Perth,R-12,36.18
INV-106362,2025-03-05,C-282,SKU-00004,7,340.00,84.56,Adelaide,R-26,1.52
INV-106363,2024-10-20,C-345,SKU-00048,1,553.00,74.95,Sydney,R-23,1.54
INV-106364,2024-06-07,C-129,SKU-00038,20,427.00,88.40,Adelaide,R-16,12.69
INV-106365,2025-11-27,C-041,SKU-00025,12,345.00,78.48,Adelaide,R-16,27.75
INV-106366,2025-01-14,C-189,SKU-00036,16,224.00,78.72,Brisbane,R-18,31.71
INV-106367,2025-12-02,C-329,SKU-00014,18,632.00,70.20,Newcastle,R-25,30.20
INV-106368,2025-12-28,C-130,SKU-00037,20,831.00,75.20,Sydney,R-21,40.92
INV-106369,2025-07-27,C-169,SKU-00030,6,439.00,79.08,Melbourne,R-19,28.29
INV-106370,2025-03-14,C-401,SKU-00032,17,60.00,71.16,Perth,R-12,19.92
INV-106371,2025-06-20,C-327,SKU-00001,9,569.00,77.85,Adelaide,R-23,23.73
INV-106372,2025-03-28,C-357,SKU-00023,4,115.00,74.52,Newcastle,R-06,40.11
INV-106373,2024-05-09,C-341,SKU-00040,3,257.00,76.77,Perth,R-04,0.73
INV-106374,2024-12-20,C-338,SKU-00023,5,115.00,90.40,Perth,R-06,26.12
INV-106375,2024-09-23,C-177,SKU-00036,16,224.00,73.60,Newcastle,R-03,0.49
INV-106376,2024-09-09,C-301,SKU-00018,4,268.00,78.72,Melbourne,R-13,29.67
INV-106377,2024-10-16,C-313,SKU-00038,13,427.00,73.45,Sydney,R-13,19.00
INV-106378,2024-01-09,C-405,SKU-00014,2,632.00,72.76,Brisbane,R-09,1.71
INV-106379,2025-08-12,C-111,SKU-00022,1,477.00,85.42,Adelaide,R-03,15.94
INV-106380,2024-08-03,C-139,SKU-00020,10,702.00,70.47,Perth,R-03,11.49
INV-106381,2025-02-24,C-375,SKU-00048,23,553.00,72.45,Newcastle,R-02,13.99
INV-106382,2025-05-21,C-312,SKU-00030,11,439.00,86.24,Perth,R-17,7.89
INV-106383,2025-07-08,C-290,SKU-00013,17,52.00,85.17,Perth,R-01,18.22
INV-106384,2025-04-14,C-292,SKU-00019,17,357.00,77.69,Perth,R-05,2.01
INV-106385,2024-10-26,C-148,SKU-00023,10,115.00,84.40,Melbourne,R-17,41.31
INV-106386,2024-10-21,C-346,SKU-00023,12,115.00,78.48,Newcastle,R-20,31.80
INV-106387,2024-08-16,C-194,SKU-00019,3,357.00,78.00,Brisbane,R-04,16.49
INV-106388,2025-09-14,C-045,SKU-00051,5,246.00,85.20,Newcastle,R-06,17.76
INV-106389,2025-12-18,C-186,SKU-00034,4,214.00,71.40,Brisbane,R-07,3.68
INV-106390,2025-07-01,C-380,SKU-00018,10,268.00,64.86,Adelaide,R-25,22.09
INV-106391,2025-05-16,C-248,SKU-00014,13,632.00,76.83,Newcastle,R-23,41.50
INV-106392,2024-01-15,C-309,SKU-00055,18,703.00,82.98,Adelaide,R-25,20.49
INV-106393,2025-10-08,C-384,SKU-00034,1,214.00,75.82,Perth,R-05,2.20
INV-106394,2025-01-24,C-109,SKU-00009,24,761.00,78.24,Sydney,R-27,26.60
INV-106395,2025-08-27,C-100,SKU-00016,20,574.00,83.00,Brisbane,R-12,14.32
INV-106396,2025-06-18,C-392,SKU-00032,3,60.00,73.89,Sydney,R-20,24.82
INV-106397,2025-10-26,C-170,SKU-00023,1,115.00,86.54,Brisbane,R-18,15.03
INV-106398,2025-10-20,C-204,SKU-00047,11,371.00,88.11,Perth,R-22,2.28
INV-106399,2024-10-16,C-003,SKU-00041,5,612.00,79.25,Newcastle,R-07,13.48
INV-106400,2024-08-14,C-083,SKU-00047,8,371.00,70.29,Adelaide,R-13,32.26
INV-106401,2024-12-21,C-176,SKU-00058,1,513.00,72.38,Sydney,R-11,20.66
INV-106402,2024-07-17,C-134,SKU-00015,14,332.00,89.04,Melbourne,R-24,31.56
INV-106403,2024-07-11,C-331,SKU-00015,24,332.00,71.04,Adelaide,R-10,38.44
INV-106404,2025-01-11,C-026,SKU-00045,23,841.00,83.03,Melbourne,R-24,9.56
INV-106405,2025-12-11,C-157,SKU-00012,3,822.00,79.23,Sydney,R-07,34.74
INV-106406,2025-12-22,C-106,SKU-00058,18,513.00,78.48,Sydney,R-15,13.44
INV-106407,2025-08-10,C-220,SKU-00046,7,711.00,74.83,Adelaide,R-23,27.95
INV-106408,2024-07-22,C-410,SKU-00022,3,477.00,71.52,Brisbane,R-10,37.12
INV-106409,2024-11-09,C-371,SKU-00049,15,840.00,85.65,Adelaide,R-19,38.61
INV-106410,2025-11-07,C-236,SKU-00040,24,257.00,79.71,Newcastle,R-20,22.76
INV-106411,2024-02-14,C-145,SKU-00043,19,320.00,70.68,Sydney,R-22,30.83
INV-106412,2024-10-13,C-260,SKU-00013,17,52.00,70.89,Sydney,R-28,14.18
INV-106413,2025-07-16,C-102,SKU-00055,13,703.00,82.68,Adelaide,R-14,39.41
INV-106414,2024-02-21,C-419,SKU-00017,3,69.00,88.14,Brisbane,R-26,18.66
INV-106415,2025-08-05,C-403,SKU-00002,14,592.00,81.20,Perth,R-24,6.40
INV-106416,2025-04-07,C-189,SKU-00042,18,292.00,70.74,Brisbane,R-07,9.47
INV-106417,2024-03-23,C-003,SKU-00026,10,405.00,85.80,Newcastle,R-19,2.99
INV-106418,2024-06-01,C-320,SKU-00004,6,340.00,84.96,Sydney,R-13,12.29
INV-106419,2024-05-09,C-170,SKU-00022,14,477.00,86.24,Brisbane,R-24,31.79
INV-106420,2024-05-26,C-227,SKU-00037,3,831.00,76.31,Adelaide,R-26,36.20
INV-106421,2025-02-25,C-083,SKU-00051,20,246.00,73.80,Adelaide,R-27,26.08
INV-106422,2024-02-04,C-265,SKU-00025,11,345.00,84.81,Perth,R-05,0.49
INV-106423,2024-08-08,C-342,SKU-00029,19,291.00,72.77,Melbourne,R-21,22.59
INV-106424,2024-04-26,C-156,SKU-00032,20,60.00,81.40,Melbourne,R-17,27.30
INV-106425,2025-05-18,C-116,SKU-00047,3,371.00,80.61,Sydney,R-24,8.79
INV-106426,2024-01-01,C-363,SKU-00045,2,841.00,72.94,Perth,R-25,1.09
INV-106427,2024-02-27,C-099,SKU-00037,7,831.00,72.10,Perth,R-18,27.46
INV-106428,2024-05-21,C-152,SKU-00056,5,481.00,75.95,Melbourne,R-10,16.09
INV-106429,2025-07-06,C-008,SKU-00014,4,632.00,76.72,Newcastle,R-03,24.94
INV-106430,2025-05-15,C-184,SKU-00017,7,69.00,66.85,Brisbane,R-27,18.52
INV-106431,2025-01-09,C-133,SKU-00057,3,143.00,80.91,Brisbane,R-15,34.88
INV-106432,2024-09-26,C-173,SKU-00050,17,201.00,78.03,Perth,R-12,8.17
INV-106433,2024-08-13,C-309,SKU-00035,24,571.00,73.44,Adelaide,R-16,17.44
INV-106434,2024-08-11,C-017,SKU-00008,23,232.00,88.78,Adelaide,R-05,18.39
INV-106435,2024-07-11,C-044,SKU-00056,9,481.00,85.95,Brisbane,R-05,4.67
INV-106436,2024-12-06,C-217,SKU-00004,17,340.00,75.65,Newcastle,R-08,2.34
INV-106437,2024-09-11,C-180,SKU-00051,5,246.00,75.40,Brisbane,R-04,2.77
INV-106438,2025-04-21,C-307,SKU-00025,4,345.00,75.40,Newcastle,R-26,8.77
INV-106439,2024-11-21,C-332,SKU-00010,6,27.00,87.12,Perth,R-03,24.68
INV-106440,2024-04-09,C-051,SKU-00025,8,345.00,77.43,Newcastle,R-09,4.00
INV-106441,2024-05-14,C-081,SKU-00030,4,439.00,81.76,Sydney,R-21,43.11
INV-106442,2024-01-26,C-083,SKU-00040,18,257.00,84.06,Adelaide,R-18,33.77
INV-106443,2025-11-23,C-085,SKU-00024,2,208.00,86.14,Newcastle,R-27,8.10
INV-106444,2024-08-24,C-381,SKU-00044,2,183.00,89.24,Perth,R-09,26.35
INV-106445,2024-01-16,C-182,SKU-00033,4,111.00,85.56,Perth,R-20,28.40
INV-106446,2024-05-18,C-283,SKU-00003,18,237.00,90.00,Brisbane,R-23,37.79
INV-106447,2025-02-06,C-111,SKU-00043,20,320.00,82.40,Adelaide,R-08,41.51
INV-106448,2024-04-22,C-391,SKU-00040,20,257.00,70.60,Sydney,R-11,18.05
INV-106449,2025-03-13,C-135,SKU-00015,20,332.00,80.40,Newcastle,R-11,21.25
INV-106450,2025-09-28,C-055,SKU-00044,1,183.00,69.63,Adelaide,R-25,2.92
INV-106451,2025-06-11,C-141,SKU-00036,2,224.00,86.26,Perth,R-04,18.79
INV-106452,2025-03-26,C-071,SKU-00036,3,224.00,71.04,Brisbane,R-06,31.10
INV-106453,2025-02-21,C-178,SKU-00015,2,332.00,81.94,Newcastle,R-15,18.62
INV-106454,2025-09-04,C-319,SKU-00025,1,345.00,72.31,Perth,R-23,9.84
INV-106455,2024-05-25,C-182,SKU-00013,7,52.00,72.03,Perth,R-23,19.40
INV-106456,2025-06-14,C-194,SKU-00031,9,336.00,89.91,Brisbane,R-25,10.78
INV-106457,2024-02-18,C-322,SKU-00024,1,208.00,76.29,Brisbane,R-16,24.29
INV-106458,2024-07-10,C-077,SKU-00045,4,841.00,71.24,Adelaide,R-08,5.27
INV-106459,2024-05-28,C-189,SKU-00045,2,841.00,82.30,Brisbane,R-16,18.10
INV-106460,2024-09-12,C-201,SKU-00034,21,214.00,75.15,Perth,R-28,9.37
INV-106461,2024-02-20,C-242,SKU-00057,22,143.00,85.14,Sydney,R-26,1.44
INV-106462,2025-08-21,C-067,SKU-00020,21,702.00,90.51,Adelaide,R-08,17.11
INV-106463,2024-07-25,C-040,SKU-00027,5,107.00,75.35,Melbourne,R-08,39.08
INV-106464,2025-10-22,C-123,SKU-00024,11,208.00,84.81,Brisbane,R-09,14.91
INV-106465,2024-09-02,C-392,SKU-00041,5,612.00,76.30,Sydney,R-04,29.38
INV-106466,2025-01-26,C-127,SKU-00051,24,246.00,84.24,Perth,R-19,5.79
INV-106467,2024-12-11,C-128,SKU-00023,19,115.00,78.47,Newcastle,R-05,38.88
INV-106468,2024-04-10,C-117,SKU-00040,9,257.00,71.37,Adelaide,R-24,1.24
INV-106469,2024-01-24,C-055,SKU-00031,6,336.00,87.30,Adelaide,R-01,43.71
INV-106470,2025-04-27,C-075,SKU-00035,6,571.00,76.34,Brisbane,R-09,24.80
INV-106471,2025-01-22,C-057,SKU-00014,23,632.00,87.17,Sydney,R-22,34.63
INV-106472,2024-09-15,C-015,SKU-00056,13,481.00,83.33,Sydney,R-23,12.80
INV-106473,2024-05-27,C-237,SKU-00044,1,183.00,90.38,Brisbane,R-19,36.77
INV-106474,2025-01-09,C-078,SKU-00016,15,574.00,72.90,Newcastle,R-19,29.91
INV-106475,2024-04-11,C-291,SKU-00033,17,111.00,79.22,Melbourne,R-08,24.70
INV-106476,2024-05-22,C-238,SKU-00036,16,224.00,89.76,Adelaide,R-06,33.35
INV-106477,2024-12-19,C-163,SKU-00003,4,237.00,73.08,Newcastle,R-17,23.49
INV-106478,2024-07-08,C-179,SKU-00013,5,52.00,73.40,Newcastle,R-16,2.32
INV-106479,2024-09-20,C-222,SKU-00047,23,371.00,80.73,Melbourne,R-16,26.14
INV-106480,2024-04-26,C-001,SKU-00012,20,822.00,83.35,Adelaide,R-21,10.06
INV-106481,2025-05-26,C-144,SKU-00040,24,257.00,73.44,Newcastle,R-08,34.47
INV-106482,2025-04-14,C-221,SKU-00021,18,453.00,82.80,Newcastle,R-09,13.23
INV-106483,2024-11-25,C-387,SKU-00004,12,340.00,70.92,Sydney,R-08,39.48
INV-106484,2025-04-20,C-189,SKU-00036,10,224.00,71.40,Brisbane,R-01,4.24
INV-106485,2025-07-16,C-358,SKU-00051,15,246.00,77.55,Melbourne,R-01,40.19
INV-106486,2025-02-05,C-163,SKU-00008,1,232.00,77.21,Newcastle,R-25,5.19
INV-106487,2024-08-21,C-347,SKU-00005,7,643.00,71.19,Brisbane,R-21,18.91
INV-106488,2024-09-21,C-006,SKU-00058,24,513.00,88.32,Sydney,R-21,24.35
INV-106489,2024-02-08,C-004,SKU-00029,22,291.00,73.48,Perth,R-03,19.25
INV-106490,2025-02-21,C-235,SKU-00003,13,237.00,75.11,Brisbane,R-26,36.88
INV-106491,2024-08-10,C-047,SKU-00002,17,592.00,71.06,Perth,R-23,16.08
INV-106492,2025-04-17,C-259,SKU-00045,6,841.00,70.74,Sydney,R-27,5.34
INV-106493,2025-02-28,C-219,SKU-00006,4,428.00,81.84,Melbourne,R-09,3.73
INV-106494,2025-09-19,C-409,SKU-00034,20,214.00,74.20,Sydney,R-22,33.86
INV-106495,2025-06-04,C-140,SKU-00019,22,357.00,87.34,Sydney,R-15,1.40
INV-106496,2024-12-11,C-238,SKU-00032,23,60.00,73.60,Adelaide,R-27,40.28
INV-106497,2025-03-23,C-105,SKU-00054,18,714.00,80.82,Sydney,R-12,24.68
INV-106498,2024-03-26,C-185,SKU-00007,6,284.00,75.84,Sydney,R-11,21.92
INV-106499,2025-09-13,C-050,SKU-00033,5,111.00,78.25,Newcastle,R-15,24.09
INV-106500,2025-12-16,C-344,SKU-00039,14,204.00,81.40,Melbourne,R-15,17.53
INV-106501,2024-05-23,C-253,SKU-00020,24,702.00,83.52,Melbourne,R-14,40.82
INV-106502,2025-07-09,C-186,SKU-00038,10,427.00,81.00,Brisbane,R-02,29.26
INV-106503,2024-06-26,C-029,SKU-00012,20,822.00,88.60,Adelaide,R-02,32.04
INV-106504,2025-11-16,C-211,SKU-00040,4,257.00,81.72,Newcastle,R-18,14.53
INV-106505,2025-02-24,C-301,SKU-00024,22,208.00,73.92,Melbourne,R-06,36.46
INV-106506,2025-03-23,C-123,SKU-00008,13,232.00,88.53,Brisbane,R-21,33.19
INV-106507,2025-11-02,C-259,SKU-00011,17,62.00,88.06,Sydney,R-13,36.23
INV-106508,2025-08-06,C-111,SKU-00033,19,111.00,85.12,Adelaide,R-10,12.11
INV-106509,2024-12-23,C-295,SKU-00028,4,722.00,86.76,Perth,R-21,34.53
INV-106510,2025-09-01,C-314,SKU-00058,18,513.00,70.21,Newcastle,R-09,5.56
INV-106511,2024-03-20,C-201,SKU-00048,14,553.00,72.38,Perth,R-24,20.94
INV-106512,2024-06-03,C-329,SKU-00022,8,477.00,90.16,Newcastle,R-01,34.40
INV-106513,2024-03-05,C-083,SKU-00021,1,453.00,73.43,Adelaide,R-06,42.37
INV-106514,2024-08-11,C-207,SKU-00013,24,52.00,78.00,Melbourne,R-18,0.15
INV-106515,2025-11-24,C-193,SKU-00042,14,292.00,74.06,Brisbane,R-07,0.95
INV-106516,2024-07-24,C-418,SKU-00055,1,703.00,73.22,Brisbane,R-11,2.40
INV-106517,2025-03-24,C-372,SKU-00027,11,107.00,70.84,Melbourne,R-25,20.18
INV-106518,2024-12-11,C-368,SKU-00054,10,714.00,78.40,Sydney,R-12,31.17
INV-106519,2025-05-01,C-389,SKU-00003,23,237.00,72.45,Perth,R-20,21.26
INV-106520,2024-04-05,C-367,SKU-00037,17,831.00,78.20,Melbourne,R-27,22.93
INV-106521,2024-04-28,C-111,SKU-00010,3,27.00,80.43,Adelaide,R-02,17.35
INV-106522,2025-10-09,C-161,SKU-00034,4,214.00,74.32,Perth,R-20,0.70
INV-106523,2025-03-18,C-230,SKU-00039,20,204.00,76.20,Melbourne,R-28,21.92
INV-106524,2024-01-21,C-364,SKU-00007,8,284.00,70.40,Sydney,R-12,4.95
INV-106525,2024-03-08,C-371,SKU-00026,8,405.00,78.80,Adelaide,R-04,37.18
INV-106526,2025-06-09,C-110,SKU-00011,20,62.00,79.40,Brisbane,R-23,14.43
INV-106527,2024-09-08,C-393,SKU-00038,20,427.00,71.60,Sydney,R-03,21.71
INV-106528,2024-06-06,C-167,SKU-00057,1,143.00,83.90,Sydney,R-18,33.71
INV-106529,2025-08-25,C-095,SKU-00011,10,62.00,75.30,Sydney,R-27,1.88
INV-106530,2024-05-23,C-174,SKU-00015,1,332.00,77.59,Brisbane,R-24,16.24
INV-106531,2024-07-21,C-112,SKU-00016,14,574.00,84.56,Brisbane,R-09,31.16
INV-106532,2025-08-13,C-012,SKU-00038,10,427.00,88.00,Melbourne,R-06,35.41
INV-106533,2024-03-14,C-394,SKU-00050,8,201.00,74.00,Adelaide,R-01,5.01
INV-106534,2025-11-02,C-417,SKU-00009,24,761.00,76.08,Perth,R-14,28.80
INV-106535,2025-02-17,C-048,SKU-00020,11,702.00,75.68,Newcastle,R-26,14.33
INV-106536,2025-12-14,C-007,SKU-00036,19,224.00,72.58,Adelaide,R-14,16.64
INV-106537,2024-06-17,C-150,SKU-00051,20,246.00,88.80,Brisbane,R-25,10.27
INV-106538,2024-06-20,C-120,SKU-00041,8,612.00,81.92,Adelaide,R-22,30.90
INV-106539,2024-05-23,C-321,SKU-00010,3,27.00,74.07,Sydney,R-17,7.42
INV-106540,2024-05-28,C-112,SKU-00036,5,224.00,77.46,Brisbane,R-22,18.41
INV-106541,2024-09-13,C-144,SKU-00049,3,840.00,90.27,Newcastle,R-24,18.80
INV-106542,2024-07-04,C-092,SKU-00038,4,427.00,79.32,Brisbane,R-16,38.85
INV-106543,2024-03-26,C-039,SKU-00052,20,834.00,77.00,Perth,R-10,26.18
INV-106544,2025-03-14,C-062,SKU-00025,10,345.00,74.90,Perth,R-19,12.51
INV-106545,2025-04-23,C-301,SKU-00049,5,840.00,82.65,Melbourne,R-03,34.62
INV-106546,2025-08-22,C-023,SKU-00009,8,761.00,85.44,Perth,R-02,6.09
INV-106547,2024-12-04,C-075,SKU-00012,21,822.00,73.92,Brisbane,R-20,26.79
INV-106548,2025-08-05,C-354,SKU-00010,24,27.00,90.48,Perth,R-01,21.19
INV-106549,2025-02-01,C-011,SKU-00001,21,569.00,76.65,Melbourne,R-17,29.61
INV-106550,2024-02-24,C-018,SKU-00006,7,428.00,76.38,Melbourne,R-09,17.95
INV-106551,2025-09-07,C-326,SKU-00004,13,340.00,86.32,Adelaide,R-12,41.31
INV-106552,2025-04-02,C-403,SKU-00047,22,371.00,80.74,Perth,R-22,27.89
INV-106553,2024-12-13,C-385,SKU-00055,24,703.00,76.56,Sydney,R-04,12.12
INV-106554,2024-12-21,C-331,SKU-00012,18,822.00,88.20,Adelaide,R-13,19.08
INV-106555,2024-10-23,C-348,SKU-00043,22,320.00,87.34,Sydney,R-12,37.07
INV-106556,2025-11-28,C-256,SKU-00024,19,208.00,76.57,Sydney,R-06,29.94
INV-106557,2024-05-23,C-380,SKU-00029,3,291.00,86.94,Adelaide,R-08,21.56
INV-106558,2025-02-14,C-405,SKU-00009,24,761.00,78.96,Brisbane,R-02,25.26
INV-106559,2025-04-20,C-158,SKU-00024,23,208.00,71.07,Melbourne,R-05,20.40
INV-106560,2025-10-07,C-080,SKU-00005,24,643.00,67.79,Newcastle,R-14,29.98
INV-106561,2025-07-07,C-404,SKU-00032,15,60.00,79.95,Adelaide,R-19,5.50
INV-106562,2024-04-05,C-405,SKU-00017,10,69.00,87.20,Brisbane,R-27,15.15
INV-106563,2025-09-14,C-262,SKU-00008,19,232.00,85.12,Adelaide,R-22,42.59
INV-106564,2024-01-02,C-170,SKU-00036,6,224.00,74.94,Brisbane,R-04,31.63
INV-106565,2025-01-17,C-094,SKU-00055,16,703.00,77.92,Adelaide,R-26,6.31
INV-106566,2025-12-22,C-350,SKU-00034,2,214.00,81.88,Perth,R-26,0.10
INV-106567,2024-11-23,C-196,SKU-00042,13,292.00,86.32,Adelaide,R-10,44.31
INV-106568,2024-06-06,C-326,SKU-00048,22,553.00,74.14,Adelaide,R-01,8.84
INV-106569,2024-10-25,C-285,SKU-00024,14,208.00,76.58,Melbourne,R-03,30.80
INV-106570,2025-04-07,C-379,SKU-00012,1,822.00,69.96,Newcastle,R-01,34.92
INV-106571,2024-12-05,C-192,SKU-00026,1,405.00,75.82,Newcastle,R-28,42.35
INV-106572,2024-09-09,C-167,SKU-00029,22,291.00,71.06,Sydney,R-20,27.51
INV-106573,2025-02-01,C-261,SKU-00006,3,428.00,83.97,Brisbane,R-10,12.42
INV-106574,2024-09-04,C-381,SKU-00028,21,722.00,71.82,Perth,R-11,36.14
INV-106575,2024-08-18,C-018,SKU-00034,6,214.00,71.22,Melbourne,R-09,18.50
INV-106576,2025-02-09,C-130,SKU-00006,16,428.00,85.44,Sydney,R-13,13.49
INV-106577,2024-09-01,C-128,SKU-00013,20,52.00,84.20,Newcastle,R-10,27.37
INV-106578,2025-05-24,C-319,SKU-00001,16,569.00,88.80,Perth,R-06,40.57
INV-106579,2025-10-22,C-312,SKU-00016,24,574.00,84.24,Perth,R-09,12.18
INV-106580,2024-06-15,C-115,SKU-00017,11,69.00,65.17,Melbourne,R-28,35.31
INV-106581,2025-09-05,C-400,SKU-00043,4,320.00,77.56,Newcastle,R-18,29.32
INV-106582,2025-06-17,C-156,SKU-00016,14,574.00,77.28,Melbourne,R-16,30.76
INV-106583,2025-08-02,C-115,SKU-00003,1,237.00,77.23,Melbourne,R-20,39.77
INV-106584,2024-03-09,C-008,SKU-00033,8,111.00,80.16,Newcastle,R-16,28.16
INV-106585,2024-03-03,C-032,SKU-00017,15,69.00,87.00,Brisbane,R-01,12.73
INV-106586,2025-04-17,C-244,SKU-00016,12,574.00,76.92,Perth,R-15,34.50
INV-106587,2024-11-26,C-013,SKU-00024,15,208.00,78.30,Perth,R-25,39.72
INV-106588,2024-06-25,C-381,SKU-00046,8,711.00,79.92,Perth,R-02,12.18
INV-106589,2024-01-26,C-190,SKU-00058,18,513.00,86.40,Adelaide,R-22,13.10
INV-106590,2025-12-07,C-002,SKU-00035,16,571.00,65.21,Perth,R-06,19.56
INV-106591,2024-01-11,C-014,SKU-00014,21,632.00,80.01,Sydney,R-13,9.73
INV-106592,2025-02-06,C-174,SKU-00020,21,702.00,86.94,Brisbane,R-18,30.65
INV-106593,2025-06-19,C-305,SKU-00057,4,143.00,75.72,Perth,R-18,16.38
INV-106594,2024-06-07,C-372,SKU-00030,7,439.00,75.81,Melbourne,R-19,33.98
INV-106595,2025-08-19,C-007,SKU-00008,23,232.00,77.97,Adelaide,R-02,19.16
INV-106596,2024-11-22,C-172,SKU-00028,2,722.00,73.90,Newcastle,R-15,0.07
INV-106597,2024-05-06,C-170,SKU-00047,11,371.00,82.39,Brisbane,R-05,37.71
INV-106598,2025-09-14,C-047,SKU-00049,16,840.00,73.44,Perth,R-20,16.50
INV-106599,2025-03-09,C-353,SKU-00005,22,643.00,89.54,Adelaide,R-13,43.69
INV-106600,2024-12-01,C-014,SKU-00032,9,60.00,65.66,Sydney,R-21,14.57
INV-106601,2024-02-24,C-236,SKU-00028,9,722.00,86.67,Newcastle,R-15,44.11
INV-106602,2025-12-19,C-390,SKU-00049,7,840.00,87.36,Adelaide,R-16,34.20
INV-106603,2025-05-11,C-415,SKU-00012,14,822.00,81.76,Melbourne,R-07,20.66
INV-106604,2024-01-24,C-144,SKU-00055,22,703.00,77.44,Newcastle,R-08,34.99
INV-106605,2025-07-19,C-117,SKU-00011,21,62.00,87.99,Adelaide,R-27,40.25
INV-106606,2025-12-06,C-386,SKU-00015,4,332.00,78.24,Brisbane,R-23,7.82
INV-106607,2024-09-12,C-095,SKU-00032,11,60.00,71.06,Sydney,R-09,29.89
INV-106608,2025-12-21,C-288,SKU-00013,5,52.00,87.45,Newcastle,R-24,40.74
INV-106609,2024-08-21,C-067,SKU-00049,5,840.00,76.50,Adelaide,R-22,42.68
INV-106610,2025-11-12,C-098,SKU-00029,11,291.00,66.49,Adelaide,R-03,35.68
INV-106611,2024-02-03,C-251,SKU-00048,4,553.00,78.96,Perth,R-10,4.22
INV-106612,2024-01-01,C-151,SKU-00038,9,427.00,73.35,Melbourne,R-21,42.03
INV-106613,2024-03-04,C-076,SKU-00002,9,592.00,85.59,Perth,R-25,26.07
INV-106614,2025-01-09,C-283,SKU-00049,1,840.00,82.97,Brisbane,R-13,39.72
INV-106615,2025-01-15,C-237,SKU-00056,10,481.00,87.50,Brisbane,R-17,16.42
INV-106616,2024-10-27,C-212,SKU-00026,8,405.00,75.04,Perth,R-10,34.76
INV-106617,2025-12-26,C-407,SKU-00005,9,643.00,71.73,Adelaide,R-27,36.07
INV-106618,2025-10-12,C-219,SKU-00033,6,111.00,82.98,Melbourne,R-22,30.50
INV-106619,2025-11-15,C-139,SKU-00022,11,477.00,74.14,Perth,R-07,8.01
INV-106620,2025-12-05,C-355,SKU-00021,22,453.00,81.77,Newcastle,R-15,3.20
INV-106621,2024-03-13,C-070,SKU-00043,10,320.00,77.50,Adelaide,R-18,18.54
INV-106622,2024-03-28,C-158,SKU-00030,19,439.00,78.09,Melbourne,R-19,44.58
INV-106623,2024-08-27,C-052,SKU-00003,12,237.00,76.32,Newcastle,R-26,17.91
INV-106624,2025-01-19,C-141,SKU-00010,23,27.00,80.96,Perth,R-05,23.39
INV-106625,2025-03-21,C-058,SKU-00015,16,332.00,73.12,Adelaide,R-11,21.52
INV-106626,2024-01-13,C-374,SKU-00051,15,246.00,86.85,Newcastle,R-20,17.08
INV-106627,2024-03-01,C-031,SKU-00032,5,60.00,75.55,Newcastle,R-24,39.14
INV-106628,2025-08-07,C-315,SKU-00049,13,840.00,73.45,Brisbane,R-08,39.12
INV-106629,2025-03-13,C-412,SKU-00032,1,60.00,70.51,Newcastle,R-20,18.47
INV-106630,2024-09-11,C-079,SKU-00026,4,405.00,82.43,Newcastle,R-26,22.08
INV-106631,2024-11-05,C-373,SKU-00005,21,643.00,76.86,Newcastle,R-27,17.30
INV-106632,2025-01-25,C-018,SKU-00023,9,115.00,78.03,Melbourne,R-26,13.73
INV-106633,2025-01-25,C-349,SKU-00023,22,115.00,72.82,Sydney,R-19,9.67
INV-106634,2025-11-07,C-292,SKU-00030,19,439.00,74.67,Perth,R-13,12.20
INV-106635,2024-04-03,C-123,SKU-00034,2,214.00,85.86,Brisbane,R-15,2.96
INV-106636,2024-09-20,C-410,SKU-00014,22,632.00,79.64,Brisbane,R-05,10.51
INV-106637,2024-02-14,C-247,SKU-00006,11,428.00,89.87,Sydney,R-17,31.00
INV-106638,2025-07-07,C-071,SKU-00037,5,831.00,73.25,Brisbane,R-04,15.77
INV-106639,2025-09-12,C-365,SKU-00032,12,60.00,72.24,Adelaide,R-16,4.99
INV-106640,2024-10-09,C-154,SKU-00053,15,589.00,74.38,Newcastle,R-02,4.12
INV-106641,2025-04-25,C-414,SKU-00032,13,60.00,76.18,Melbourne,R-17,25.65
INV-106642,2025-05-03,C-240,SKU-00050,9,201.00,80.55,Adelaide,R-04,29.37
INV-106643,2025-09-27,C-027,SKU-00005,20,643.00,77.00,Brisbane,R-20,28.14
INV-106644,2025-11-06,C-179,SKU-00003,5,237.00,76.60,Newcastle,R-19,37.43
INV-106645,2024-04-12,C-240,SKU-00009,10,761.00,85.50,Adelaide,R-15,7.26
INV-106646,2024-03-18,C-385,SKU-00044,1,183.00,85.60,Sydney,R-14,32.38
INV-106647,2024-07-28,C-292,SKU-00044,19,183.00,90.06,Perth,R-01,3.96
INV-106648,2025-12-27,C-418,SKU-00007,19,284.00,87.40,Brisbane,R-18,10.71
INV-106649,2025-12-10,C-257,SKU-00034,7,214.00,85.82,Brisbane,R-28,0.12
INV-106650,2025-10-02,C-239,SKU-00034,15,214.00,71.48,Perth,R-13,34.97
INV-106651,2024-05-21,C-399,SKU-00044,17,183.00,76.33,Perth,R-04,0.11
INV-106652,2024-08-25,C-413,SKU-00044,24,183.00,71.04,Newcastle,R-27,11.94
INV-106653,2025-07-25,C-123,SKU-00053,12,589.00,80.64,Brisbane,R-19,34.14
INV-106654,2024-12-01,C-150,SKU-00028,5,722.00,76.10,Brisbane,R-17,43.88
INV-106655,2024-07-12,C-076,SKU-00046,21,711.00,89.67,Perth,R-26,18.49
INV-106656,2025-07-16,C-286,SKU-00028,6,722.00,73.44,Brisbane,R-06,38.14
INV-106657,2025-07-17,C-332,SKU-00036,6,224.00,87.42,Perth,R-21,5.05
INV-106658,2024-01-14,C-136,SKU-00033,13,111.00,78.78,Sydney,R-06,42.75
INV-106659,2025-01-12,C-105,SKU-00039,21,204.00,89.04,Sydney,R-28,14.59
INV-106660,2024-09-13,C-017,SKU-00046,4,711.00,82.87,Adelaide,R-20,17.71
INV-106661,2025-08-08,C-230,SKU-00045,8,841.00,70.96,Melbourne,R-21,5.62
INV-106662,2024-07-14,C-401,SKU-00015,13,332.00,72.28,Perth,R-08,18.07
INV-106663,2024-04-20,C-308,SKU-00017,5,69.00,72.20,Melbourne,R-27,32.85
INV-106664,2025-03-05,C-035,SKU-00044,1,183.00,85.20,Newcastle,R-06,23.70
INV-106665,2025-03-03,C-396,SKU-00041,10,612.00,73.00,Adelaide,R-27,14.22
INV-106666,2024-07-19,C-228,SKU-00010,23,27.00,76.82,Perth,R-21,7.97
INV-106667,2025-03-24,C-226,SKU-00004,9,340.00,73.80,Perth,R-23,28.64
INV-106668,2025-07-22,C-257,SKU-00058,6,513.00,84.60,Brisbane,R-06,15.26
INV-106669,2025-12-09,C-270,SKU-00048,4,553.00,76.96,Newcastle,R-22,39.13
INV-106670,2025-04-11,C-370,SKU-00052,9,834.00,81.06,Adelaide,R-05,22.50
INV-106671,2025-03-28,C-415,SKU-00057,5,143.00,76.35,Melbourne,R-10,43.60
INV-106672,2024-05-20,C-239,SKU-00040,4,257.00,82.96,Perth,R-02,26.40
INV-106673,2024-08-02,C-246,SKU-00017,12,69.00,86.52,Newcastle,R-28,34.31
INV-106674,2024-06-24,C-294,SKU-00050,12,201.00,88.20,Melbourne,R-07,41.91
INV-106675,2025-04-08,C-192,SKU-00039,22,204.00,80.52,Newcastle,R-26,39.75
INV-106676,2025-09-11,C-387,SKU-00054,9,714.00,76.95,Sydney,R-08,31.14
INV-106677,2025-01-20,C-174,SKU-00005,21,643.00,89.46,Brisbane,R-08,34.81
INV-106678,2024-11-09,C-217,SKU-00046,18,711.00,71.64,Newcastle,R-19,26.97
INV-106679,2024-04-21,C-386,SKU-00052,9,834.00,72.00,Brisbane,R-01,39.36
INV-106680,2025-05-01,C-281,SKU-00050,6,201.00,82.30,Melbourne,R-14,3.67
INV-106681,2025-05-11,C-072,SKU-00007,6,284.00,70.62,Perth,R-01,41.02
INV-106682,2024-07-14,C-195,SKU-00010,11,27.00,75.57,Melbourne,R-05,40.19
INV-106683,2024-01-07,C-019,SKU-00057,22,143.00,74.14,Newcastle,R-26,42.45
INV-106684,2024-01-27,C-034,SKU-00051,12,246.00,79.08,Sydney,R-27,38.63
INV-106685,2025-12-24,C-213,SKU-00042,17,292.00,73.78,Brisbane,R-21,20.09
INV-106686,2025-04-27,C-081,SKU-00032,12,60.00,83.64,Sydney,R-06,2.58
INV-106687,2024-10-16,C-306,SKU-00035,9,571.00,88.02,Brisbane,R-11,39.65
INV-106688,2024-12-19,C-023,SKU-00038,18,427.00,90.72,Perth,R-04,2.56
INV-106689,2024-10-21,C-052,SKU-00046,13,711.00,73.06,Newcastle,R-07,38.95
INV-106690,2025-01-08,C-038,SKU-00054,11,714.00,66.89,Melbourne,R-02,38.12
INV-106691,2024-06-15,C-259,SKU-00010,2,27.00,89.18,Sydney,R-23,1.26
INV-106692,2024-11-15,C-364,SKU-00021,24,453.00,77.04,Sydney,R-15,38.40
INV-106693,2025-06-01,C-364,SKU-00028,19,722.00,70.68,Sydney,R-02,17.63
INV-106694,2025-08-02,C-269,SKU-00032,18,60.00,82.26,Newcastle,R-24,25.35
INV-106695,2025-12-04,C-043,SKU-00044,14,183.00,80.22,Brisbane,R-22,33.27
INV-106696,2025-08-03,C-032,SKU-00031,24,336.00,88.56,Brisbane,R-27,7.07
INV-106697,2024-06-14,C-049,SKU-00004,16,340.00,75.52,Melbourne,R-15,39.64
INV-106698,2025-05-16,C-256,SKU-00041,23,612.00,82.80,Sydney,R-28,24.14
INV-106699,2024-02-07,C-338,SKU-00026,9,405.00,88.02,Perth,R-20,28.77
INV-106700,2024-09-11,C-296,SKU-00054,8,714.00,64.84,Newcastle,R-24,28.16
INV-106701,2025-01-17,C-404,SKU-00030,11,439.00,82.17,Adelaide,R-03,9.06
INV-106702,2024-08-14,C-265,SKU-00033,9,111.00,76.77,Perth,R-26,25.64
INV-106703,2024-09-14,C-222,SKU-00039,1,204.00,71.68,Melbourne,R-28,5.10
INV-106704,2025-04-17,C-326,SKU-00006,3,428.00,77.46,Adelaide,R-22,0.23
INV-106705,2025-08-20,C-357,SKU-00038,19,427.00,80.18,Newcastle,R-24,31.06
INV-106706,2024-06-10,C-094,SKU-00042,13,292.00,87.62,Adelaide,R-21,19.21
INV-106707,2025-08-11,C-272,SKU-00023,13,115.00,78.91,Adelaide,R-15,40.82
INV-106708,2025-05-28,C-159,SKU-00013,13,52.00,79.56,Melbourne,R-18,35.66
INV-106709,2025-01-25,C-341,SKU-00006,14,428.00,86.52,Perth,R-10,30.73
INV-106710,2025-10-23,C-413,SKU-00030,14,439.00,68.52,Newcastle,R-27,34.19
INV-106711,2024-11-15,C-346,SKU-00041,13,612.00,84.24,Newcastle,R-13,27.71
INV-106712,2025-12-14,C-347,SKU-00036,1,224.00,77.56,Brisbane,R-24,42.42
INV-106713,2024-01-22,C-394,SKU-00003,12,237.00,79.08,Adelaide,R-14,11.05
INV-106714,2025-12-08,C-174,SKU-00029,20,291.00,75.00,Brisbane,R-05,30.77
INV-106715,2024-05-21,C-287,SKU-00053,8,589.00,73.12,Melbourne,R-01,21.86
INV-106716,2025-04-21,C-238,SKU-00038,1,427.00,76.86,Adelaide,R-19,40.21
INV-106717,2025-01-13,C-213,SKU-00008,4,232.00,82.92,Brisbane,R-28,29.28
INV-106718,2024-08-12,C-231,SKU-00034,23,214.00,86.71,Newcastle,R-22,14.53
INV-106719,2025-12-14,C-134,SKU-00014,7,632.00,84.70,Melbourne,R-10,29.84
INV-106720,2024-11-18,C-028,SKU-00023,19,115.00,67.47,Melbourne,R-20,26.79
INV-106721,2024-11-02,C-007,SKU-00047,16,371.00,72.48,Adelaide,R-16,33.51
INV-106722,2025-03-23,C-080,SKU-00021,23,453.00,72.91,Newcastle,R-21,37.22
INV-106723,2024-08-05,C-001,SKU-00011,8,62.00,74.40,Adelaide,R-22,23.52
INV-106724,2025-10-18,C-102,SKU-00051,17,246.00,90.78,Adelaide,R-11,26.58
INV-106725,2025-08-21,C-264,SKU-00022,6,477.00,73.38,Brisbane,R-06,10.70
INV-106726,2024-06-09,C-008,SKU-00045,16,841.00,77.60,Newcastle,R-26,37.11
INV-106727,2024-02-21,C-202,SKU-00046,2,711.00,74.32,Newcastle,R-08,14.63
INV-106728,2024-12-13,C-006,SKU-00058,9,513.00,77.58,Sydney,R-26,20.11
INV-106729,2025-05-09,C-141,SKU-00004,22,340.00,83.82,Perth,R-20,12.77
INV-106730,2024-09-06,C-135,SKU-00020,23,702.00,76.39,Newcastle,R-20,11.24
INV-106731,2024-05-05,C-163,SKU-00057,4,143.00,86.92,Newcastle,R-17,43.47
INV-106732,2024-04-22,C-218,SKU-00016,24,574.00,71.52,Newcastle,R-07,3.39
INV-106733,2025-10-15,C-001,SKU-00014,15,632.00,70.50,Adelaide,R-14,0.74
INV-106734,2024-07-15,C-023,SKU-00027,22,107.00,71.94,Perth,R-18,27.77
INV-106735,2025-05-06,C-172,SKU-00046,12,711.00,86.40,Newcastle,R-07,7.06
INV-106736,2025-11-13,C-253,SKU-00038,5,427.00,90.15,Melbourne,R-16,32.16
INV-106737,2024-10-18,C-081,SKU-00003,14,237.00,78.12,Sydney,R-10,17.52
INV-106738,2024-09-17,C-026,SKU-00040,1,257.00,75.49,Melbourne,R-10,5.94
INV-106739,2025-06-25,C-415,SKU-00006,22,428.00,88.44,Melbourne,R-04,12.69
INV-106740,2024-05-14,C-121,SKU-00003,2,237.00,78.60,Newcastle,R-27,31.37
INV-106741,2025-02-06,C-285,SKU-00041,6,612.00,82.44,Melbourne,R-18,42.39
INV-106742,2025-03-23,C-093,SKU-00051,7,246.00,80.43,Perth,R-11,28.96
INV-106743,2025-04-05,C-366,SKU-00031,22,336.00,86.24,Melbourne,R-02,5.84
INV-106744,2025-07-21,C-245,SKU-00040,22,257.00,84.70,Perth,R-22,40.70
INV-106745,2025-02-15,C-278,SKU-00013,19,52.00,88.92,Melbourne,R-25,40.58
INV-106746,2024-08-28,C-114,SKU-00054,18,714.00,84.60,Sydney,R-02,4.02
INV-106747,2025-02-15,C-285,SKU-00049,13,840.00,89.44,Melbourne,R-06,30.09
INV-106748,2025-12-16,C-169,SKU-00036,1,224.00,85.48,Melbourne,R-03,7.09
INV-106749,2025-02-22,C-048,SKU-00036,18,224.00,79.38,Newcastle,R-26,20.36
INV-106750,2025-12-23,C-070,SKU-00050,14,201.00,65.04,Adelaide,R-22,44.66
INV-106751,2025-04-21,C-389,SKU-00029,24,291.00,88.56,Perth,R-24,38.82
INV-106752,2024-11-03,C-260,SKU-00010,16,27.00,86.24,Sydney,R-14,3.52
INV-106753,2024-07-25,C-157,SKU-00009,4,761.00,76.72,Sydney,R-15,5.62
INV-106754,2024-05-20,C-086,SKU-00057,7,143.00,72.45,Perth,R-05,43.85
INV-106755,2025-11-23,C-059,SKU-00012,24,822.00,85.20,Perth,R-21,31.38
INV-106756,2024-10-02,C-047,SKU-00028,8,722.00,84.00,Perth,R-15,11.98
INV-106757,2024-07-24,C-047,SKU-00027,1,107.00,81.49,Perth,R-01,32.67
INV-106758,2025-05-28,C-063,SKU-00019,23,357.00,86.94,Sydney,R-21,4.35
INV-106759,2025-05-11,C-124,SKU-00024,11,208.00,83.38,Adelaide,R-25,1.27
INV-106760,2025-02-05,C-351,SKU-00014,14,632.00,70.97,Adelaide,R-28,23.65
INV-106761,2024-10-28,C-200,SKU-00016,12,574.00,85.20,Newcastle,R-19,20.62
INV-106762,2025-11-15,C-242,SKU-00033,2,111.00,89.68,Sydney,R-07,12.58
INV-106763,2025-03-03,C-027,SKU-00034,21,214.00,77.70,Brisbane,R-12,42.37
INV-106764,2025-08-07,C-392,SKU-00016,12,574.00,73.08,Sydney,R-11,34.29
INV-106765,2024-05-01,C-004,SKU-00040,18,257.00,70.20,Perth,R-06,16.84
INV-106766,2024-07-23,C-370,SKU-00058,6,513.00,74.22,Adelaide,R-19,2.49
INV-106767,2024-01-26,C-251,SKU-00039,20,204.00,74.60,Perth,R-27,37.18
INV-106768,2025-05-19,C-168,SKU-00036,5,224.00,75.95,Brisbane,R-21,25.41
INV-106769,2024-05-13,C-066,SKU-00019,7,357.00,82.74,Adelaide,R-02,1.04
INV-106770,2025-05-13,C-139,SKU-00040,13,257.00,74.03,Perth,R-19,29.48
INV-106771,2024-11-21,C-143,SKU-00007,23,284.00,79.35,Adelaide,R-17,23.89
INV-106772,2024-12-16,C-360,SKU-00042,2,292.00,89.12,Melbourne,R-18,5.66
INV-106773,2024-11-09,C-169,SKU-00020,8,702.00,76.16,Melbourne,R-25,37.60
INV-106774,2024-04-07,C-058,SKU-00014,7,632.00,77.77,Adelaide,R-25,44.09
INV-106775,2024-05-11,C-232,SKU-00003,7,237.00,81.27,Perth,R-25,29.48
INV-106776,2024-06-17,C-173,SKU-00034,20,214.00,86.40,Perth,R-21,30.53
INV-106777,2025-01-11,C-304,SKU-00004,9,340.00,85.95,Melbourne,R-06,5.24
INV-106778,2025-01-24,C-082,SKU-00052,3,834.00,80.28,Melbourne,R-26,19.57
INV-106779,2025-12-25,C-288,SKU-00012,23,822.00,73.60,Newcastle,R-09,21.66
INV-106780,2025-09-10,C-160,SKU-00027,21,107.00,80.37,Melbourne,R-18,3.76
INV-106781,2024-10-22,C-410,SKU-00033,2,111.00,72.76,Brisbane,R-02,28.80
INV-106782,2024-06-28,C-344,SKU-00011,5,62.00,72.30,Melbourne,R-07,17.31
INV-106783,2024-09-15,C-400,SKU-00001,5,569.00,83.45,Newcastle,R-23,4.23
INV-106784,2024-09-27,C-122,SKU-00007,7,284.00,77.00,Brisbane,R-25,34.40
INV-106785,2024-11-04,C-353,SKU-00034,1,214.00,74.82,Adelaide,R-16,7.93
INV-106786,2025-06-09,C-223,SKU-00053,18,589.00,76.14,Sydney,R-18,11.96
INV-106787,2025-10-13,C-235,SKU-00031,21,336.00,83.37,Brisbane,R-14,17.48
INV-106788,2024-10-08,C-305,SKU-00058,9,513.00,73.80,Perth,R-07,8.18
INV-106789,2025-04-15,C-383,SKU-00013,15,52.00,76.65,Perth,R-04,25.16
INV-106790,2024-02-01,C-285,SKU-00030,24,439.00,71.32,Melbourne,R-15,41.19
INV-106791,2024-11-27,C-091,SKU-00056,5,481.00,71.05,Brisbane,R-03,43.21
INV-106792,2024-12-11,C-032,SKU-00017,15,69.00,74.70,Brisbane,R-17,13.49
INV-106793,2024-08-14,C-140,SKU-00006,16,428.00,86.56,Sydney,R-02,29.99
INV-106794,2025-02-25,C-175,SKU-00007,2,284.00,78.24,Perth,R-02,26.81
INV-106795,2025-05-11,C-155,SKU-00048,14,553.00,74.20,Perth,R-08,36.80
INV-106796,2024-11-26,C-024,SKU-00040,11,257.00,78.98,Melbourne,R-03,43.57
INV-106797,2024-06-07,C-036,SKU-00011,12,62.00,75.84,Melbourne,R-20,18.32
INV-106798,2024-02-14,C-145,SKU-00009,18,761.00,82.08,Sydney,R-17,7.96
INV-106799,2024-08-13,C-257,SKU-00050,11,201.00,73.37,Brisbane,R-28,28.19
INV-106800,2024-12-13,C-083,SKU-00052,4,834.00,68.82,Adelaide,R-21,21.71
INV-106801,2025-08-17,C-119,SKU-00011,11,62.00,81.29,Perth,R-28,30.81
INV-106802,2024-03-24,C-270,SKU-00017,1,69.00,75.47,Newcastle,R-13,7.41
INV-106803,2024-10-04,C-084,SKU-00005,21,643.00,89.67,Perth,R-19,6.97
INV-106804,2025-12-02,C-034,SKU-00039,10,204.00,86.40,Sydney,R-21,38.96
INV-106805,2025-03-24,C-356,SKU-00021,2,453.00,81.42,Perth,R-13,30.95
INV-106806,2025-09-14,C-309,SKU-00034,2,214.00,83.58,Adelaide,R-06,20.69
INV-106807,2024-03-04,C-111,SKU-00020,19,702.00,74.67,Adelaide,R-12,11.51
INV-106808,2024-12-05,C-268,SKU-00018,9,268.00,70.38,Newcastle,R-25,20.35
INV-106809,2024-04-04,C-031,SKU-00005,2,643.00,79.28,Newcastle,R-07,22.34
INV-106810,2024-09-28,C-328,SKU-00037,11,831.00,65.38,Newcastle,R-25,34.30
INV-106811,2024-02-08,C-023,SKU-00056,8,481.00,82.56,Perth,R-21,32.86
INV-106812,2024-06-13,C-249,SKU-00003,16,237.00,83.84,Melbourne,R-07,17.66
INV-106813,2025-07-27,C-214,SKU-00050,14,201.00,89.04,Perth,R-12,27.17
INV-106814,2025-06-28,C-349,SKU-00026,9,405.00,84.15,Sydney,R-17,6.87
INV-106815,2024-07-28,C-255,SKU-00005,15,643.00,75.15,Sydney,R-28,9.62
INV-106816,2024-04-06,C-153,SKU-00006,2,428.00,80.44,Perth,R-07,26.56
INV-106817,2024-05-03,C-230,SKU-00039,23,204.00,82.80,Melbourne,R-22,31.07
INV-106818,2025-07-01,C-373,SKU-00018,17,268.00,75.82,Newcastle,R-11,26.90
INV-106819,2025-02-11,C-361,SKU-00049,6,840.00,74.64,Melbourne,R-04,13.11
INV-106820,2024-08-16,C-338,SKU-00021,1,453.00,68.48,Perth,R-25,23.17
INV-106821,2025-08-28,C-154,SKU-00053,22,589.00,77.88,Newcastle,R-22,4.10
INV-106822,2025-05-21,C-076,SKU-00042,13,292.00,83.85,Perth,R-22,20.28
INV-106823,2024-01-07,C-088,SKU-00025,22,345.00,70.62,Adelaide,R-15,6.61
INV-106824,2025-01-28,C-211,SKU-00014,20,632.00,85.60,Newcastle,R-12,41.29
INV-106825,2025-06-22,C-165,SKU-00007,17,284.00,90.78,Perth,R-21,43.53
INV-106826,2025-06-21,C-154,SKU-00043,15,320.00,74.55,Newcastle,R-07,27.58
INV-106827,2025-03-27,C-356,SKU-00047,3,371.00,74.10,Perth,R-10,2.03
INV-106828,2024-02-10,C-099,SKU-00027,20,107.00,78.40,Perth,R-14,33.87
INV-106829,2024-02-21,C-067,SKU-00046,5,711.00,80.85,Adelaide,R-16,22.00
INV-106830,2024-09-23,C-199,SKU-00049,16,840.00,80.81,Newcastle,R-09,21.84
INV-106831,2025-11-08,C-252,SKU-00055,2,703.00,73.26,Brisbane,R-11,30.39
INV-106832,2024-01-16,C-325,SKU-00037,16,831.00,85.28,Sydney,R-23,14.31
INV-106833,2025-05-12,C-131,SKU-00042,23,292.00,80.73,Adelaide,R-21,4.43
INV-106834,2024-08-14,C-128,SKU-00022,17,477.00,72.59,Newcastle,R-02,32.51
INV-106835,2024-05-13,C-303,SKU-00024,7,208.00,70.70,Perth,R-05,12.91
INV-106836,2025-12-20,C-163,SKU-00031,3,336.00,71.31,Newcastle,R-09,24.03
INV-106837,2025-11-24,C-151,SKU-00009,11,761.00,90.20,Melbourne,R-28,43.37
INV-106838,2025-08-22,C-220,SKU-00054,15,714.00,72.00,Adelaide,R-18,37.02
INV-106839,2025-10-17,C-277,SKU-00002,19,592.00,82.27,Newcastle,R-03,14.20
INV-106840,2024-09-27,C-033,SKU-00043,18,320.00,68.72,Adelaide,R-19,18.02
INV-106841,2024-05-21,C-313,SKU-00012,1,822.00,79.79,Sydney,R-14,34.74
INV-106842,2024-09-15,C-198,SKU-00040,14,257.00,72.94,Melbourne,R-06,18.27
INV-106843,2024-04-28,C-251,SKU-00019,2,357.00,90.52,Perth,R-24,43.70
INV-106844,2024-10-09,C-149,SKU-00023,17,115.00,84.15,Perth,R-16,0.45
INV-106845,2025-10-16,C-142,SKU-00038,5,427.00,78.60,Melbourne,R-16,10.98
INV-106846,2025-01-19,C-384,SKU-00051,6,246.00,80.82,Perth,R-28,12.28
INV-106847,2024-02-13,C-178,SKU-00038,16,427.00,76.80,Newcastle,R-23,32.11
INV-106848,2024-04-14,C-360,SKU-00044,7,183.00,82.04,Melbourne,R-07,31.72
INV-106849,2024-12-26,C-234,SKU-00014,20,632.00,72.80,Adelaide,R-17,11.48
INV-106850,2025-06-01,C-119,SKU-00045,8,841.00,81.48,Perth,R-03,21.04
INV-106851,2024-05-23,C-224,SKU-00009,24,761.00,80.40,Sydney,R-05,32.40
INV-106852,2025-02-15,C-254,SKU-00016,23,574.00,74.98,Sydney,R-17,39.54
INV-106853,2025-09-01,C-164,SKU-00012,2,822.00,71.78,Perth,R-25,28.32
INV-106854,2024-10-21,C-403,SKU-00045,20,841.00,82.00,Perth,R-06,14.19
INV-106855,2024-02-15,C-142,SKU-00002,19,592.00,89.87,Melbourne,R-20,28.79
INV-106856,2025-11-04,C-189,SKU-00037,8,831.00,82.80,Brisbane,R-22,34.89
INV-106857,2024-07-13,C-254,SKU-00014,4,632.00,82.16,Sydney,R-15,9.34
INV-106858,2025-10-03,C-321,SKU-00018,2,268.00,71.72,Sydney,R-27,31.05
INV-106859,2024-02-13,C-409,SKU-00017,9,69.00,70.65,Sydney,R-22,27.75
INV-106860,2024-07-02,C-369,SKU-00032,4,60.00,77.24,Adelaide,R-07,23.96
INV-106861,2024-12-13,C-188,SKU-00025,10,345.00,90.40,Perth,R-02,11.74
INV-106862,2024-05-12,C-227,SKU-00003,11,237.00,83.60,Adelaide,R-05,24.92
INV-106863,2025-11-23,C-406,SKU-00015,18,332.00,73.44,Perth,R-01,10.03
INV-106864,2024-01-07,C-129,SKU-00013,14,52.00,81.20,Adelaide,R-20,3.53
INV-106865,2025-09-09,C-006,SKU-00054,6,714.00,78.06,Sydney,R-09,12.03
INV-106866,2024-02-06,C-108,SKU-00039,19,204.00,88.16,Perth,R-19,13.92
INV-106867,2025-09-26,C-249,SKU-00050,9,201.00,81.81,Melbourne,R-05,19.22
INV-106868,2024-07-23,C-281,SKU-00012,23,822.00,71.07,Melbourne,R-15,19.94
INV-106869,2025-10-11,C-250,SKU-00032,24,60.00,76.32,Perth,R-15,16.12
INV-106870,2025-04-17,C-202,SKU-00055,17,703.00,68.82,Newcastle,R-24,19.66
INV-106871,2025-08-26,C-080,SKU-00050,18,201.00,75.24,Newcastle,R-13,42.27
INV-106872,2024-05-13,C-074,SKU-00016,3,574.00,75.96,Adelaide,R-12,30.88
INV-106873,2025-08-01,C-146,SKU-00037,10,831.00,76.00,Perth,R-09,37.12
INV-106874,2024-08-21,C-206,SKU-00041,17,612.00,71.74,Newcastle,R-05,23.59
INV-106875,2025-05-26,C-342,SKU-00019,12,357.00,71.88,Melbourne,R-04,3.90
INV-106876,2024-05-24,C-112,SKU-00034,6,214.00,71.76,Brisbane,R-12,32.33
INV-106877,2024-09-05,C-376,SKU-00019,17,357.00,84.32,Brisbane,R-12,22.26
INV-106878,2024-11-13,C-420,SKU-00011,13,62.00,81.38,Perth,R-05,39.76
INV-106879,2024-09-15,C-082,SKU-00046,19,711.00,74.86,Melbourne,R-08,10.52
INV-106880,2025-04-21,C-180,SKU-00026,6,405.00,74.02,Brisbane,R-21,33.01
INV-106881,2025-10-20,C-348,SKU-00027,22,107.00,80.52,Sydney,R-17,32.99
INV-106882,2024-05-22,C-163,SKU-00031,13,336.00,72.67,Newcastle,R-08,28.98
INV-106883,2024-09-22,C-122,SKU-00022,9,477.00,89.73,Brisbane,R-06,32.16
INV-106884,2024-08-12,C-418,SKU-00052,20,834.00,81.60,Brisbane,R-08,41.08
INV-106885,2025-08-20,C-119,SKU-00055,1,703.00,78.16,Perth,R-27,25.04
INV-106886,2025-11-14,C-109,SKU-00024,21,208.00,76.23,Sydney,R-15,43.78
INV-106887,2024-11-17,C-360,SKU-00021,3,453.00,81.51,Melbourne,R-16,40.08
INV-106888,2024-01-12,C-340,SKU-00056,9,481.00,76.23,Newcastle,R-06,38.85
INV-106889,2025-09-25,C-354,SKU-00022,21,477.00,78.33,Perth,R-24,1.40
INV-106890,2024-06-26,C-074,SKU-00057,2,143.00,76.18,Adelaide,R-24,3.04
INV-106891,2025-03-12,C-211,SKU-00032,24,60.00,70.32,Newcastle,R-24,0.81
INV-106892,2025-11-17,C-352,SKU-00004,8,340.00,88.16,Melbourne,R-28,26.84
INV-106893,2025-01-16,C-127,SKU-00054,14,714.00,76.72,Perth,R-13,26.85
INV-106894,2025-01-28,C-332,SKU-00008,14,232.00,74.48,Perth,R-23,13.29
INV-106895,2025-11-05,C-021,SKU-00012,7,822.00,83.51,Adelaide,R-16,17.68
INV-106896,2024-02-09,C-105,SKU-00016,20,574.00,81.00,Sydney,R-06,21.31
INV-106897,2024-08-22,C-099,SKU-00001,16,569.00,89.76,Perth,R-13,33.70
INV-106898,2024-01-17,C-024,SKU-00037,7,831.00,84.91,Melbourne,R-15,21.75
INV-106899,2025-08-10,C-012,SKU-00018,24,268.00,76.56,Melbourne,R-19,33.27
INV-106900,2024-11-17,C-024,SKU-00018,6,268.00,76.12,Melbourne,R-11,8.35
INV-106901,2024-04-17,C-132,SKU-00009,3,761.00,85.95,Newcastle,R-18,42.95
INV-106902,2025-04-20,C-076,SKU-00056,3,481.00,76.23,Perth,R-22,4.66
INV-106903,2025-10-15,C-376,SKU-00033,16,111.00,81.76,Brisbane,R-25,21.80
INV-106904,2025-07-02,C-004,SKU-00028,5,722.00,82.20,Perth,R-03,9.12
INV-106905,2024-09-18,C-005,SKU-00004,19,340.00,84.93,Brisbane,R-08,35.89
INV-106906,2024-07-12,C-160,SKU-00041,8,612.00,78.56,Melbourne,R-03,20.68
INV-106907,2024-04-19,C-286,SKU-00002,19,592.00,80.18,Brisbane,R-22,7.07
INV-106908,2024-10-02,C-141,SKU-00017,12,69.00,75.72,Perth,R-10,22.51
INV-106909,2024-07-16,C-349,SKU-00015,5,332.00,79.65,Sydney,R-12,24.36
INV-106910,2025-03-01,C-276,SKU-00033,23,111.00,70.67,Perth,R-25,23.84
INV-106911,2024-08-26,C-192,SKU-00021,2,453.00,89.36,Newcastle,R-21,43.66
INV-106912,2024-05-02,C-135,SKU-00052,9,834.00,73.80,Newcastle,R-13,1.77
INV-106913,2025-07-25,C-116,SKU-00048,15,553.00,75.15,Sydney,R-18,32.15
INV-106914,2025-05-06,C-006,SKU-00053,15,589.00,72.75,Sydney,R-27,24.18
INV-106915,2024-05-24,C-055,SKU-00037,11,831.00,77.00,Adelaide,R-03,2.66
INV-106916,2024-06-03,C-202,SKU-00052,8,834.00,84.16,Newcastle,R-10,27.45
INV-106917,2024-09-13,C-369,SKU-00040,8,257.00,88.88,Adelaide,R-06,2.91
INV-106918,2024-12-21,C-008,SKU-00004,22,340.00,75.02,Newcastle,R-18,40.08
INV-106919,2025-08-10,C-379,SKU-00004,23,340.00,81.88,Newcastle,R-26,33.19
INV-106920,2025-05-14,C-037,SKU-00022,21,477.00,77.67,Adelaide,R-13,7.37
INV-106921,2025-09-11,C-362,SKU-00054,2,714.00,76.26,Perth,R-19,27.04
INV-106922,2025-10-10,C-327,SKU-00029,5,291.00,80.55,Adelaide,R-17,2.41
INV-106923,2025-02-05,C-400,SKU-00057,21,143.00,70.77,Newcastle,R-03,11.54
INV-106924,2024-11-17,C-309,SKU-00029,14,291.00,79.66,Adelaide,R-04,34.28
INV-106925,2025-09-05,C-030,SKU-00037,13,831.00,85.93,Brisbane,R-17,14.88
INV-106926,2025-01-04,C-350,SKU-00013,8,52.00,74.00,Perth,R-12,11.65
INV-106927,2025-05-03,C-268,SKU-00049,18,840.00,85.14,Newcastle,R-18,11.54
INV-106928,2025-09-14,C-210,SKU-00017,8,69.00,89.28,Adelaide,R-24,42.53
INV-106929,2024-02-01,C-005,SKU-00031,11,336.00,87.34,Brisbane,R-17,22.87
INV-106930,2025-03-22,C-117,SKU-00045,4,841.00,69.66,Adelaide,R-22,12.84
INV-106931,2025-02-21,C-197,SKU-00020,19,702.00,79.99,Melbourne,R-26,33.22
INV-106932,2024-10-02,C-419,SKU-00002,8,592.00,75.12,Brisbane,R-17,44.25
INV-106933,2025-05-17,C-309,SKU-00011,2,62.00,73.60,Adelaide,R-21,9.97
INV-106934,2024-08-24,C-279,SKU-00033,13,111.00,82.68,Sydney,R-25,32.57
INV-106935,2025-12-07,C-179,SKU-00010,15,27.00,82.05,Newcastle,R-10,35.09
INV-106936,2025-01-12,C-157,SKU-00024,20,208.00,76.40,Sydney,R-17,28.43
INV-106937,2025-05-18,C-225,SKU-00047,13,371.00,81.51,Perth,R-06,3.98
INV-106938,2025-03-24,C-251,SKU-00032,17,60.00,76.16,Perth,R-15,5.10
INV-106939,2025-04-24,C-333,SKU-00018,9,268.00,78.84,Melbourne,R-03,5.25
INV-106940,2024-12-07,C-223,SKU-00027,2,107.00,67.90,Sydney,R-18,4.15
INV-106941,2024-08-14,C-053,SKU-00042,8,292.00,75.12,Perth,R-24,3.64
INV-106942,2025-05-11,C-031,SKU-00041,7,612.00,86.94,Newcastle,R-19,37.56
INV-106943,2024-12-10,C-257,SKU-00019,19,357.00,78.28,Brisbane,R-02,15.32
INV-106944,2025-04-05,C-407,SKU-00004,4,340.00,74.68,Adelaide,R-12,19.98
INV-106945,2025-07-04,C-056,SKU-00034,6,214.00,72.00,Adelaide,R-08,28.47
INV-106946,2024-04-18,C-099,SKU-00004,12,340.00,75.12,Perth,R-04,14.80
INV-106947,2024-03-21,C-335,SKU-00025,13,345.00,76.44,Brisbane,R-24,3.40
INV-106948,2025-11-28,C-232,SKU-00057,11,143.00,72.16,Perth,R-19,14.89
INV-106949,2025-06-26,C-182,SKU-00006,4,428.00,83.48,Perth,R-09,13.88
INV-106950,2025-11-11,C-146,SKU-00008,2,232.00,74.70,Perth,R-16,17.26
INV-106951,2024-02-04,C-214,SKU-00047,23,371.00,86.25,Perth,R-09,27.14
INV-106952,2024-12-11,C-385,SKU-00009,12,761.00,81.84,Sydney,R-02,23.32
INV-106953,2024-01-23,C-297,SKU-00053,4,589.00,85.04,Perth,R-12,25.68
INV-106954,2025-02-27,C-041,SKU-00029,17,291.00,81.77,Adelaide,R-12,31.30
INV-106955,2024-08-16,C-328,SKU-00005,17,643.00,71.40,Newcastle,R-05,36.28
INV-106956,2025-04-28,C-373,SKU-00054,9,714.00,90.00,Newcastle,R-09,14.50
INV-106957,2025-01-25,C-395,SKU-00017,19,69.00,70.30,Sydney,R-04,30.74
INV-106958,2024-09-03,C-165,SKU-00032,10,60.00,76.20,Perth,R-21,36.72
INV-106959,2025-05-27,C-051,SKU-00019,6,357.00,81.54,Newcastle,R-19,23.37
INV-106960,2025-12-12,C-015,SKU-00035,17,571.00,69.75,Sydney,R-02,36.39
INV-106961,2025-10-14,C-256,SKU-00018,23,268.00,80.96,Sydney,R-04,15.01
INV-106962,2025-08-09,C-345,SKU-00024,16,208.00,75.36,Sydney,R-14,34.83
INV-106963,2025-09-17,C-313,SKU-00004,21,340.00,79.38,Sydney,R-07,35.87
INV-106964,2024-11-27,C-353,SKU-00003,7,237.00,80.78,Adelaide,R-21,44.88
INV-106965,2024-06-08,C-023,SKU-00052,4,834.00,73.24,Perth,R-20,44.14
INV-106966,2025-06-17,C-121,SKU-00039,23,204.00,90.85,Newcastle,R-01,35.12
INV-106967,2024-06-07,C-212,SKU-00010,20,27.00,76.40,Perth,R-15,15.68
INV-106968,2024-12-19,C-143,SKU-00007,11,284.00,73.04,Adelaide,R-18,29.58
INV-106969,2025-08-22,C-219,SKU-00037,22,831.00,84.70,Melbourne,R-18,18.52
INV-106970,2024-06-05,C-072,SKU-00041,14,612.00,67.23,Perth,R-11,27.39
INV-106971,2024-06-11,C-289,SKU-00046,13,711.00,80.21,Perth,R-27,9.50
INV-106972,2024-06-12,C-076,SKU-00033,16,111.00,77.92,Perth,R-16,18.55
INV-106973,2025-08-03,C-024,SKU-00016,13,574.00,73.45,Melbourne,R-03,1.36
INV-106974,2025-11-23,C-391,SKU-00041,5,612.00,72.60,Sydney,R-11,5.70
INV-106975,2024-10-09,C-416,SKU-00040,24,257.00,80.88,Melbourne,R-18,27.02
INV-106976,2024-02-07,C-299,SKU-00021,13,453.00,73.84,Brisbane,R-10,38.63
INV-106977,2025-01-27,C-244,SKU-00035,1,571.00,75.77,Perth,R-08,32.17
INV-106978,2024-04-16,C-092,SKU-00053,2,589.00,77.30,Brisbane,R-11,21.52
INV-106979,2024-08-16,C-042,SKU-00014,9,632.00,79.74,Sydney,R-22,1.37
INV-106980,2025-12-25,C-330,SKU-00012,15,822.00,72.86,Brisbane,R-01,15.94
INV-106981,2025-10-03,C-389,SKU-00048,5,553.00,77.65,Perth,R-28,44.93
INV-106982,2025-03-14,C-130,SKU-00040,23,257.00,80.96,Sydney,R-20,28.24
INV-106983,2025-10-27,C-105,SKU-00007,9,284.00,86.58,Sydney,R-24,44.53
INV-106984,2025-11-24,C-281,SKU-00001,12,569.00,80.28,Melbourne,R-07,25.15
INV-106985,2024-03-16,C-079,SKU-00036,13,224.00,82.81,Newcastle,R-23,32.90
INV-106986,2024-08-15,C-135,SKU-00034,12,214.00,76.44,Newcastle,R-11,21.49
INV-106987,2024-02-10,C-149,SKU-00028,9,722.00,75.60,Perth,R-21,43.86
INV-106988,2024-03-07,C-400,SKU-00002,6,592.00,88.20,Newcastle,R-28,8.87
INV-106989,2025-10-05,C-219,SKU-00039,8,204.00,77.28,Melbourne,R-08,30.77
INV-106990,2024-06-20,C-392,SKU-00005,10,643.00,68.08,Sydney,R-28,41.41
INV-106991,2024-11-25,C-154,SKU-00002,11,592.00,78.65,Newcastle,R-10,35.19
INV-106992,2024-02-12,C-298,SKU-00052,15,834.00,78.30,Perth,R-09,14.77
INV-106993,2025-08-21,C-411,SKU-00041,7,612.00,84.00,Perth,R-24,13.35
INV-106994,2024-06-28,C-219,SKU-00024,3,208.00,89.22,Melbourne,R-13,16.90
INV-106995,2024-06-19,C-096,SKU-00045,21,841.00,87.78,Melbourne,R-18,22.95
INV-106996,2025-05-04,C-349,SKU-00019,7,357.00,87.01,Sydney,R-13,9.94
INV-106997,2025-08-15,C-292,SKU-00004,3,340.00,80.04,Perth,R-08,33.68
INV-106998,2025-02-23,C-094,SKU-00016,12,574.00,84.96,Adelaide,R-27,40.69
INV-106999,2025-09-18,C-371,SKU-00015,22,332.00,84.70,Adelaide,R-19,30.08
INV-107000,2024-01-25,C-342,SKU-00006,16,428.00,73.60,Melbourne,R-16,44.31
INV-107001,2024-08-21,C-207,SKU-00050,19,201.00,82.65,Melbourne,R-28,20.54
INV-107002,2024-02-12,C-408,SKU-00032,17,60.00,90.61,Brisbane,R-28,29.93
INV-107003,2025-02-15,C-200,SKU-00017,17,69.00,76.50,Newcastle,R-21,40.34
INV-107004,2025-05-07,C-124,SKU-00022,9,477.00,83.97,Adelaide,R-11,25.55
INV-107005,2025-09-03,C-126,SKU-00044,20,183.00,73.40,Perth,R-21,8.03
INV-107006,2025-09-06,C-090,SKU-00051,3,246.00,83.04,Newcastle,R-11,22.69
INV-107007,2025-01-02,C-346,SKU-00047,11,371.00,72.93,Newcastle,R-08,39.90
INV-107008,2024-07-24,C-212,SKU-00038,17,427.00,77.69,Perth,R-12,23.19
INV-107009,2024-05-01,C-375,SKU-00053,24,589.00,84.48,Newcastle,R-13,35.96
INV-107010,2024-02-18,C-018,SKU-00056,21,481.00,65.11,Melbourne,R-20,7.72
INV-107011,2024-01-02,C-151,SKU-00014,12,632.00,89.52,Melbourne,R-07,22.40
INV-107012,2025-03-24,C-363,SKU-00004,22,340.00,81.18,Perth,R-19,4.46
INV-107013,2024-04-21,C-037,SKU-00057,8,143.00,79.92,Adelaide,R-21,11.75
INV-107014,2025-11-24,C-375,SKU-00048,12,553.00,81.72,Newcastle,R-05,34.84
INV-107015,2024-09-01,C-219,SKU-00050,3,201.00,71.49,Melbourne,R-11,29.48
INV-107016,2024-03-13,C-185,SKU-00044,23,183.00,73.14,Sydney,R-25,23.28
INV-107017,2024-10-11,C-062,SKU-00034,12,214.00,82.68,Perth,R-13,10.49
INV-107018,2024-06-22,C-262,SKU-00031,3,336.00,89.37,Adelaide,R-12,2.71
INV-107019,2024-02-16,C-351,SKU-00003,5,237.00,71.45,Adelaide,R-24,33.22
INV-107020,2024-12-14,C-026,SKU-00018,12,268.00,67.01,Melbourne,R-07,13.06
INV-107021,2024-12-27,C-120,SKU-00023,9,115.00,87.84,Adelaide,R-11,24.37
INV-107022,2024-05-19,C-164,SKU-00033,7,111.00,84.21,Perth,R-21,43.68
INV-107023,2024-04-01,C-370,SKU-00030,16,439.00,72.32,Adelaide,R-26,35.06
INV-107024,2024-10-10,C-182,SKU-00018,6,268.00,77.52,Perth,R-10,4.71
INV-107025,2024-12-02,C-414,SKU-00014,18,632.00,71.46,Melbourne,R-01,6.41
INV-107026,2025-04-01,C-235,SKU-00040,23,257.00,83.49,Brisbane,R-09,21.33
INV-107027,2024-09-15,C-289,SKU-00014,19,632.00,75.81,Perth,R-07,22.79
INV-107028,2025-04-18,C-231,SKU-00021,14,453.00,74.76,Newcastle,R-22,1.18
INV-107029,2024-09-06,C-305,SKU-00057,8,143.00,74.48,Perth,R-27,38.84
INV-107030,2024-03-01,C-158,SKU-00048,24,553.00,75.73,Melbourne,R-14,39.06
INV-107031,2024-05-03,C-173,SKU-00049,4,840.00,84.68,Perth,R-09,1.68
INV-107032,2025-03-06,C-014,SKU-00047,1,371.00,87.57,Sydney,R-09,14.57
INV-107033,2024-04-28,C-230,SKU-00010,24,27.00,84.00,Melbourne,R-14,12.54
INV-107034,2024-01-23,C-344,SKU-00032,12,60.00,88.20,Melbourne,R-25,3.83
INV-107035,2025-11-01,C-189,SKU-00040,3,257.00,80.04,Brisbane,R-04,35.70
INV-107036,2024-12-06,C-406,SKU-00012,22,822.00,74.36,Perth,R-05,7.52
INV-107037,2025-02-08,C-196,SKU-00027,2,107.00,81.52,Adelaide,R-11,6.18
INV-107038,2025-11-07,C-093,SKU-00010,5,27.00,86.50,Perth,R-07,40.70
INV-107039,2024-01-25,C-073,SKU-00021,10,453.00,78.90,Melbourne,R-19,3.56
INV-107040,2025-05-18,C-014,SKU-00030,13,439.00,66.62,Sydney,R-16,42.24
INV-107041,2025-05-08,C-342,SKU-00033,20,111.00,71.40,Melbourne,R-24,11.78
INV-107042,2024-06-20,C-117,SKU-00031,16,336.00,76.00,Adelaide,R-27,20.14
INV-107043,2025-10-02,C-365,SKU-00020,18,702.00,84.60,Adelaide,R-16,26.81
INV-107044,2025-07-08,C-271,SKU-00034,3,214.00,74.19,Brisbane,R-01,0.23
INV-107045,2024-01-26,C-003,SKU-00001,10,569.00,71.10,Newcastle,R-27,5.42
INV-107046,2025-02-21,C-247,SKU-00051,22,246.00,84.92,Sydney,R-14,41.29
INV-107047,2025-09-20,C-319,SKU-00035,7,571.00,87.85,Perth,R-01,5.89
INV-107048,2024-10-10,C-118,SKU-00036,11,224.00,72.93,Brisbane,R-12,35.24
INV-107049,2025-08-21,C-042,SKU-00026,20,405.00,85.60,Sydney,R-27,36.76
INV-107050,2025-02-15,C-389,SKU-00037,17,831.00,73.66,Perth,R-09,38.15
INV-107051,2024-01-13,C-381,SKU-00058,16,513.00,89.92,Perth,R-21,30.19
INV-107052,2024-08-26,C-281,SKU-00044,12,183.00,90.48,Melbourne,R-06,41.14
INV-107053,2025-09-28,C-414,SKU-00024,5,208.00,74.20,Melbourne,R-08,6.47
INV-107054,2024-01-10,C-356,SKU-00053,22,589.00,72.60,Perth,R-22,37.13
INV-107055,2024-01-19,C-310,SKU-00021,12,453.00,75.24,Perth,R-21,34.83
INV-107056,2024-09-02,C-247,SKU-00055,18,703.00,74.52,Sydney,R-21,18.34
INV-107057,2025-06-24,C-226,SKU-00044,22,183.00,89.32,Perth,R-02,28.25
INV-107058,2025-09-17,C-194,SKU-00025,11,345.00,71.83,Brisbane,R-11,30.63
INV-107059,2025-02-14,C-291,SKU-00011,4,62.00,78.20,Melbourne,R-11,40.52
INV-107060,2025-05-27,C-087,SKU-00003,10,237.00,66.98,Melbourne,R-06,34.01
INV-107061,2025-09-11,C-108,SKU-00023,5,115.00,78.80,Perth,R-01,18.76
INV-107062,2025-04-13,C-101,SKU-00022,6,477.00,75.72,Newcastle,R-26,1.70
INV-107063,2025-10-11,C-340,SKU-00007,1,284.00,78.22,Newcastle,R-18,41.87
INV-107064,2025-03-26,C-392,SKU-00033,21,111.00,72.03,Sydney,R-28,5.23
INV-107065,2025-04-14,C-393,SKU-00049,13,840.00,85.93,Sydney,R-11,29.61
INV-107066,2024-10-17,C-130,SKU-00041,3,612.00,70.29,Sydney,R-12,29.28
INV-107067,2024-04-07,C-318,SKU-00035,18,571.00,82.08,Adelaide,R-21,0.32
INV-107068,2025-12-07,C-189,SKU-00025,22,345.00,77.00,Brisbane,R-26,30.65
INV-107069,2025-08-09,C-178,SKU-00053,11,589.00,86.35,Newcastle,R-08,17.70
INV-107070,2024-11-04,C-043,SKU-00031,7,336.00,81.79,Brisbane,R-18,10.29
INV-107071,2024-05-12,C-369,SKU-00047,6,371.00,78.30,Adelaide,R-08,42.59
INV-107072,2025-01-11,C-127,SKU-00028,4,722.00,83.80,Perth,R-27,20.57
INV-107073,2025-08-19,C-264,SKU-00019,7,357.00,71.33,Brisbane,R-04,4.60
INV-107074,2025-04-24,C-217,SKU-00024,7,208.00,76.86,Newcastle,R-14,12.68
INV-107075,2024-07-13,C-287,SKU-00010,9,27.00,79.11,Melbourne,R-02,20.29
INV-107076,2024-07-04,C-359,SKU-00019,20,357.00,83.60,Sydney,R-26,35.97
INV-107077,2024-09-07,C-263,SKU-00020,20,702.00,83.00,Newcastle,R-11,39.62
INV-107078,2024-12-13,C-175,SKU-00009,21,761.00,70.35,Perth,R-07,24.60
INV-107079,2025-12-24,C-036,SKU-00014,4,632.00,79.64,Melbourne,R-12,42.70
INV-107080,2025-11-08,C-196,SKU-00014,1,632.00,77.77,Adelaide,R-03,7.36
INV-107081,2025-01-15,C-174,SKU-00030,1,439.00,82.91,Brisbane,R-08,11.25
INV-107082,2025-07-01,C-075,SKU-00036,5,224.00,72.25,Brisbane,R-24,26.63
INV-107083,2024-09-07,C-416,SKU-00010,9,27.00,88.47,Melbourne,R-03,8.48
INV-107084,2025-06-07,C-377,SKU-00054,15,714.00,83.55,Newcastle,R-18,44.92
INV-107085,2025-08-12,C-039,SKU-00055,23,703.00,72.91,Perth,R-11,20.96
INV-107086,2024-09-08,C-185,SKU-00043,4,320.00,73.56,Sydney,R-28,29.87
INV-107087,2024-11-20,C-339,SKU-00017,10,69.00,74.30,Adelaide,R-21,35.85
INV-107088,2025-05-06,C-250,SKU-00010,2,27.00,77.14,Perth,R-25,5.02
INV-107089,2024-11-04,C-170,SKU-00001,22,569.00,88.66,Brisbane,R-28,18.61
INV-107090,2024-03-09,C-011,SKU-00034,3,214.00,74.24,Melbourne,R-24,17.95
INV-107091,2025-02-24,C-047,SKU-00030,18,439.00,72.00,Perth,R-17,11.47
INV-107092,2025-12-15,C-227,SKU-00051,16,246.00,73.60,Adelaide,R-07,24.18
INV-107093,2024-12-08,C-252,SKU-00057,17,143.00,70.38,Brisbane,R-22,36.16
INV-107094,2025-02-20,C-337,SKU-00058,22,513.00,76.34,Sydney,R-09,15.86
INV-107095,2025-10-26,C-218,SKU-00043,4,320.00,82.68,Newcastle,R-28,20.47
INV-107096,2024-04-26,C-404,SKU-00052,10,834.00,76.60,Adelaide,R-02,29.02
INV-107097,2024-03-15,C-226,SKU-00032,24,60.00,84.24,Perth,R-08,41.95
INV-107098,2024-12-26,C-157,SKU-00042,6,292.00,78.78,Sydney,R-06,19.45
INV-107099,2025-08-05,C-028,SKU-00038,3,427.00,72.63,Melbourne,R-26,33.27
INV-107100,2024-04-26,C-367,SKU-00003,18,237.00,77.67,Melbourne,R-12,12.20
INV-107101,2025-06-19,C-153,SKU-00041,16,612.00,75.20,Perth,R-11,14.13
INV-107102,2025-09-13,C-226,SKU-00040,16,257.00,83.20,Perth,R-15,2.12
INV-107103,2025-04-13,C-154,SKU-00005,13,643.00,75.27,Newcastle,R-21,31.30
INV-107104,2025-03-08,C-195,SKU-00009,11,761.00,83.05,Melbourne,R-16,19.52
INV-107105,2024-11-10,C-240,SKU-00040,13,257.00,81.64,Adelaide,R-14,30.88
INV-107106,2024-01-23,C-238,SKU-00041,3,612.00,72.12,Adelaide,R-10,40.28
INV-107107,2025-11-05,C-114,SKU-00015,2,332.00,89.74,Sydney,R-11,21.86
INV-107108,2024-04-15,C-069,SKU-00044,17,183.00,79.56,Sydney,R-20,27.21
INV-107109,2025-01-17,C-159,SKU-00024,9,208.00,73.53,Melbourne,R-07,39.55
INV-107110,2025-09-07,C-033,SKU-00053,15,589.00,65.41,Adelaide,R-10,21.68
INV-107111,2024-03-26,C-363,SKU-00017,1,69.00,80.35,Perth,R-01,23.25
INV-107112,2024-07-26,C-011,SKU-00034,8,214.00,76.40,Melbourne,R-24,9.43
INV-107113,2025-12-25,C-161,SKU-00054,9,714.00,78.12,Perth,R-18,21.38
INV-107114,2025-10-08,C-377,SKU-00051,18,246.00,79.20,Newcastle,R-04,16.86
INV-107115,2024-07-23,C-054,SKU-00048,9,553.00,79.56,Brisbane,R-14,31.70
INV-107116,2025-02-28,C-378,SKU-00049,22,840.00,75.24,Melbourne,R-25,41.65
INV-107117,2025-09-17,C-284,SKU-00017,3,69.00,89.61,Melbourne,R-26,18.16
INV-107118,2025-01-18,C-292,SKU-00048,12,553.00,86.88,Perth,R-25,24.90
INV-107119,2024-10-09,C-063,SKU-00011,10,62.00,79.40,Sydney,R-24,2.62
INV-107120,2025-02-27,C-316,SKU-00048,7,553.00,71.61,Adelaide,R-20,14.69
INV-107121,2024-02-05,C-258,SKU-00012,3,822.00,81.75,Perth,R-26,24.49
INV-107122,2025-05-27,C-059,SKU-00001,21,569.00,83.58,Perth,R-25,28.94
INV-107123,2025-10-05,C-052,SKU-00017,20,69.00,89.00,Newcastle,R-02,17.47
INV-107124,2025-03-09,C-410,SKU-00038,4,427.00,72.04,Brisbane,R-20,23.69
INV-107125,2024-10-04,C-395,SKU-00047,18,371.00,74.88,Sydney,R-11,23.94
INV-107126,2024-09-24,C-126,SKU-00018,2,268.00,76.24,Perth,R-02,44.21
INV-107127,2025-07-22,C-364,SKU-00044,8,183.00,89.52,Sydney,R-04,17.79
INV-107128,2025-05-23,C-387,SKU-00035,20,571.00,84.00,Sydney,R-01,32.95
INV-107129,2024-06-27,C-393,SKU-00057,20,143.00,72.20,Sydney,R-23,9.86
INV-107130,2024-07-22,C-178,SKU-00019,15,357.00,78.80,Newcastle,R-11,9.85
INV-107131,2024-01-04,C-245,SKU-00027,4,107.00,86.36,Perth,R-23,31.84
INV-107132,2025-07-03,C-130,SKU-00058,10,513.00,83.30,Sydney,R-13,30.95
INV-107133,2025-02-10,C-059,SKU-00046,11,711.00,80.41,Perth,R-13,20.13
INV-107134,2025-02-13,C-305,SKU-00048,24,553.00,77.76,Perth,R-27,12.06
INV-107135,2024-05-12,C-332,SKU-00050,23,201.00,72.68,Perth,R-19,40.26
INV-107136,2025-07-01,C-326,SKU-00037,1,831.00,90.27,Adelaide,R-18,11.55
INV-107137,2025-01-13,C-336,SKU-00006,6,428.00,85.80,Perth,R-11,34.48
INV-107138,2025-12-04,C-072,SKU-00015,3,332.00,84.45,Perth,R-05,26.11
INV-107139,2024-07-02,C-133,SKU-00008,11,232.00,85.47,Brisbane,R-22,17.37
INV-107140,2024-02-12,C-026,SKU-00004,23,340.00,81.89,Melbourne,R-13,11.56
INV-107141,2024-05-19,C-310,SKU-00005,23,643.00,73.14,Perth,R-13,44.17
INV-107142,2024-12-04,C-306,SKU-00026,18,405.00,72.00,Brisbane,R-05,7.29
INV-107143,2025-11-22,C-229,SKU-00004,5,340.00,83.15,Brisbane,R-13,1.72
INV-107144,2025-05-25,C-260,SKU-00047,8,371.00,88.96,Sydney,R-16,39.01
INV-107145,2024-07-05,C-411,SKU-00019,4,357.00,85.68,Perth,R-10,5.22
INV-107146,2024-02-19,C-073,SKU-00028,8,722.00,89.76,Melbourne,R-04,20.28
INV-107147,2025-09-24,C-409,SKU-00003,9,237.00,80.28,Sydney,R-06,30.41
INV-107148,2024-12-28,C-040,SKU-00012,20,822.00,89.00,Melbourne,R-22,27.67
INV-107149,2025-03-17,C-292,SKU-00006,13,428.00,88.79,Perth,R-18,38.57
INV-107150,2025-06-22,C-128,SKU-00010,2,27.00,67.14,Newcastle,R-13,21.91
INV-107151,2024-02-27,C-246,SKU-00028,1,722.00,70.43,Newcastle,R-01,21.68
INV-107152,2024-01-19,C-387,SKU-00020,24,702.00,87.12,Sydney,R-10,0.36
INV-107153,2024-04-08,C-010,SKU-00042,3,292.00,88.11,Perth,R-26,20.14
INV-107154,2025-03-06,C-078,SKU-00035,5,571.00,82.40,Newcastle,R-07,14.33
INV-107155,2024-01-09,C-134,SKU-00013,7,52.00,84.35,Melbourne,R-11,39.49
INV-107156,2025-02-11,C-418,SKU-00055,1,703.00,85.21,Brisbane,R-27,37.41
INV-107157,2024-02-05,C-140,SKU-00009,16,761.00,76.32,Sydney,R-22,39.80
INV-107158,2024-10-03,C-299,SKU-00048,20,553.00,73.20,Brisbane,R-05,28.18
INV-107159,2025-08-10,C-281,SKU-00034,20,214.00,80.00,Melbourne,R-05,43.95
INV-107160,2024-04-06,C-213,SKU-00003,24,237.00,69.11,Brisbane,R-15,42.85
INV-107161,2024-01-27,C-114,SKU-00042,10,292.00,73.70,Sydney,R-19,16.20
INV-107162,2025-11-20,C-305,SKU-00005,21,643.00,70.98,Perth,R-26,34.27
INV-107163,2025-09-19,C-184,SKU-00011,6,62.00,75.72,Brisbane,R-23,32.79
INV-107164,2024-05-02,C-250,SKU-00020,22,702.00,77.44,Perth,R-22,39.09
INV-107165,2024-10-14,C-361,SKU-00013,12,52.00,78.12,Melbourne,R-19,3.73
INV-107166,2025-09-27,C-329,SKU-00026,10,405.00,83.40,Newcastle,R-19,37.88
INV-107167,2024-01-04,C-168,SKU-00011,13,62.00,86.97,Brisbane,R-06,38.08
INV-107168,2024-04-28,C-234,SKU-00033,21,111.00,75.18,Adelaide,R-01,39.62
INV-107169,2025-01-04,C-135,SKU-00021,22,453.00,89.98,Newcastle,R-25,44.83
INV-107170,2024-09-14,C-234,SKU-00039,12,204.00,70.55,Adelaide,R-13,20.94
INV-107171,2024-11-19,C-251,SKU-00009,5,761.00,78.05,Perth,R-23,14.22
INV-107172,2024-07-10,C-302,SKU-00011,22,62.00,78.98,Adelaide,R-01,25.99
INV-107173,2024-08-24,C-064,SKU-00020,19,702.00,72.39,Newcastle,R-02,38.47
INV-107174,2024-10-17,C-315,SKU-00055,20,703.00,78.60,Brisbane,R-03,8.26
INV-107175,2024-01-08,C-042,SKU-00004,8,340.00,87.12,Sydney,R-04,20.36
INV-107176,2024-04-28,C-070,SKU-00058,20,513.00,78.60,Adelaide,R-06,28.87
INV-107177,2024-02-19,C-403,SKU-00010,1,27.00,74.53,Perth,R-10,38.54
INV-107178,2024-08-24,C-410,SKU-00002,16,592.00,76.96,Brisbane,R-09,5.77
INV-107179,2025-10-15,C-035,SKU-00022,4,477.00,79.16,Newcastle,R-08,21.48
INV-107180,2025-04-01,C-310,SKU-00029,10,291.00,75.90,Perth,R-07,35.62
INV-107181,2024-11-01,C-407,SKU-00043,19,320.00,83.98,Adelaide,R-19,5.88
INV-107182,2025-02-12,C-098,SKU-00026,15,405.00,73.65,Adelaide,R-24,43.79
INV-107183,2025-02-20,C-406,SKU-00003,19,237.00,90.06,Perth,R-16,25.15
INV-107184,2025-12-17,C-414,SKU-00035,9,571.00,72.36,Melbourne,R-09,31.41
INV-107185,2024-02-11,C-175,SKU-00029,8,291.00,74.80,Perth,R-26,9.78
INV-107186,2025-05-25,C-329,SKU-00053,3,589.00,72.39,Newcastle,R-04,12.18
INV-107187,2025-05-14,C-096,SKU-00048,2,553.00,87.88,Melbourne,R-13,31.10
INV-107188,2025-01-09,C-058,SKU-00009,3,761.00,75.96,Adelaide,R-17,22.73
INV-107189,2025-05-28,C-268,SKU-00030,1,439.00,86.74,Newcastle,R-17,34.26
INV-107190,2024-04-19,C-101,SKU-00012,6,822.00,66.41,Newcastle,R-26,13.58
INV-107191,2024-02-20,C-117,SKU-00026,3,405.00,72.51,Adelaide,R-21,27.39
INV-107192,2025-02-23,C-419,SKU-00033,15,111.00,77.85,Brisbane,R-06,35.23
INV-107193,2024-01-03,C-295,SKU-00003,5,237.00,86.80,Perth,R-26,27.63
INV-107194,2025-06-19,C-065,SKU-00011,20,62.00,80.00,Adelaide,R-10,32.53
INV-107195,2024-07-12,C-083,SKU-00007,1,284.00,86.83,Adelaide,R-02,42.17
INV-107196,2024-08-04,C-328,SKU-00041,17,612.00,89.25,Newcastle,R-12,42.90
INV-107197,2025-08-11,C-201,SKU-00044,15,183.00,81.60,Perth,R-08,25.33
INV-107198,2024-04-28,C-420,SKU-00008,19,232.00,84.74,Perth,R-11,37.59
INV-107199,2024-10-13,C-345,SKU-00013,6,52.00,83.88,Sydney,R-21,41.55
INV-107200,2025-05-27,C-275,SKU-00035,18,571.00,78.99,Adelaide,R-04,5.48
INV-107201,2024-06-09,C-158,SKU-00056,22,481.00,80.74,Melbourne,R-26,36.86
INV-107202,2025-09-27,C-129,SKU-00002,6,592.00,82.08,Adelaide,R-28,8.88
INV-107203,2025-03-11,C-417,SKU-00051,1,246.00,78.31,Perth,R-28,0.74
INV-107204,2025-02-27,C-166,SKU-00032,22,60.00,73.26,Adelaide,R-17,30.33
INV-107205,2025-03-05,C-257,SKU-00047,18,371.00,72.18,Brisbane,R-18,1.38
INV-107206,2025-07-28,C-385,SKU-00007,4,284.00,90.08,Sydney,R-26,20.35
INV-107207,2024-09-26,C-157,SKU-00027,11,107.00,84.15,Sydney,R-24,27.96
INV-107208,2024-04-05,C-341,SKU-00050,15,201.00,72.30,Perth,R-02,23.53
INV-107209,2025-10-25,C-144,SKU-00033,16,111.00,74.24,Newcastle,R-16,18.09
INV-107210,2025-12-09,C-004,SKU-00025,6,345.00,79.65,Perth,R-21,13.52
INV-107211,2025-12-08,C-079,SKU-00020,15,702.00,77.10,Newcastle,R-17,0.76
INV-107212,2025-01-15,C-243,SKU-00013,5,52.00,88.90,Melbourne,R-24,25.77
INV-107213,2024-03-26,C-371,SKU-00031,18,336.00,71.10,Adelaide,R-13,41.42
INV-107214,2025-10-13,C-133,SKU-00034,1,214.00,89.20,Brisbane,R-07,11.33
INV-107215,2024-01-08,C-085,SKU-00041,22,612.00,84.04,Newcastle,R-12,35.91
INV-107216,2024-12-05,C-210,SKU-00004,2,340.00,81.84,Adelaide,R-17,41.96
INV-107217,2024-05-18,C-181,SKU-00032,16,60.00,73.60,Perth,R-13,39.98
INV-107218,2024-04-19,C-214,SKU-00037,22,831.00,90.42,Perth,R-28,38.63
INV-107219,2024-09-07,C-080,SKU-00040,2,257.00,75.50,Newcastle,R-12,26.72
INV-107220,2025-02-23,C-086,SKU-00027,5,107.00,74.93,Perth,R-24,17.25
INV-107221,2024-12-24,C-198,SKU-00039,10,204.00,78.50,Melbourne,R-01,39.24
INV-107222,2024-12-07,C-080,SKU-00028,16,722.00,84.32,Newcastle,R-10,2.93
INV-107223,2025-11-07,C-135,SKU-00052,16,834.00,76.96,Newcastle,R-20,26.62
INV-107224,2025-12-22,C-069,SKU-00031,15,336.00,90.30,Sydney,R-04,12.53
INV-107225,2025-07-11,C-233,SKU-00020,19,702.00,78.85,Sydney,R-27,29.70
INV-107226,2025-12-08,C-304,SKU-00040,23,257.00,74.29,Melbourne,R-08,10.86
INV-107227,2025-03-12,C-228,SKU-00037,3,831.00,79.29,Perth,R-18,7.99
INV-107228,2025-11-17,C-160,SKU-00030,4,439.00,73.00,Melbourne,R-04,30.93
INV-107229,2024-04-25,C-095,SKU-00050,15,201.00,90.30,Sydney,R-22,10.37
INV-107230,2025-12-04,C-153,SKU-00008,10,232.00,82.52,Perth,R-26,40.43
INV-107231,2024-12-28,C-212,SKU-00049,11,840.00,71.50,Perth,R-13,3.93
INV-107232,2024-11-19,C-101,SKU-00018,6,268.00,83.88,Newcastle,R-25,18.20
INV-107233,2024-09-23,C-261,SKU-00049,23,840.00,70.38,Brisbane,R-04,10.79
INV-107234,2025-07-09,C-192,SKU-00021,24,453.00,71.52,Newcastle,R-13,30.95
INV-107235,2024-04-27,C-196,SKU-00019,11,357.00,87.34,Adelaide,R-19,38.51
INV-107236,2024-05-28,C-274,SKU-00033,21,111.00,82.32,Newcastle,R-12,4.38
INV-107237,2025-09-05,C-216,SKU-00048,13,553.00,73.58,Brisbane,R-12,6.04
INV-107238,2024-03-25,C-250,SKU-00048,16,553.00,87.68,Perth,R-17,9.46
INV-107239,2025-09-03,C-134,SKU-00012,3,822.00,89.52,Melbourne,R-06,5.78
INV-107240,2025-07-03,C-316,SKU-00046,1,711.00,74.30,Adelaide,R-13,40.12
INV-107241,2024-07-12,C-340,SKU-00053,14,589.00,78.40,Newcastle,R-18,1.38
INV-107242,2024-09-06,C-112,SKU-00034,3,214.00,77.88,Brisbane,R-27,11.12
INV-107243,2025-12-06,C-042,SKU-00022,6,477.00,86.28,Sydney,R-22,23.08
INV-107244,2024-09-05,C-020,SKU-00009,4,761.00,87.40,Perth,R-10,32.07
INV-107245,2025-04-28,C-188,SKU-00016,4,574.00,81.84,Perth,R-10,16.69
INV-107246,2024-07-06,C-120,SKU-00006,24,428.00,79.68,Adelaide,R-24,23.69
INV-107247,2024-03-19,C-129,SKU-00001,16,569.00,78.40,Adelaide,R-03,35.47
INV-107248,2024-11-05,C-092,SKU-00006,18,428.00,73.98,Brisbane,R-09,34.89
INV-107249,2024-07-28,C-298,SKU-00022,1,477.00,73.09,Perth,R-02,26.54
INV-107250,2024-04-25,C-142,SKU-00013,24,52.00,75.29,Melbourne,R-19,9.74
INV-107251,2025-03-10,C-167,SKU-00043,13,320.00,74.36,Sydney,R-02,9.12
INV-107252,2024-04-18,C-287,SKU-00010,14,27.00,81.34,Melbourne,R-13,17.76
INV-107253,2025-08-22,C-215,SKU-00028,8,722.00,72.48,Newcastle,R-06,6.71
INV-107254,2025-05-07,C-290,SKU-00015,5,332.00,72.20,Perth,R-06,33.76
INV-107255,2024-01-18,C-401,SKU-00055,14,703.00,75.60,Perth,R-08,19.12
INV-107256,2025-12-14,C-190,SKU-00054,18,714.00,90.54,Adelaide,R-07,43.22
INV-107257,2024-09-18,C-171,SKU-00038,22,427.00,76.34,Sydney,R-25,42.73
INV-107258,2024-06-23,C-035,SKU-00058,4,513.00,78.08,Newcastle,R-21,44.20
INV-107259,2024-03-24,C-404,SKU-00010,18,27.00,87.30,Adelaide,R-02,28.88
INV-107260,2025-05-18,C-396,SKU-00033,15,111.00,66.10,Adelaide,R-15,25.70
INV-107261,2024-06-26,C-243,SKU-00055,9,703.00,79.38,Melbourne,R-28,31.83
INV-107262,2025-07-27,C-240,SKU-00008,8,232.00,77.04,Adelaide,R-05,44.57
INV-107263,2025-11-27,C-106,SKU-00028,20,722.00,86.00,Sydney,R-15,36.34
INV-107264,2024-11-13,C-112,SKU-00030,10,439.00,90.20,Brisbane,R-10,11.93
INV-107265,2025-11-28,C-287,SKU-00023,14,115.00,77.14,Melbourne,R-28,30.82
INV-107266,2024-05-05,C-066,SKU-00040,22,257.00,82.72,Adelaide,R-27,15.70
INV-107267,2024-09-16,C-294,SKU-00023,14,115.00,70.98,Melbourne,R-17,25.50
INV-107268,2025-03-08,C-409,SKU-00001,21,569.00,84.84,Sydney,R-13,13.24
INV-107269,2025-08-08,C-107,SKU-00043,5,320.00,83.85,Melbourne,R-19,22.14
INV-107270,2024-01-25,C-163,SKU-00016,5,574.00,73.28,Newcastle,R-27,14.08
INV-107271,2025-11-22,C-037,SKU-00038,20,427.00,74.40,Adelaide,R-13,34.02
INV-107272,2024-02-24,C-347,SKU-00014,22,632.00,70.62,Brisbane,R-27,7.29
INV-107273,2025-06-02,C-225,SKU-00058,20,513.00,72.80,Perth,R-12,3.00
INV-107274,2025-10-23,C-381,SKU-00015,9,332.00,81.72,Perth,R-04,25.52
INV-107275,2024-02-02,C-394,SKU-00043,20,320.00,88.40,Adelaide,R-09,0.72
INV-107276,2024-06-12,C-372,SKU-00001,19,569.00,78.85,Melbourne,R-10,11.03
INV-107277,2024-10-26,C-204,SKU-00007,7,284.00,75.95,Perth,R-24,8.61
INV-107278,2025-03-13,C-206,SKU-00010,24,27.00,78.72,Newcastle,R-04,28.23
INV-107279,2024-12-08,C-112,SKU-00027,6,107.00,90.66,Brisbane,R-19,2.94
INV-107280,2025-03-14,C-238,SKU-00030,24,439.00,80.15,Adelaide,R-22,42.93
INV-107281,2025-10-27,C-213,SKU-00014,5,632.00,76.35,Brisbane,R-10,19.66
INV-107282,2025-02-25,C-095,SKU-00045,2,841.00,74.74,Sydney,R-04,3.75
INV-107283,2024-12-06,C-023,SKU-00055,5,703.00,76.15,Perth,R-18,21.24
INV-107284,2025-05-10,C-035,SKU-00054,17,714.00,85.17,Newcastle,R-19,39.79
INV-107285,2024-06-07,C-158,SKU-00049,2,840.00,75.84,Melbourne,R-21,7.71
INV-107286,2024-09-09,C-040,SKU-00033,22,111.00,84.92,Melbourne,R-14,39.72
INV-107287,2024-12-14,C-147,SKU-00037,7,831.00,75.60,Sydney,R-01,13.66
INV-107288,2024-11-23,C-136,SKU-00028,23,722.00,70.84,Sydney,R-25,42.07
INV-107289,2024-10-27,C-007,SKU-00055,24,703.00,90.72,Adelaide,R-22,0.21
INV-107290,2024-07-04,C-101,SKU-00010,3,27.00,69.94,Newcastle,R-09,16.83
INV-107291,2024-07-07,C-075,SKU-00031,11,336.00,89.76,Brisbane,R-28,2.27
INV-107292,2024-12-02,C-221,SKU-00036,9,224.00,83.61,Newcastle,R-14,13.44
INV-107293,2024-11-07,C-222,SKU-00048,23,553.00,73.37,Melbourne,R-20,37.84
INV-107294,2025-04-22,C-378,SKU-00020,13,702.00,72.41,Melbourne,R-27,33.14
INV-107295,2024-12-13,C-354,SKU-00033,5,111.00,83.45,Perth,R-25,27.63
INV-107296,2025-07-22,C-328,SKU-00031,22,336.00,85.80,Newcastle,R-26,38.10
INV-107297,2024-12-23,C-114,SKU-00001,8,569.00,72.56,Sydney,R-01,38.18
INV-107298,2025-11-25,C-357,SKU-00045,4,841.00,71.88,Newcastle,R-17,23.18
INV-107299,2024-06-22,C-152,SKU-00013,12,52.00,89.64,Melbourne,R-01,31.56
INV-107300,2024-10-04,C-132,SKU-00013,17,52.00,68.35,Newcastle,R-10,2.44
INV-107301,2024-12-27,C-214,SKU-00025,5,345.00,74.75,Perth,R-01,9.71
INV-107302,2024-09-10,C-232,SKU-00033,8,111.00,80.08,Perth,R-08,43.33
INV-107303,2025-09-04,C-272,SKU-00007,8,284.00,73.76,Adelaide,R-17,16.94
INV-107304,2025-08-24,C-017,SKU-00034,24,214.00,77.76,Adelaide,R-22,6.02
INV-107305,2025-03-21,C-102,SKU-00029,22,291.00,81.84,Adelaide,R-18,20.00
INV-107306,2025-06-15,C-098,SKU-00032,24,60.00,86.64,Adelaide,R-27,7.99
INV-107307,2025-07-15,C-364,SKU-00024,4,208.00,80.04,Sydney,R-21,39.98
INV-107308,2024-01-02,C-141,SKU-00025,5,345.00,80.40,Perth,R-27,17.49
INV-107309,2024-07-23,C-228,SKU-00047,21,371.00,71.82,Perth,R-24,43.41
INV-107310,2024-02-16,C-292,SKU-00053,12,589.00,82.25,Perth,R-14,4.75
INV-107311,2025-09-15,C-416,SKU-00016,14,574.00,83.30,Melbourne,R-05,33.84
INV-107312,2024-07-25,C-159,SKU-00012,7,822.00,81.90,Melbourne,R-24,44.40
INV-107313,2024-03-07,C-241,SKU-00029,5,291.00,80.25,Newcastle,R-09,2.35
INV-107314,2025-10-01,C-291,SKU-00036,9,224.00,90.18,Melbourne,R-11,39.14
INV-107315,2024-02-09,C-078,SKU-00023,8,115.00,78.48,Newcastle,R-25,20.66
INV-107316,2025-10-22,C-100,SKU-00038,22,427.00,72.38,Brisbane,R-25,30.26
INV-107317,2025-09-03,C-368,SKU-00016,15,574.00,78.75,Sydney,R-03,31.96
INV-107318,2024-04-20,C-172,SKU-00010,2,27.00,74.26,Newcastle,R-20,19.19
INV-107319,2025-07-25,C-203,SKU-00007,10,284.00,79.50,Sydney,R-20,16.09
INV-107320,2025-05-09,C-281,SKU-00007,11,284.00,70.84,Melbourne,R-08,13.84
INV-107321,2025-02-01,C-023,SKU-00039,4,204.00,81.12,Perth,R-20,17.40
INV-107322,2025-05-24,C-294,SKU-00002,15,592.00,77.85,Melbourne,R-18,33.70
INV-107323,2024-03-02,C-174,SKU-00003,18,237.00,75.24,Brisbane,R-18,43.40
INV-107324,2025-06-03,C-401,SKU-00016,15,574.00,77.85,Perth,R-05,23.39
INV-107325,2024-06-10,C-048,SKU-00037,6,831.00,78.60,Newcastle,R-14,5.74
INV-107326,2024-05-04,C-203,SKU-00049,16,840.00,79.52,Sydney,R-10,27.11
INV-107327,2024-06-27,C-079,SKU-00040,2,257.00,85.74,Newcastle,R-12,40.01
INV-107328,2025-02-25,C-254,SKU-00041,21,612.00,77.28,Sydney,R-15,21.04
INV-107329,2025-12-17,C-181,SKU-00014,17,632.00,70.38,Perth,R-03,34.91
INV-107330,2024-03-15,C-294,SKU-00038,11,427.00,73.37,Melbourne,R-27,28.09
INV-107331,2024-02-23,C-172,SKU-00013,12,52.00,73.44,Newcastle,R-14,2.03
INV-107332,2025-08-12,C-328,SKU-00007,17,284.00,74.97,Newcastle,R-01,13.77
INV-107333,2024-04-10,C-029,SKU-00013,3,52.00,73.14,Adelaide,R-02,3.57
INV-107334,2024-12-17,C-207,SKU-00020,2,702.00,76.30,Melbourne,R-16,22.70
INV-107335,2025-08-15,C-391,SKU-00001,18,569.00,89.10,Sydney,R-26,35.83
INV-107336,2024-02-11,C-166,SKU-00030,16,439.00,76.80,Adelaide,R-05,18.06
INV-107337,2025-09-10,C-178,SKU-00021,8,453.00,75.04,Newcastle,R-12,30.97
INV-107338,2025-01-28,C-252,SKU-00006,9,428.00,73.89,Brisbane,R-16,11.37
INV-107339,2025-08-07,C-388,SKU-00034,8,214.00,79.28,Adelaide,R-19,7.97
INV-107340,2025-12-13,C-007,SKU-00027,19,107.00,65.55,Adelaide,R-08,2.12
INV-107341,2025-03-13,C-224,SKU-00043,20,320.00,78.00,Sydney,R-15,32.80
INV-107342,2025-09-17,C-157,SKU-00020,8,702.00,72.16,Sydney,R-26,36.89
INV-107343,2024-06-17,C-398,SKU-00050,10,201.00,86.10,Adelaide,R-01,17.24
INV-107344,2024-12-19,C-341,SKU-00056,24,481.00,72.24,Perth,R-27,15.42
INV-107345,2024-09-09,C-392,SKU-00019,22,357.00,76.12,Sydney,R-06,11.51
INV-107346,2024-08-02,C-294,SKU-00007,1,284.00,77.43,Melbourne,R-25,28.40
INV-107347,2025-12-14,C-043,SKU-00015,5,332.00,83.50,Brisbane,R-05,12.19
INV-107348,2025-08-12,C-026,SKU-00020,8,702.00,75.28,Melbourne,R-22,14.33
INV-107349,2024-09-05,C-165,SKU-00048,9,553.00,72.36,Perth,R-17,22.49
INV-107350,2025-04-21,C-284,SKU-00006,7,428.00,69.62,Melbourne,R-22,25.07
INV-107351,2025-01-24,C-191,SKU-00046,6,711.00,76.44,Newcastle,R-16,9.13
INV-107352,2024-08-27,C-264,SKU-00020,6,702.00,77.76,Brisbane,R-08,31.22
INV-107353,2025-08-16,C-188,SKU-00037,5,831.00,78.50,Perth,R-20,36.90
INV-107354,2025-07-20,C-219,SKU-00048,1,553.00,88.84,Melbourne,R-26,1.32
INV-107355,2024-09-16,C-017,SKU-00042,11,292.00,75.68,Adelaide,R-27,29.33
INV-107356,2025-02-23,C-118,SKU-00028,18,722.00,71.10,Brisbane,R-26,14.16
INV-107357,2024-03-03,C-157,SKU-00016,14,574.00,84.14,Sydney,R-15,4.69
INV-107358,2024-07-07,C-361,SKU-00046,12,711.00,79.56,Melbourne,R-22,12.48
INV-107359,2024-07-13,C-137,SKU-00035,21,571.00,75.81,Perth,R-14,42.52
INV-107360,2025-03-22,C-047,SKU-00054,7,714.00,82.05,Perth,R-03,19.49
INV-107361,2025-10-20,C-008,SKU-00041,15,612.00,84.90,Newcastle,R-28,0.63
INV-107362,2024-07-07,C-044,SKU-00038,19,427.00,77.90,Brisbane,R-13,17.30
INV-107363,2024-01-21,C-222,SKU-00045,10,841.00,77.30,Melbourne,R-10,1.65
INV-107364,2025-04-28,C-412,SKU-00039,16,204.00,75.84,Newcastle,R-20,33.97
INV-107365,2025-09-17,C-022,SKU-00055,15,703.00,79.50,Adelaide,R-21,21.27
INV-107366,2024-08-21,C-186,SKU-00058,15,513.00,82.95,Brisbane,R-19,29.21
INV-107367,2024-09-26,C-290,SKU-00058,7,513.00,73.36,Perth,R-14,11.64
INV-107368,2025-02-06,C-326,SKU-00020,14,702.00,71.96,Adelaide,R-28,38.43
INV-107369,2024-03-24,C-121,SKU-00032,14,60.00,79.66,Newcastle,R-22,38.29
INV-107370,2024-01-20,C-046,SKU-00024,7,208.00,79.28,Perth,R-28,8.33
INV-107371,2024-04-25,C-103,SKU-00048,19,553.00,78.47,Sydney,R-23,36.38
INV-107372,2024-10-09,C-219,SKU-00017,17,69.00,75.14,Melbourne,R-01,32.42
INV-107373,2025-06-14,C-245,SKU-00007,13,284.00,80.47,Perth,R-28,13.93
INV-107374,2024-05-15,C-343,SKU-00007,6,284.00,73.08,Newcastle,R-09,33.49
INV-107375,2025-07-06,C-324,SKU-00033,24,111.00,73.20,Newcastle,R-19,27.51
INV-107376,2025-04-20,C-007,SKU-00054,17,714.00,73.44,Adelaide,R-12,19.37
INV-107377,2025-06-04,C-327,SKU-00032,24,60.00,70.56,Adelaide,R-18,22.56
INV-107378,2025-12-22,C-270,SKU-00030,22,439.00,85.80,Newcastle,R-21,40.28
INV-107379,2024-07-15,C-166,SKU-00045,14,841.00,79.38,Adelaide,R-26,1.58
INV-107380,2024-05-03,C-381,SKU-00037,5,831.00,65.32,Perth,R-24,19.29
INV-107381,2024-06-27,C-023,SKU-00005,22,643.00,70.84,Perth,R-14,25.17
INV-107382,2024-07-03,C-081,SKU-00034,19,214.00,78.47,Sydney,R-27,5.16
INV-107383,2025-12-21,C-345,SKU-00023,23,115.00,77.51,Sydney,R-13,26.56
INV-107384,2024-11-02,C-257,SKU-00056,22,481.00,74.58,Brisbane,R-19,25.45
INV-107385,2024-08-07,C-199,SKU-00030,1,439.00,82.47,Newcastle,R-12,3.02
INV-107386,2024-04-17,C-254,SKU-00030,20,439.00,89.00,Sydney,R-01,17.68
INV-107387,2025-04-05,C-017,SKU-00003,22,237.00,87.78,Adelaide,R-25,28.19
INV-107388,2024-04-27,C-213,SKU-00036,14,224.00,80.50,Brisbane,R-02,34.71
INV-107389,2025-04-27,C-187,SKU-00003,13,237.00,77.87,Brisbane,R-19,18.08
INV-107390,2024-02-13,C-195,SKU-00047,23,371.00,73.64,Melbourne,R-02,8.04
INV-107391,2024-03-15,C-336,SKU-00041,8,612.00,72.56,Perth,R-06,8.09
INV-107392,2024-07-28,C-250,SKU-00035,19,571.00,70.68,Perth,R-10,40.05
INV-107393,2025-04-17,C-287,SKU-00026,4,405.00,79.08,Melbourne,R-20,6.94
INV-107394,2024-05-20,C-118,SKU-00025,24,345.00,70.80,Brisbane,R-06,4.48
INV-107395,2024-02-16,C-157,SKU-00040,6,257.00,76.56,Sydney,R-04,17.45
INV-107396,2025-07-26,C-205,SKU-00055,23,703.00,75.90,Sydney,R-20,2.16
INV-107397,2025-10-17,C-037,SKU-00029,1,291.00,73.72,Adelaide,R-17,41.50
INV-107398,2025-07-08,C-161,SKU-00019,14,357.00,75.74,Perth,R-05,23.10
INV-107399,2024-07-21,C-221,SKU-00010,1,27.00,75.11,Newcastle,R-02,28.73
INV-107400,2025-06-10,C-113,SKU-00011,14,62.00,65.95,Brisbane,R-25,29.88
INV-107401,2024-08-28,C-242,SKU-00042,16,292.00,86.40,Sydney,R-20,5.04
INV-107402,2025-06-25,C-185,SKU-00033,6,111.00,80.64,Sydney,R-04,19.65
INV-107403,2025-06-04,C-008,SKU-00008,12,232.00,86.52,Newcastle,R-16,29.98
INV-107404,2025-04-15,C-097,SKU-00051,17,246.00,89.42,Brisbane,R-17,0.74
INV-107405,2025-06-26,C-297,SKU-00030,11,439.00,73.81,Perth,R-17,28.43
INV-107406,2025-11-15,C-097,SKU-00010,14,27.00,79.38,Brisbane,R-21,2.50
INV-107407,2024-10-16,C-365,SKU-00023,20,115.00,75.40,Adelaide,R-11,34.04
INV-107408,2024-11-13,C-184,SKU-00044,8,183.00,71.52,Brisbane,R-21,18.12
INV-107409,2024-05-11,C-379,SKU-00021,14,453.00,72.66,Newcastle,R-18,25.21
INV-107410,2024-09-09,C-162,SKU-00015,2,332.00,71.13,Perth,R-21,12.36
INV-107411,2025-11-13,C-058,SKU-00022,6,477.00,76.44,Adelaide,R-28,22.37
INV-107412,2025-04-09,C-080,SKU-00039,1,204.00,80.43,Newcastle,R-04,28.62
INV-107413,2024-08-16,C-110,SKU-00034,21,214.00,84.84,Brisbane,R-22,35.36
INV-107414,2024-02-02,C-394,SKU-00034,5,214.00,72.95,Adelaide,R-08,23.11
INV-107415,2025-11-10,C-074,SKU-00029,21,291.00,74.55,Adelaide,R-20,7.35
INV-107416,2025-07-01,C-302,SKU-00036,12,224.00,76.08,Adelaide,R-02,15.78
INV-107417,2024-10-14,C-342,SKU-00014,17,632.00,82.11,Melbourne,R-10,28.34
INV-107418,2025-03-12,C-233,SKU-00011,4,62.00,76.92,Sydney,R-16,23.61
INV-107419,2024-01-05,C-023,SKU-00018,23,268.00,89.70,Perth,R-19,41.24
INV-107420,2025-08-09,C-071,SKU-00015,22,332.00,70.23,Brisbane,R-11,28.45
INV-107421,2025-04-23,C-127,SKU-00020,10,702.00,89.90,Perth,R-20,39.30
INV-107422,2025-05-12,C-372,SKU-00007,15,284.00,72.30,Melbourne,R-14,5.34
INV-107423,2025-03-19,C-110,SKU-00038,9,427.00,77.13,Brisbane,R-03,17.91
INV-107424,2024-06-04,C-230,SKU-00023,14,115.00,87.92,Melbourne,R-24,19.78
INV-107425,2025-05-11,C-349,SKU-00032,6,60.00,89.52,Sydney,R-10,38.99
INV-107426,2025-10-27,C-289,SKU-00051,10,246.00,73.60,Perth,R-22,42.41
INV-107427,2025-10-08,C-007,SKU-00012,10,822.00,73.10,Adelaide,R-11,1.17
INV-107428,2024-08-15,C-222,SKU-00008,7,232.00,73.85,Melbourne,R-06,31.11
INV-107429,2024-03-08,C-214,SKU-00039,11,204.00,77.00,Perth,R-10,36.45
INV-107430,2024-05-10,C-026,SKU-00011,5,62.00,66.47,Melbourne,R-07,30.59
INV-107431,2024-01-27,C-280,SKU-00007,12,284.00,79.20,Newcastle,R-08,7.76
INV-107432,2025-04-14,C-272,SKU-00023,8,115.00,85.36,Adelaide,R-23,25.88
INV-107433,2024-01-03,C-215,SKU-00035,1,571.00,77.17,Newcastle,R-18,9.26
INV-107434,2025-05-07,C-126,SKU-00024,7,208.00,73.08,Perth,R-02,6.81
INV-107435,2025-02-07,C-252,SKU-00024,17,208.00,80.41,Brisbane,R-18,20.81
INV-107436,2025-08-19,C-014,SKU-00005,20,643.00,80.80,Sydney,R-01,4.28
INV-107437,2024-04-26,C-225,SKU-00045,17,841.00,87.38,Perth,R-27,29.31
INV-107438,2024-10-15,C-300,SKU-00048,15,553.00,87.30,Brisbane,R-26,44.41
INV-107439,2025-10-07,C-281,SKU-00026,3,405.00,83.70,Melbourne,R-27,41.50
INV-107440,2024-04-01,C-397,SKU-00022,12,477.00,74.30,Melbourne,R-21,18.93
INV-107441,2025-03-11,C-190,SKU-00010,4,27.00,87.56,Adelaide,R-14,3.36
INV-107442,2025-03-01,C-263,SKU-00026,15,405.00,74.55,Newcastle,R-21,27.32
INV-107443,2025-02-04,C-200,SKU-00015,19,332.00,85.12,Newcastle,R-02,44.56
INV-107444,2025-01-16,C-413,SKU-00003,1,237.00,75.97,Newcastle,R-03,36.39
INV-107445,2025-04-25,C-096,SKU-00003,10,237.00,70.70,Melbourne,R-15,20.00
INV-107446,2024-04-13,C-259,SKU-00012,21,822.00,75.18,Sydney,R-12,33.85
INV-107447,2025-10-11,C-245,SKU-00014,19,632.00,78.47,Perth,R-25,11.58
INV-107448,2024-03-21,C-250,SKU-00018,12,268.00,79.32,Perth,R-11,18.25
INV-107449,2024-01-05,C-189,SKU-00048,19,553.00,72.39,Brisbane,R-01,42.77
INV-107450,2025-08-25,C-281,SKU-00015,13,332.00,70.68,Melbourne,R-16,25.20
INV-107451,2024-03-13,C-095,SKU-00001,22,569.00,72.38,Sydney,R-26,15.59
INV-107452,2025-05-06,C-209,SKU-00031,16,336.00,83.68,Newcastle,R-11,31.00
INV-107453,2024-03-22,C-186,SKU-00047,11,371.00,72.27,Brisbane,R-20,26.55
INV-107454,2024-07-04,C-062,SKU-00015,6,332.00,78.60,Perth,R-09,3.92
INV-107455,2024-06-22,C-266,SKU-00016,4,574.00,86.56,Adelaide,R-09,40.19
INV-107456,2024-02-15,C-112,SKU-00057,12,143.00,74.04,Brisbane,R-05,21.19
INV-107457,2024-02-16,C-402,SKU-00007,18,284.00,83.52,Melbourne,R-17,6.46
INV-107458,2025-09-27,C-252,SKU-00054,4,714.00,86.96,Brisbane,R-21,19.35
INV-107459,2024-07-28,C-112,SKU-00003,15,237.00,90.15,Brisbane,R-25,0.68
INV-107460,2025-11-26,C-281,SKU-00019,19,357.00,69.57,Melbourne,R-28,34.71
INV-107461,2024-05-20,C-107,SKU-00023,21,115.00,80.85,Melbourne,R-11,0.22
INV-107462,2024-04-22,C-132,SKU-00014,19,632.00,85.31,Newcastle,R-04,35.35
INV-107463,2024-12-16,C-329,SKU-00054,10,714.00,75.90,Newcastle,R-07,11.07
INV-107464,2025-02-16,C-245,SKU-00020,13,702.00,78.52,Perth,R-17,4.79
INV-107465,2024-05-02,C-392,SKU-00025,23,345.00,89.93,Sydney,R-17,4.72
INV-107466,2024-07-20,C-252,SKU-00014,21,632.00,78.33,Brisbane,R-07,6.43
INV-107467,2025-12-11,C-046,SKU-00034,17,214.00,90.78,Perth,R-19,23.91
INV-107468,2024-05-01,C-385,SKU-00029,7,291.00,76.86,Sydney,R-10,39.77
INV-107469,2024-11-06,C-129,SKU-00039,21,204.00,70.77,Adelaide,R-24,16.20
INV-107470,2025-09-27,C-366,SKU-00051,14,246.00,82.17,Melbourne,R-16,19.74
INV-107471,2024-03-20,C-109,SKU-00056,20,481.00,85.20,Sydney,R-11,6.30
INV-107472,2024-02-21,C-276,SKU-00032,14,60.00,74.06,Perth,R-07,36.64
INV-107473,2025-04-23,C-170,SKU-00006,6,428.00,78.84,Brisbane,R-13,7.74
INV-107474,2024-05-12,C-199,SKU-00038,10,427.00,83.00,Newcastle,R-08,33.35
INV-107475,2024-02-08,C-375,SKU-00058,9,513.00,80.19,Newcastle,R-08,0.44
INV-107476,2024-07-13,C-208,SKU-00043,12,320.00,76.92,Perth,R-14,5.08
INV-107477,2024-03-12,C-377,SKU-00033,23,111.00,81.65,Newcastle,R-06,0.61
INV-107478,2024-01-10,C-136,SKU-00055,9,703.00,83.70,Sydney,R-17,6.58
INV-107479,2025-02-21,C-063,SKU-00010,18,27.00,78.66,Sydney,R-08,39.55
INV-107480,2025-12-09,C-283,SKU-00033,2,111.00,69.00,Brisbane,R-11,15.09
INV-107481,2025-04-11,C-261,SKU-00054,11,714.00,90.75,Brisbane,R-22,8.80
INV-107482,2024-07-16,C-056,SKU-00017,11,69.00,72.38,Adelaide,R-20,11.63
INV-107483,2025-11-20,C-084,SKU-00039,2,204.00,72.50,Perth,R-24,30.02
INV-107484,2024-05-08,C-148,SKU-00026,24,405.00,80.40,Melbourne,R-12,9.22
INV-107485,2025-04-06,C-375,SKU-00025,16,345.00,89.12,Newcastle,R-09,39.14
INV-107486,2024-03-08,C-243,SKU-00015,6,332.00,73.92,Melbourne,R-20,25.49
INV-107487,2024-02-12,C-342,SKU-00055,4,703.00,81.12,Melbourne,R-08,9.85
INV-107488,2024-03-15,C-343,SKU-00020,20,702.00,79.40,Newcastle,R-16,42.06
INV-107489,2024-08-22,C-408,SKU-00025,22,345.00,71.06,Brisbane,R-18,0.50
INV-107490,2025-12-28,C-065,SKU-00007,12,284.00,74.96,Adelaide,R-06,18.87
INV-107491,2025-07-28,C-134,SKU-00020,14,702.00,81.62,Melbourne,R-06,36.97
INV-107492,2025-12-01,C-060,SKU-00029,8,291.00,75.76,Brisbane,R-09,38.30
INV-107493,2024-07-19,C-109,SKU-00033,13,111.00,87.10,Sydney,R-22,43.78
INV-107494,2024-03-04,C-326,SKU-00010,20,27.00,80.60,Adelaide,R-19,31.21
INV-107495,2025-08-27,C-146,SKU-00007,1,284.00,82.30,Perth,R-09,9.28
INV-107496,2024-03-27,C-267,SKU-00047,17,371.00,86.70,Sydney,R-12,43.19
INV-107497,2024-12-02,C-194,SKU-00050,3,201.00,70.92,Brisbane,R-05,35.71
INV-107498,2025-12-07,C-184,SKU-00018,24,268.00,89.28,Brisbane,R-06,44.91
INV-107499,2024-07-14,C-350,SKU-00028,17,722.00,79.22,Perth,R-16,2.74
INV-107500,2024-10-22,C-280,SKU-00041,2,612.00,75.48,Newcastle,R-27,23.62
INV-107501,2024-05-22,C-073,SKU-00052,3,834.00,76.62,Melbourne,R-26,22.78
INV-107502,2024-03-28,C-105,SKU-00037,19,831.00,74.29,Sydney,R-10,36.65
INV-107503,2025-01-18,C-021,SKU-00027,6,107.00,79.92,Adelaide,R-23,39.27
INV-107504,2025-12-19,C-080,SKU-00005,23,643.00,80.27,Newcastle,R-01,22.54
INV-107505,2024-12-20,C-265,SKU-00039,2,204.00,73.76,Perth,R-15,13.87
INV-107506,2024-11-18,C-093,SKU-00023,3,115.00,89.67,Perth,R-11,12.83
INV-107507,2024-12-23,C-128,SKU-00038,15,427.00,87.30,Newcastle,R-17,1.16
INV-107508,2024-07-05,C-052,SKU-00006,1,428.00,88.71,Newcastle,R-04,26.02
INV-107509,2025-03-20,C-309,SKU-00033,9,111.00,79.47,Adelaide,R-14,4.97
INV-107510,2025-12-22,C-274,SKU-00041,24,612.00,65.36,Newcastle,R-03,9.50
INV-107511,2025-02-12,C-250,SKU-00043,7,320.00,89.25,Perth,R-02,6.51
INV-107512,2024-02-17,C-363,SKU-00055,7,703.00,86.24,Perth,R-12,13.47
INV-107513,2025-10-06,C-389,SKU-00001,24,569.00,76.32,Perth,R-21,2.63
INV-107514,2025-10-23,C-116,SKU-00001,10,569.00,88.80,Sydney,R-24,5.79
INV-107515,2025-10-21,C-076,SKU-00014,9,632.00,86.22,Perth,R-03,43.08
INV-107516,2024-02-06,C-049,SKU-00048,20,553.00,79.40,Melbourne,R-01,10.08
INV-107517,2024-11-14,C-344,SKU-00016,20,574.00,71.00,Melbourne,R-08,24.16
INV-107518,2025-01-21,C-094,SKU-00005,12,643.00,74.64,Adelaide,R-17,29.45
INV-107519,2024-01-27,C-160,SKU-00017,20,69.00,77.80,Melbourne,R-27,14.92
INV-107520,2024-02-03,C-312,SKU-00013,4,52.00,76.40,Perth,R-25,18.51
INV-107521,2024-07-04,C-168,SKU-00009,8,761.00,72.96,Brisbane,R-02,36.36
INV-107522,2024-09-01,C-406,SKU-00047,20,371.00,76.20,Perth,R-24,17.70
INV-107523,2024-04-18,C-368,SKU-00046,8,711.00,73.68,Sydney,R-27,33.95
INV-107524,2025-08-19,C-051,SKU-00025,22,345.00,89.76,Newcastle,R-04,0.57
INV-107525,2024-11-12,C-081,SKU-00015,21,332.00,85.05,Sydney,R-07,10.63
INV-107526,2024-12-10,C-178,SKU-00040,13,257.00,82.55,Newcastle,R-01,3.80
INV-107527,2024-08-08,C-345,SKU-00053,13,589.00,87.10,Sydney,R-04,33.92
INV-107528,2025-02-28,C-332,SKU-00008,7,232.00,89.74,Perth,R-27,7.87
INV-107529,2025-08-07,C-416,SKU-00045,14,841.00,72.38,Melbourne,R-16,37.15
INV-107530,2025-07-09,C-173,SKU-00025,10,345.00,74.80,Perth,R-23,13.12
INV-107531,2025-05-07,C-175,SKU-00053,24,589.00,81.36,Perth,R-25,36.61
INV-107532,2024-09-23,C-115,SKU-00052,14,834.00,79.52,Melbourne,R-25,33.10
INV-107533,2024-03-07,C-050,SKU-00051,1,246.00,83.56,Newcastle,R-18,22.17
INV-107534,2025-07-01,C-273,SKU-00011,4,62.00,87.20,Sydney,R-10,21.28
INV-107535,2025-01-13,C-084,SKU-00019,10,357.00,81.30,Perth,R-21,39.85
INV-107536,2024-06-28,C-171,SKU-00029,24,291.00,90.48,Sydney,R-02,26.79
INV-107537,2025-01-10,C-309,SKU-00042,4,292.00,89.00,Adelaide,R-06,23.68
INV-107538,2024-08-15,C-267,SKU-00031,13,336.00,74.62,Sydney,R-22,32.55
INV-107539,2024-06-06,C-347,SKU-00040,12,257.00,73.32,Brisbane,R-16,44.50
INV-107540,2025-12-12,C-163,SKU-00002,15,592.00,66.38,Newcastle,R-27,40.75
INV-107541,2024-08-25,C-043,SKU-00019,19,357.00,72.96,Brisbane,R-20,44.03
INV-107542,2024-01-07,C-154,SKU-00022,19,477.00,89.30,Newcastle,R-15,25.21
INV-107543,2024-12-27,C-289,SKU-00018,20,268.00,70.60,Perth,R-21,11.99
INV-107544,2024-12-07,C-287,SKU-00009,9,761.00,77.49,Melbourne,R-24,13.58
INV-107545,2025-07-22,C-355,SKU-00037,8,831.00,71.84,Newcastle,R-07,5.19
INV-107546,2025-05-15,C-033,SKU-00047,19,371.00,76.76,Adelaide,R-16,30.01
INV-107547,2024-12-03,C-131,SKU-00006,20,428.00,83.00,Adelaide,R-04,29.14
INV-107548,2024-06-23,C-267,SKU-00048,12,553.00,79.20,Sydney,R-10,5.31
INV-107549,2025-05-19,C-218,SKU-00049,20,840.00,90.00,Newcastle,R-16,27.11
INV-107550,2024-05-01,C-046,SKU-00020,16,702.00,79.49,Perth,R-16,21.71
INV-107551,2025-07-06,C-371,SKU-00058,13,513.00,89.05,Adelaide,R-08,3.68
INV-107552,2024-11-10,C-279,SKU-00034,11,214.00,73.48,Sydney,R-11,29.02
INV-107553,2024-11-10,C-381,SKU-00042,15,292.00,74.10,Perth,R-11,10.92
INV-107554,2025-10-25,C-084,SKU-00007,20,284.00,83.40,Perth,R-22,23.74
INV-107555,2025-12-01,C-212,SKU-00031,3,336.00,86.43,Perth,R-05,3.66
INV-107556,2024-08-27,C-400,SKU-00037,13,831.00,75.27,Newcastle,R-17,35.08
INV-107557,2025-04-08,C-404,SKU-00015,23,332.00,87.86,Adelaide,R-19,14.41
INV-107558,2025-03-12,C-410,SKU-00046,20,711.00,79.00,Brisbane,R-13,23.49
INV-107559,2025-01-02,C-102,SKU-00021,19,453.00,78.85,Adelaide,R-23,8.97
INV-107560,2024-11-08,C-157,SKU-00029,14,291.00,79.98,Sydney,R-06,42.33
INV-107561,2025-10-25,C-018,SKU-00048,23,553.00,83.03,Melbourne,R-06,39.25
INV-107562,2024-10-06,C-161,SKU-00042,10,292.00,76.50,Perth,R-22,36.91
INV-107563,2024-01-21,C-134,SKU-00036,22,224.00,85.80,Melbourne,R-10,41.71
INV-107564,2025-06-13,C-285,SKU-00025,3,345.00,77.07,Melbourne,R-28,1.80
INV-107565,2024-03-16,C-261,SKU-00003,4,237.00,74.08,Brisbane,R-14,34.00
INV-107566,2025-05-07,C-193,SKU-00056,2,481.00,80.88,Brisbane,R-17,38.37
INV-107567,2025-02-22,C-025,SKU-00056,22,481.00,82.50,Brisbane,R-22,32.10
INV-107568,2025-09-22,C-100,SKU-00015,17,332.00,87.55,Brisbane,R-15,1.48
INV-107569,2024-11-21,C-372,SKU-00055,15,703.00,79.35,Melbourne,R-20,27.37
INV-107570,2024-08-12,C-094,SKU-00014,13,632.00,76.90,Adelaide,R-09,1.97
INV-107571,2025-10-02,C-036,SKU-00041,10,612.00,74.90,Melbourne,R-21,21.36
INV-107572,2025-08-08,C-105,SKU-00058,19,513.00,72.01,Sydney,R-11,16.81
INV-107573,2024-03-14,C-409,SKU-00021,15,453.00,90.30,Sydney,R-11,6.27
INV-107574,2025-04-22,C-144,SKU-00006,11,428.00,71.61,Newcastle,R-27,32.76
INV-107575,2024-06-14,C-086,SKU-00020,21,702.00,81.69,Perth,R-07,42.70
INV-107576,2024-01-15,C-227,SKU-00017,13,69.00,86.32,Adelaide,R-16,17.40
INV-107577,2025-09-20,C-388,SKU-00002,12,592.00,89.04,Adelaide,R-18,3.12
INV-107578,2025-02-20,C-345,SKU-00010,18,27.00,90.72,Sydney,R-13,38.62
INV-107579,2025-02-28,C-110,SKU-00018,23,268.00,71.53,Brisbane,R-28,20.33
INV-107580,2025-02-11,C-211,SKU-00043,13,320.00,74.87,Newcastle,R-27,21.36
INV-107581,2025-08-11,C-199,SKU-00053,18,589.00,72.72,Newcastle,R-03,15.85
INV-107582,2024-02-18,C-002,SKU-00052,23,834.00,76.82,Perth,R-24,17.75
INV-107583,2025-10-14,C-200,SKU-00058,8,513.00,76.08,Newcastle,R-28,32.56
INV-107584,2024-02-16,C-375,SKU-00057,24,143.00,89.76,Newcastle,R-16,16.51
INV-107585,2024-09-23,C-344,SKU-00032,24,60.00,71.04,Melbourne,R-04,44.85
INV-107586,2025-02-24,C-130,SKU-00033,8,111.00,81.12,Sydney,R-22,39.68
INV-107587,2025-12-15,C-298,SKU-00001,13,569.00,81.90,Perth,R-03,38.26
INV-107588,2024-01-26,C-094,SKU-00042,5,292.00,88.15,Adelaide,R-12,29.01
INV-107589,2025-03-27,C-249,SKU-00055,20,703.00,81.00,Melbourne,R-03,33.62
INV-107590,2025-09-13,C-201,SKU-00028,18,722.00,76.34,Perth,R-26,8.42
INV-107591,2025-07-05,C-220,SKU-00006,23,428.00,89.01,Adelaide,R-16,7.96
INV-107592,2024-01-27,C-267,SKU-00014,16,632.00,86.72,Sydney,R-16,42.65
INV-107593,2025-08-19,C-019,SKU-00011,21,62.00,72.66,Newcastle,R-27,21.38
INV-107594,2024-02-24,C-415,SKU-00024,12,208.00,81.96,Melbourne,R-26,44.70
INV-107595,2024-09-07,C-262,SKU-00005,3,643.00,82.68,Adelaide,R-21,4.61
INV-107596,2025-04-01,C-171,SKU-00057,3,143.00,79.89,Sydney,R-01,23.22
INV-107597,2024-01-07,C-397,SKU-00009,15,761.00,75.90,Melbourne,R-06,31.95
INV-107598,2024-04-19,C-101,SKU-00004,11,340.00,72.27,Newcastle,R-27,12.09
INV-107599,2024-11-27,C-007,SKU-00017,24,69.00,75.84,Adelaide,R-13,18.22
INV-107600,2025-10-28,C-328,SKU-00048,12,553.00,81.36,Newcastle,R-08,32.78
INV-107601,2025-07-04,C-117,SKU-00040,3,257.00,74.79,Adelaide,R-26,31.13
INV-107602,2025-10-22,C-417,SKU-00028,24,722.00,75.12,Perth,R-20,16.99
INV-107603,2024-05-07,C-132,SKU-00030,21,439.00,84.00,Newcastle,R-01,4.49
INV-107604,2025-03-09,C-054,SKU-00049,2,840.00,83.54,Brisbane,R-04,18.09
INV-107605,2024-04-27,C-379,SKU-00030,6,439.00,82.92,Newcastle,R-01,42.62
INV-107606,2025-10-10,C-039,SKU-00034,13,214.00,81.90,Perth,R-12,37.34
INV-107607,2025-12-05,C-251,SKU-00057,13,143.00,83.20,Perth,R-28,13.91
INV-107608,2024-11-07,C-070,SKU-00028,20,722.00,75.80,Adelaide,R-04,32.79
INV-107609,2024-12-05,C-037,SKU-00009,11,761.00,86.90,Adelaide,R-08,18.83
INV-107610,2025-05-13,C-028,SKU-00026,20,405.00,71.02,Melbourne,R-22,22.62
INV-107611,2025-08-05,C-335,SKU-00052,10,834.00,74.80,Brisbane,R-27,33.04
INV-107612,2024-12-26,C-229,SKU-00016,15,574.00,72.90,Brisbane,R-06,31.02
INV-107613,2024-02-01,C-280,SKU-00013,9,52.00,77.04,Newcastle,R-06,26.16
INV-107614,2024-01-04,C-411,SKU-00056,17,481.00,70.55,Perth,R-19,13.80
INV-107615,2024-12-17,C-237,SKU-00042,8,292.00,75.44,Brisbane,R-01,27.39
INV-107616,2024-02-26,C-223,SKU-00032,9,60.00,75.42,Sydney,R-26,44.07
INV-107617,2024-02-21,C-355,SKU-00009,19,761.00,78.09,Newcastle,R-11,10.41
INV-107618,2024-05-16,C-001,SKU-00046,16,711.00,72.96,Adelaide,R-16,39.04
INV-107619,2024-03-16,C-103,SKU-00025,1,345.00,79.81,Sydney,R-28,37.34
INV-107620,2025-08-21,C-212,SKU-00041,10,612.00,75.35,Perth,R-28,41.06
INV-107621,2025-03-27,C-124,SKU-00016,5,574.00,84.60,Adelaide,R-19,28.79
INV-107622,2025-07-04,C-179,SKU-00046,20,711.00,86.60,Newcastle,R-08,3.62
INV-107623,2024-03-12,C-258,SKU-00020,3,702.00,78.42,Perth,R-05,33.84
INV-107624,2024-01-04,C-208,SKU-00042,20,292.00,73.60,Perth,R-15,39.55
INV-107625,2025-09-28,C-402,SKU-00041,17,612.00,79.05,Melbourne,R-10,5.13
INV-107626,2025-07-24,C-183,SKU-00053,15,589.00,81.45,Perth,R-16,26.46
INV-107627,2024-05-25,C-050,SKU-00017,7,69.00,85.54,Newcastle,R-22,30.60
INV-107628,2024-03-27,C-247,SKU-00029,15,291.00,84.90,Sydney,R-20,6.33
INV-107629,2025-10-22,C-162,SKU-00056,10,481.00,74.40,Perth,R-05,14.89
INV-107630,2025-06-20,C-131,SKU-00053,16,589.00,71.98,Adelaide,R-04,44.06
INV-107631,2024-10-25,C-053,SKU-00042,14,292.00,82.88,Perth,R-01,37.97
INV-107632,2024-08-01,C-348,SKU-00017,2,69.00,90.12,Sydney,R-18,42.43
INV-107633,2024-08-28,C-395,SKU-00005,16,643.00,71.36,Sydney,R-16,3.30
INV-107634,2024-12-27,C-063,SKU-00032,24,60.00,79.20,Sydney,R-24,21.83
INV-107635,2025-01-16,C-151,SKU-00036,10,224.00,78.30,Melbourne,R-20,0.38
INV-107636,2024-07-10,C-328,SKU-00048,24,553.00,80.64,Newcastle,R-15,21.82
INV-107637,2024-02-23,C-203,SKU-00023,22,115.00,87.78,Sydney,R-22,26.27
INV-107638,2024-10-06,C-064,SKU-00058,3,513.00,81.06,Newcastle,R-08,31.08
INV-107639,2024-02-21,C-200,SKU-00038,1,427.00,79.01,Newcastle,R-04,34.78
INV-107640,2025-10-14,C-083,SKU-00056,11,481.00,82.68,Adelaide,R-08,19.67
INV-107641,2024-09-20,C-110,SKU-00021,18,453.00,71.46,Brisbane,R-07,43.63
INV-107642,2024-02-10,C-029,SKU-00058,3,513.00,83.04,Adelaide,R-14,13.20
INV-107643,2024-06-13,C-379,SKU-00007,22,284.00,81.84,Newcastle,R-10,26.05
INV-107644,2024-07-18,C-078,SKU-00045,12,841.00,85.44,Newcastle,R-07,44.38
INV-107645,2024-01-08,C-153,SKU-00049,9,840.00,73.17,Perth,R-28,10.77
INV-107646,2025-03-10,C-097,SKU-00045,4,841.00,84.92,Brisbane,R-10,41.12
INV-107647,2024-10-05,C-059,SKU-00014,1,632.00,80.23,Perth,R-21,25.56
INV-107648,2024-11-13,C-406,SKU-00037,9,831.00,71.73,Perth,R-03,0.46
INV-107649,2025-10-25,C-199,SKU-00044,13,183.00,73.06,Newcastle,R-15,27.43
INV-107650,2025-12-07,C-395,SKU-00021,11,453.00,65.17,Sydney,R-21,24.37
INV-107651,2024-12-14,C-125,SKU-00055,23,703.00,75.21,Brisbane,R-24,9.43
INV-107652,2024-06-16,C-394,SKU-00045,12,841.00,78.48,Adelaide,R-09,42.01
INV-107653,2025-01-08,C-106,SKU-00039,11,204.00,79.75,Sydney,R-24,18.87
INV-107654,2024-06-14,C-333,SKU-00004,16,340.00,79.52,Melbourne,R-22,36.21
INV-107655,2024-11-04,C-395,SKU-00026,22,405.00,73.04,Sydney,R-20,3.94
INV-107656,2025-04-08,C-093,SKU-00057,14,143.00,74.48,Perth,R-20,23.16
INV-107657,2024-09-11,C-068,SKU-00051,21,246.00,82.74,Adelaide,R-19,27.50
INV-107658,2024-04-22,C-260,SKU-00012,21,822.00,75.60,Sydney,R-27,25.34
INV-107659,2024-02-19,C-385,SKU-00052,19,834.00,86.45,Sydney,R-17,5.52
INV-107660,2024-06-05,C-003,SKU-00016,10,574.00,66.79,Newcastle,R-22,13.96
INV-107661,2025-07-25,C-281,SKU-00040,3,257.00,88.80,Melbourne,R-06,10.22
INV-107662,2025-10-23,C-089,SKU-00054,9,714.00,77.31,Sydney,R-04,5.35
INV-107663,2025-12-08,C-380,SKU-00030,4,439.00,83.96,Adelaide,R-15,20.37
INV-107664,2025-05-13,C-143,SKU-00058,11,513.00,86.68,Adelaide,R-12,12.19
INV-107665,2025-08-27,C-361,SKU-00018,12,268.00,87.24,Melbourne,R-03,19.69
INV-107666,2025-04-28,C-313,SKU-00046,22,711.00,82.72,Sydney,R-10,36.05
INV-107667,2024-06-17,C-088,SKU-00004,15,340.00,82.20,Adelaide,R-16,30.17
INV-107668,2025-08-18,C-093,SKU-00004,24,340.00,72.72,Perth,R-25,1.80
INV-107669,2024-01-22,C-311,SKU-00048,11,553.00,82.39,Newcastle,R-16,42.95
INV-107670,2024-09-25,C-114,SKU-00036,9,224.00,71.04,Sydney,R-28,41.65
INV-107671,2025-04-16,C-411,SKU-00035,3,571.00,88.86,Perth,R-15,15.20
INV-107672,2025-04-07,C-238,SKU-00004,18,340.00,74.70,Adelaide,R-06,21.08
INV-107673,2024-09-04,C-077,SKU-00040,21,257.00,76.23,Adelaide,R-23,37.41
INV-107674,2024-09-22,C-173,SKU-00023,2,115.00,88.70,Perth,R-05,30.27
INV-107675,2025-02-09,C-253,SKU-00026,21,405.00,80.85,Melbourne,R-10,19.71
INV-107676,2024-03-21,C-174,SKU-00046,5,711.00,81.20,Brisbane,R-15,17.49
INV-107677,2025-05-28,C-178,SKU-00015,5,332.00,77.75,Newcastle,R-04,15.56
INV-107678,2025-11-14,C-207,SKU-00001,20,569.00,77.80,Melbourne,R-06,37.66
INV-107679,2024-11-04,C-123,SKU-00011,22,62.00,76.56,Brisbane,R-15,27.69
INV-107680,2024-09-10,C-167,SKU-00001,24,569.00,79.93,Sydney,R-26,16.36
INV-107681,2025-09-11,C-078,SKU-00036,20,224.00,90.60,Newcastle,R-18,27.39
INV-107682,2024-05-12,C-242,SKU-00035,19,571.00,75.43,Sydney,R-15,23.13
INV-107683,2024-09-10,C-043,SKU-00031,8,336.00,78.32,Brisbane,R-02,9.85
INV-107684,2024-11-24,C-198,SKU-00030,16,439.00,88.80,Melbourne,R-19,20.15
INV-107685,2024-07-20,C-071,SKU-00001,24,569.00,83.04,Brisbane,R-07,43.62
INV-107686,2025-03-26,C-329,SKU-00027,23,107.00,89.93,Newcastle,R-06,19.96
INV-107687,2024-09-24,C-321,SKU-00023,15,115.00,75.60,Sydney,R-06,5.66
INV-107688,2025-09-01,C-177,SKU-00007,9,284.00,87.84,Newcastle,R-27,32.41
INV-107689,2024-04-05,C-096,SKU-00037,6,831.00,71.76,Melbourne,R-17,17.69
INV-107690,2024-10-17,C-111,SKU-00001,9,569.00,64.92,Adelaide,R-05,31.66
INV-107691,2024-10-27,C-018,SKU-00039,6,204.00,73.92,Melbourne,R-06,29.98
INV-107692,2024-03-16,C-096,SKU-00055,4,703.00,70.56,Melbourne,R-24,12.32
INV-107693,2024-06-09,C-134,SKU-00045,6,841.00,80.04,Melbourne,R-12,42.37
INV-107694,2025-11-11,C-119,SKU-00030,19,439.00,85.31,Perth,R-13,18.59
INV-107695,2025-07-06,C-236,SKU-00039,3,204.00,75.15,Newcastle,R-09,40.76
INV-107696,2024-09-24,C-228,SKU-00030,3,439.00,81.39,Perth,R-19,41.74
INV-107697,2025-06-15,C-378,SKU-00038,2,427.00,77.86,Melbourne,R-12,34.66
INV-107698,2025-01-04,C-180,SKU-00036,4,224.00,86.88,Brisbane,R-28,2.41
INV-107699,2024-09-25,C-100,SKU-00011,6,62.00,72.54,Brisbane,R-12,39.40
INV-107700,2024-09-11,C-103,SKU-00054,5,714.00,68.95,Sydney,R-16,4.49
INV-107701,2025-08-14,C-267,SKU-00055,18,703.00,75.42,Sydney,R-17,12.52
INV-107702,2024-08-11,C-003,SKU-00057,24,143.00,80.64,Newcastle,R-15,40.39
INV-107703,2024-02-18,C-320,SKU-00048,13,553.00,80.86,Sydney,R-09,33.75
INV-107704,2024-04-01,C-081,SKU-00025,3,345.00,70.41,Sydney,R-06,33.25
INV-107705,2024-07-22,C-274,SKU-00020,14,702.00,71.26,Newcastle,R-08,12.65
INV-107706,2024-07-10,C-107,SKU-00031,10,336.00,84.30,Melbourne,R-16,11.64
INV-107707,2024-04-26,C-128,SKU-00005,11,643.00,76.12,Newcastle,R-27,41.97
INV-107708,2024-07-22,C-045,SKU-00014,2,632.00,74.72,Newcastle,R-04,34.94
INV-107709,2025-11-28,C-118,SKU-00001,17,569.00,82.28,Brisbane,R-11,8.62
INV-107710,2024-04-14,C-308,SKU-00030,17,439.00,79.45,Melbourne,R-25,33.75
INV-107711,2025-02-10,C-123,SKU-00023,14,115.00,71.40,Brisbane,R-04,3.82
INV-107712,2025-03-05,C-172,SKU-00043,14,320.00,72.80,Newcastle,R-21,36.94
INV-107713,2024-01-21,C-389,SKU-00016,7,574.00,72.31,Perth,R-10,32.12
INV-107714,2025-09-15,C-364,SKU-00011,2,62.00,85.26,Sydney,R-21,5.52
INV-107715,2025-02-05,C-410,SKU-00010,20,27.00,80.40,Brisbane,R-13,14.43
INV-107716,2025-02-17,C-081,SKU-00029,3,291.00,72.93,Sydney,R-05,24.05
INV-107717,2024-07-19,C-172,SKU-00030,15,439.00,76.65,Newcastle,R-27,0.13
INV-107718,2024-01-03,C-288,SKU-00057,8,143.00,71.12,Newcastle,R-12,39.92
INV-107719,2025-04-25,C-116,SKU-00039,6,204.00,72.60,Sydney,R-16,43.81
INV-107720,2025-12-27,C-250,SKU-00024,15,208.00,80.32,Perth,R-08,20.99
INV-107721,2024-06-27,C-253,SKU-00031,3,336.00,85.62,Melbourne,R-17,25.75
INV-107722,2024-11-24,C-310,SKU-00028,5,722.00,78.70,Perth,R-07,15.10
INV-107723,2025-07-15,C-419,SKU-00010,13,27.00,81.51,Brisbane,R-24,30.31
INV-107724,2024-06-04,C-391,SKU-00035,10,571.00,88.70,Sydney,R-24,4.26
INV-107725,2025-04-18,C-284,SKU-00021,19,453.00,89.11,Melbourne,R-08,23.68
INV-107726,2024-08-02,C-024,SKU-00009,4,761.00,87.12,Melbourne,R-21,24.36
INV-107727,2025-11-23,C-196,SKU-00018,2,268.00,90.60,Adelaide,R-13,5.75
INV-107728,2024-07-23,C-396,SKU-00051,21,246.00,90.51,Adelaide,R-12,6.36
INV-107729,2024-02-04,C-328,SKU-00008,14,232.00,75.88,Newcastle,R-27,2.07
INV-107730,2025-08-06,C-269,SKU-00038,24,427.00,69.33,Newcastle,R-09,11.84
INV-107731,2024-03-14,C-303,SKU-00041,6,612.00,86.22,Perth,R-06,33.63
INV-107732,2025-10-14,C-252,SKU-00009,15,761.00,76.80,Brisbane,R-26,2.15
INV-107733,2024-06-17,C-295,SKU-00037,11,831.00,86.13,Perth,R-11,33.75
INV-107734,2024-10-09,C-387,SKU-00020,1,702.00,79.44,Sydney,R-28,36.27
INV-107735,2025-04-04,C-332,SKU-00022,15,477.00,88.65,Perth,R-10,22.71
INV-107736,2024-08-03,C-056,SKU-00045,23,841.00,73.14,Adelaide,R-17,38.84
INV-107737,2025-07-20,C-116,SKU-00019,9,357.00,74.61,Sydney,R-06,18.13
INV-107738,2024-10-11,C-160,SKU-00058,18,513.00,73.26,Melbourne,R-01,36.34
INV-107739,2025-07-04,C-282,SKU-00049,5,840.00,71.80,Adelaide,R-19,20.36
INV-107740,2024-05-05,C-175,SKU-00054,3,714.00,79.46,Perth,R-23,37.76
INV-107741,2024-09-12,C-283,SKU-00038,14,427.00,81.48,Brisbane,R-10,26.70
INV-107742,2025-09-10,C-383,SKU-00032,24,60.00,72.24,Perth,R-09,13.78
INV-107743,2024-08-23,C-185,SKU-00038,1,427.00,80.52,Sydney,R-09,5.25
INV-107744,2024-11-09,C-276,SKU-00002,11,592.00,80.74,Perth,R-17,7.29
INV-107745,2025-09-28,C-126,SKU-00045,9,841.00,70.83,Perth,R-12,26.93
INV-107746,2025-09-07,C-065,SKU-00031,23,336.00,72.45,Adelaide,R-25,9.17
INV-107747,2024-01-11,C-287,SKU-00053,18,589.00,76.32,Melbourne,R-18,17.39
INV-107748,2024-12-16,C-214,SKU-00055,19,703.00,75.43,Perth,R-24,7.47
INV-107749,2025-06-21,C-062,SKU-00036,15,224.00,78.60,Perth,R-11,21.87
INV-107750,2024-06-11,C-228,SKU-00010,9,27.00,79.65,Perth,R-27,9.13
INV-107751,2025-09-25,C-096,SKU-00018,2,268.00,74.92,Melbourne,R-22,30.45
INV-107752,2024-10-27,C-142,SKU-00040,2,257.00,89.96,Melbourne,R-24,14.42
INV-107753,2025-03-04,C-256,SKU-00048,16,553.00,83.84,Sydney,R-10,36.01
INV-107754,2024-08-21,C-298,SKU-00017,17,69.00,74.97,Perth,R-08,31.98
INV-107755,2025-12-10,C-401,SKU-00019,19,357.00,88.16,Perth,R-28,40.37
INV-107756,2025-04-11,C-154,SKU-00052,4,834.00,71.28,Newcastle,R-06,9.94
INV-107757,2025-08-10,C-289,SKU-00016,1,574.00,79.20,Perth,R-07,19.83
INV-107758,2024-06-06,C-401,SKU-00032,20,60.00,75.80,Perth,R-12,8.95
INV-107759,2024-11-27,C-169,SKU-00010,24,27.00,79.92,Melbourne,R-23,2.28
INV-107760,2024-07-02,C-052,SKU-00043,23,320.00,76.39,Newcastle,R-24,0.30
INV-107761,2024-12-14,C-383,SKU-00024,15,208.00,84.60,Perth,R-21,30.64
INV-107762,2025-10-02,C-392,SKU-00002,18,592.00,70.74,Sydney,R-14,16.37
INV-107763,2025-06-07,C-014,SKU-00043,3,320.00,81.60,Sydney,R-05,9.39
INV-107764,2024-02-14,C-413,SKU-00045,7,841.00,84.42,Newcastle,R-08,9.67
INV-107765,2025-09-13,C-172,SKU-00046,16,711.00,75.84,Newcastle,R-26,4.07
INV-107766,2025-03-22,C-113,SKU-00058,9,513.00,83.79,Brisbane,R-14,31.63
INV-107767,2025-08-22,C-414,SKU-00055,13,703.00,80.60,Melbourne,R-04,22.27
INV-107768,2025-11-05,C-306,SKU-00028,19,722.00,82.65,Brisbane,R-23,10.52
INV-107769,2025-01-11,C-084,SKU-00001,22,569.00,72.16,Perth,R-17,21.90
INV-107770,2024-09-20,C-087,SKU-00043,20,320.00,66.61,Melbourne,R-21,6.83
INV-107771,2024-02-24,C-272,SKU-00032,14,60.00,88.76,Adelaide,R-18,28.28
INV-107772,2025-03-25,C-304,SKU-00047,16,371.00,78.24,Melbourne,R-19,27.81
INV-107773,2024-06-14,C-227,SKU-00017,19,69.00,81.13,Adelaide,R-23,31.40
INV-107774,2025-09-15,C-012,SKU-00058,18,513.00,71.82,Melbourne,R-03,14.24
INV-107775,2024-03-04,C-085,SKU-00021,17,453.00,72.08,Newcastle,R-04,3.58
INV-107776,2024-07-18,C-289,SKU-00043,12,320.00,87.72,Perth,R-17,40.71
INV-107777,2025-08-01,C-161,SKU-00045,22,841.00,84.92,Perth,R-27,21.15
INV-107778,2025-05-13,C-104,SKU-00019,20,357.00,85.60,Melbourne,R-06,32.74
INV-107779,2024-02-04,C-371,SKU-00029,16,291.00,77.60,Adelaide,R-08,31.71
INV-107780,2024-12-15,C-355,SKU-00007,22,284.00,68.01,Newcastle,R-11,15.70
INV-107781,2025-12-22,C-241,SKU-00048,23,553.00,70.61,Newcastle,R-17,34.85
INV-107782,2025-04-13,C-030,SKU-00016,3,574.00,77.01,Brisbane,R-05,15.14
INV-107783,2025-09-18,C-304,SKU-00029,10,291.00,71.60,Melbourne,R-05,27.90
INV-107784,2024-06-17,C-057,SKU-00041,23,612.00,70.84,Sydney,R-06,0.24
INV-107785,2024-02-08,C-230,SKU-00050,10,201.00,70.80,Melbourne,R-04,26.39
INV-107786,2024-10-14,C-271,SKU-00039,11,204.00,83.27,Brisbane,R-15,11.35
INV-107787,2024-12-12,C-237,SKU-00046,14,711.00,76.58,Brisbane,R-24,38.61
INV-107788,2024-12-04,C-020,SKU-00056,3,481.00,82.59,Perth,R-01,40.67
INV-107789,2025-12-23,C-160,SKU-00017,17,69.00,76.16,Melbourne,R-15,13.92
INV-107790,2024-10-11,C-028,SKU-00034,17,214.00,77.57,Melbourne,R-06,6.22
INV-107791,2025-11-22,C-199,SKU-00050,24,201.00,72.48,Newcastle,R-20,1.15
INV-107792,2024-09-21,C-076,SKU-00043,3,320.00,80.40,Perth,R-17,26.99
INV-107793,2024-02-23,C-246,SKU-00049,21,840.00,73.71,Newcastle,R-04,40.14
INV-107794,2025-09-16,C-340,SKU-00033,17,111.00,75.31,Newcastle,R-22,24.47
INV-107795,2025-07-26,C-045,SKU-00025,22,345.00,74.36,Newcastle,R-01,30.26
INV-107796,2024-03-20,C-158,SKU-00020,2,702.00,72.78,Melbourne,R-04,42.36
INV-107797,2024-03-22,C-254,SKU-00037,2,831.00,82.62,Sydney,R-07,17.22
INV-107798,2025-02-18,C-410,SKU-00046,10,711.00,81.80,Brisbane,R-10,11.17
INV-107799,2025-03-14,C-339,SKU-00043,18,320.00,86.04,Adelaide,R-25,27.05
INV-107800,2025-04-08,C-362,SKU-00033,5,111.00,72.96,Perth,R-21,11.73
INV-107801,2025-05-18,C-206,SKU-00038,19,427.00,87.21,Newcastle,R-06,1.17
INV-107802,2024-11-03,C-086,SKU-00033,5,111.00,83.95,Perth,R-12,8.01
INV-107803,2025-05-15,C-027,SKU-00017,6,69.00,81.78,Brisbane,R-18,12.96
INV-107804,2024-09-20,C-398,SKU-00023,9,115.00,75.24,Adelaide,R-02,18.85
INV-107805,2025-06-02,C-261,SKU-00024,4,208.00,72.16,Brisbane,R-24,8.92
INV-107806,2024-11-21,C-280,SKU-00001,20,569.00,70.60,Newcastle,R-10,32.95
INV-107807,2024-11-02,C-409,SKU-00036,1,224.00,81.71,Sydney,R-11,14.22
INV-107808,2025-09-20,C-234,SKU-00049,3,840.00,74.04,Adelaide,R-07,42.41
INV-107809,2025-12-04,C-142,SKU-00051,18,246.00,77.94,Melbourne,R-13,2.44
INV-107810,2025-10-11,C-287,SKU-00048,10,553.00,73.32,Melbourne,R-09,18.28
INV-107811,2025-06-04,C-195,SKU-00041,24,612.00,85.68,Melbourne,R-10,22.15
INV-107812,2025-01-20,C-285,SKU-00054,14,714.00,80.36,Melbourne,R-16,17.06
INV-107813,2024-01-03,C-361,SKU-00050,2,201.00,88.76,Melbourne,R-20,25.60
INV-107814,2024-07-01,C-063,SKU-00028,21,722.00,83.58,Sydney,R-11,10.17
INV-107815,2025-12-21,C-163,SKU-00026,7,405.00,87.99,Newcastle,R-25,27.63
INV-107816,2025-01-14,C-168,SKU-00024,2,208.00,82.06,Brisbane,R-01,43.09
INV-107817,2024-04-01,C-130,SKU-00031,11,336.00,76.56,Sydney,R-03,9.83
INV-107818,2024-05-03,C-091,SKU-00046,23,711.00,86.94,Brisbane,R-26,32.21
INV-107819,2024-11-17,C-014,SKU-00049,21,840.00,72.24,Sydney,R-15,1.78
INV-107820,2024-12-18,C-417,SKU-00043,2,320.00,67.14,Perth,R-05,17.19
INV-107821,2025-01-15,C-032,SKU-00051,8,246.00,79.84,Brisbane,R-15,34.18
INV-107822,2024-08-11,C-029,SKU-00005,21,643.00,80.22,Adelaide,R-23,16.50
INV-107823,2024-11-09,C-052,SKU-00042,21,292.00,76.86,Newcastle,R-01,5.04
INV-107824,2025-11-25,C-412,SKU-00024,8,208.00,74.80,Newcastle,R-06,10.44
INV-107825,2025-03-04,C-253,SKU-00004,21,340.00,80.01,Melbourne,R-20,24.36
INV-107826,2024-05-02,C-182,SKU-00048,6,553.00,71.88,Perth,R-12,10.92
INV-107827,2024-04-01,C-196,SKU-00025,24,345.00,88.08,Adelaide,R-27,32.01
INV-107828,2024-10-08,C-321,SKU-00032,13,60.00,80.34,Sydney,R-28,6.06
INV-107829,2024-04-24,C-084,SKU-00014,13,632.00,84.50,Perth,R-05,42.59
INV-107830,2025-05-13,C-227,SKU-00052,17,834.00,73.51,Adelaide,R-15,29.06
INV-107831,2025-11-16,C-010,SKU-00038,20,427.00,76.40,Perth,R-17,11.48
INV-107832,2024-12-16,C-050,SKU-00030,24,439.00,85.20,Newcastle,R-02,2.13
INV-107833,2024-11-05,C-409,SKU-00046,4,711.00,90.76,Sydney,R-09,0.01
INV-107834,2024-04-28,C-335,SKU-00002,1,592.00,85.59,Brisbane,R-26,44.59
INV-107835,2025-12-28,C-071,SKU-00052,2,834.00,79.84,Brisbane,R-14,42.84
INV-107836,2024-09-22,C-124,SKU-00031,22,336.00,73.48,Adelaide,R-12,10.03
INV-107837,2024-08-21,C-030,SKU-00021,19,453.00,77.14,Brisbane,R-19,31.73
INV-107838,2025-05-11,C-398,SKU-00031,6,336.00,79.02,Adelaide,R-27,42.71
INV-107839,2024-06-04,C-323,SKU-00039,15,204.00,73.50,Brisbane,R-07,43.82
INV-107840,2025-07-13,C-070,SKU-00050,3,201.00,70.57,Adelaide,R-02,37.49
INV-107841,2025-01-20,C-401,SKU-00019,10,357.00,87.60,Perth,R-08,25.29
INV-107842,2025-10-20,C-413,SKU-00002,7,592.00,85.61,Newcastle,R-28,31.08
INV-107843,2024-09-16,C-418,SKU-00016,6,574.00,72.54,Brisbane,R-09,25.88
INV-107844,2024-12-10,C-228,SKU-00056,23,481.00,84.41,Perth,R-07,28.03
INV-107845,2025-11-15,C-180,SKU-00025,19,345.00,80.56,Brisbane,R-22,15.00
INV-107846,2025-12-02,C-231,SKU-00022,9,477.00,85.32,Newcastle,R-21,23.20
INV-107847,2025-01-14,C-165,SKU-00025,13,345.00,78.65,Perth,R-04,14.81
INV-107848,2025-12-25,C-141,SKU-00019,13,357.00,74.75,Perth,R-01,7.15
INV-107849,2024-04-15,C-173,SKU-00039,23,204.00,72.91,Perth,R-22,21.06
INV-107850,2024-11-14,C-239,SKU-00043,21,320.00,67.04,Perth,R-14,25.60
INV-107851,2025-07-27,C-205,SKU-00021,13,453.00,85.67,Sydney,R-24,41.90
INV-107852,2024-03-28,C-389,SKU-00024,22,208.00,83.38,Perth,R-25,7.74
INV-107853,2024-03-22,C-336,SKU-00032,13,60.00,82.03,Perth,R-23,2.30
INV-107854,2025-11-02,C-294,SKU-00040,17,257.00,81.60,Melbourne,R-20,40.61
INV-107855,2025-12-15,C-041,SKU-00038,17,427.00,81.26,Adelaide,R-28,44.47
INV-107856,2025-01-24,C-347,SKU-00039,10,204.00,84.50,Brisbane,R-07,42.60
INV-107857,2024-01-28,C-225,SKU-00044,7,183.00,76.30,Perth,R-17,31.69
INV-107858,2025-08-04,C-413,SKU-00009,24,761.00,84.24,Newcastle,R-11,41.69
INV-107859,2025-03-01,C-404,SKU-00041,17,612.00,86.70,Adelaide,R-09,23.72
INV-107860,2024-03-07,C-077,SKU-00044,22,183.00,65.38,Adelaide,R-11,6.17
INV-107861,2025-07-10,C-408,SKU-00022,2,477.00,89.58,Brisbane,R-08,42.35
INV-107862,2025-07-16,C-194,SKU-00035,9,571.00,71.91,Brisbane,R-04,44.26
INV-107863,2024-05-15,C-120,SKU-00026,13,405.00,76.05,Adelaide,R-26,23.87
INV-107864,2025-08-02,C-100,SKU-00042,3,292.00,81.87,Brisbane,R-07,23.72
INV-107865,2024-12-03,C-348,SKU-00051,10,246.00,71.20,Sydney,R-01,35.02
INV-107866,2024-12-03,C-342,SKU-00003,13,237.00,85.28,Melbourne,R-22,27.26
INV-107867,2024-01-12,C-045,SKU-00033,3,111.00,72.09,Newcastle,R-23,5.41
INV-107868,2025-01-17,C-061,SKU-00022,15,477.00,71.55,Sydney,R-09,44.80
INV-107869,2025-04-19,C-037,SKU-00027,4,107.00,80.72,Adelaide,R-03,35.10
INV-107870,2024-10-14,C-097,SKU-00003,3,237.00,82.19,Brisbane,R-18,29.57
INV-107871,2024-05-24,C-139,SKU-00010,2,27.00,83.02,Perth,R-20,17.49
INV-107872,2024-07-09,C-362,SKU-00035,16,571.00,80.96,Perth,R-03,22.19
INV-107873,2025-08-18,C-013,SKU-00006,7,428.00,80.78,Perth,R-23,37.49
INV-107874,2025-11-17,C-095,SKU-00008,8,232.00,81.92,Sydney,R-19,33.07
INV-107875,2025-09-09,C-313,SKU-00020,8,702.00,79.84,Sydney,R-11,26.17
INV-107876,2024-03-28,C-306,SKU-00045,14,841.00,87.64,Brisbane,R-22,33.51
INV-107877,2024-01-20,C-368,SKU-00039,10,204.00,81.00,Sydney,R-04,27.98
INV-107878,2025-10-09,C-244,SKU-00034,23,214.00,79.35,Perth,R-27,1.17
INV-107879,2025-04-13,C-333,SKU-00023,18,115.00,85.14,Melbourne,R-25,10.69
INV-107880,2025-02-28,C-077,SKU-00056,20,481.00,68.26,Adelaide,R-15,43.25
INV-107881,2024-05-19,C-175,SKU-00047,3,371.00,82.38,Perth,R-10,27.87
INV-107882,2024-03-16,C-259,SKU-00023,21,115.00,79.38,Sydney,R-16,22.44
INV-107883,2025-12-14,C-263,SKU-00001,7,569.00,72.45,Newcastle,R-16,7.60
INV-107884,2024-04-10,C-046,SKU-00037,8,831.00,75.68,Perth,R-04,35.40
INV-107885,2024-11-21,C-251,SKU-00031,18,336.00,72.72,Perth,R-03,24.87
INV-107886,2025-04-24,C-196,SKU-00010,10,27.00,72.00,Adelaide,R-22,29.08
INV-107887,2024-09-15,C-217,SKU-00050,20,201.00,85.40,Newcastle,R-14,5.39
INV-107888,2024-06-02,C-313,SKU-00035,13,571.00,77.48,Sydney,R-20,5.74
INV-107889,2024-08-11,C-223,SKU-00057,15,143.00,89.55,Sydney,R-21,7.08
INV-107890,2024-11-07,C-182,SKU-00051,11,246.00,75.29,Perth,R-05,38.10
INV-107891,2025-10-21,C-064,SKU-00029,6,291.00,73.14,Newcastle,R-07,30.69
INV-107892,2024-02-22,C-017,SKU-00025,13,345.00,89.18,Adelaide,R-04,1.63
INV-107893,2025-06-24,C-029,SKU-00032,12,60.00,73.80,Adelaide,R-11,3.88
INV-107894,2024-11-23,C-417,SKU-00019,8,357.00,81.92,Perth,R-03,8.30
INV-107895,2025-08-27,C-060,SKU-00015,4,332.00,84.28,Brisbane,R-23,7.47
INV-107896,2024-11-01,C-309,SKU-00022,12,477.00,81.24,Adelaide,R-03,31.38
INV-107897,2024-02-01,C-002,SKU-00053,10,589.00,90.40,Perth,R-27,27.80
INV-107898,2024-11-18,C-024,SKU-00056,23,481.00,75.67,Melbourne,R-27,13.64
INV-107899,2024-07-23,C-106,SKU-00035,19,571.00,73.72,Sydney,R-21,25.20
INV-107900,2024-09-13,C-136,SKU-00019,3,357.00,68.37,Sydney,R-28,34.98
INV-107901,2025-02-14,C-092,SKU-00032,22,60.00,71.72,Brisbane,R-04,41.86
INV-107902,2025-12-24,C-046,SKU-00013,22,52.00,89.76,Perth,R-14,41.42
INV-107903,2025-04-01,C-417,SKU-00057,3,143.00,77.34,Perth,R-10,10.86
INV-107904,2025-03-08,C-272,SKU-00015,18,332.00,76.50,Adelaide,R-25,39.59
INV-107905,2025-07-04,C-103,SKU-00009,23,761.00,79.81,Sydney,R-14,3.97
INV-107906,2025-05-25,C-237,SKU-00045,20,841.00,70.40,Brisbane,R-10,5.59
INV-107907,2025-04-02,C-005,SKU-00029,9,291.00,72.81,Brisbane,R-10,38.50
INV-107908,2025-04-13,C-234,SKU-00026,8,405.00,82.80,Adelaide,R-03,6.48
INV-107909,2024-02-21,C-266,SKU-00003,23,237.00,84.64,Adelaide,R-27,42.55
INV-107910,2025-06-09,C-084,SKU-00041,1,612.00,69.64,Perth,R-26,2.79
INV-107911,2025-09-01,C-316,SKU-00021,17,453.00,74.12,Adelaide,R-09,14.61
INV-107912,2025-02-24,C-417,SKU-00010,7,27.00,87.85,Perth,R-15,23.88
INV-107913,2025-11-17,C-149,SKU-00010,10,27.00,76.50,Perth,R-25,15.14
INV-107914,2024-05-20,C-364,SKU-00019,18,357.00,72.54,Sydney,R-28,30.55
INV-107915,2025-10-10,C-175,SKU-00027,22,107.00,77.44,Perth,R-12,16.62
INV-107916,2025-03-01,C-231,SKU-00025,9,345.00,71.01,Newcastle,R-16,36.39
INV-107917,2024-01-02,C-022,SKU-00039,9,204.00,71.28,Adelaide,R-20,39.46
INV-107918,2025-01-10,C-087,SKU-00032,17,60.00,73.27,Melbourne,R-21,41.43
INV-107919,2025-09-03,C-382,SKU-00024,23,208.00,77.28,Newcastle,R-07,27.90
INV-107920,2024-04-03,C-388,SKU-00012,5,822.00,78.34,Adelaide,R-07,25.15
INV-107921,2025-07-08,C-370,SKU-00030,24,439.00,73.20,Adelaide,R-17,3.11
INV-107922,2024-10-19,C-327,SKU-00054,22,714.00,86.02,Adelaide,R-19,6.45
INV-107923,2025-09-25,C-317,SKU-00027,13,107.00,87.10,Melbourne,R-18,26.94
INV-107924,2024-06-26,C-378,SKU-00025,14,345.00,73.36,Melbourne,R-26,37.85
INV-107925,2024-06-12,C-288,SKU-00027,5,107.00,72.50,Newcastle,R-19,6.71
INV-107926,2025-01-17,C-198,SKU-00032,6,60.00,81.00,Melbourne,R-11,10.14
INV-107927,2024-09-14,C-205,SKU-00002,19,592.00,80.94,Sydney,R-15,13.35
INV-107928,2025-06-25,C-061,SKU-00039,23,204.00,73.37,Sydney,R-08,34.38
INV-107929,2024-10-07,C-169,SKU-00009,13,761.00,71.63,Melbourne,R-23,2.24
INV-107930,2024-02-04,C-093,SKU-00019,3,357.00,66.05,Perth,R-14,39.24
INV-107931,2025-11-06,C-245,SKU-00025,15,345.00,83.40,Perth,R-23,23.19
INV-107932,2024-09-01,C-330,SKU-00025,5,345.00,73.45,Brisbane,R-13,9.32
INV-107933,2024-09-21,C-166,SKU-00018,24,268.00,88.56,Adelaide,R-16,42.57
INV-107934,2024-08-18,C-083,SKU-00025,16,345.00,77.12,Adelaide,R-01,17.89
INV-107935,2024-02-01,C-022,SKU-00034,1,214.00,87.21,Adelaide,R-16,30.01
INV-107936,2024-08-17,C-199,SKU-00013,16,52.00,81.44,Newcastle,R-16,23.40
INV-107937,2025-11-14,C-408,SKU-00023,24,115.00,77.28,Brisbane,R-03,30.07
INV-107938,2024-12-02,C-012,SKU-00051,13,246.00,73.58,Melbourne,R-15,3.10
INV-107939,2024-07-04,C-070,SKU-00013,23,52.00,74.52,Adelaide,R-22,25.44
INV-107940,2025-05-03,C-260,SKU-00026,19,405.00,78.14,Sydney,R-13,15.51
INV-107941,2024-02-10,C-076,SKU-00058,24,513.00,90.24,Perth,R-27,6.55
INV-107942,2024-10-24,C-159,SKU-00048,1,553.00,84.92,Melbourne,R-01,26.71
INV-107943,2025-01-14,C-407,SKU-00026,8,405.00,86.64,Adelaide,R-18,39.07
INV-107944,2024-03-05,C-039,SKU-00024,9,208.00,82.62,Perth,R-14,24.98
INV-107945,2025-08-22,C-354,SKU-00024,3,208.00,82.35,Perth,R-12,26.82
INV-107946,2024-02-01,C-202,SKU-00009,18,761.00,84.42,Newcastle,R-21,32.57
INV-107947,2025-07-22,C-360,SKU-00036,19,224.00,71.82,Melbourne,R-07,9.62
INV-107948,2025-07-07,C-205,SKU-00002,21,592.00,72.03,Sydney,R-11,33.30
INV-107949,2024-04-12,C-010,SKU-00023,1,115.00,88.75,Perth,R-12,10.42
INV-107950,2024-10-19,C-013,SKU-00023,12,115.00,66.57,Perth,R-22,22.85
INV-107951,2025-02-11,C-207,SKU-00054,9,714.00,84.69,Melbourne,R-17,30.55
INV-107952,2024-08-22,C-038,SKU-00054,2,714.00,73.42,Melbourne,R-08,35.88
INV-107953,2025-09-18,C-160,SKU-00040,21,257.00,79.17,Melbourne,R-08,2.84
INV-107954,2025-08-27,C-196,SKU-00019,9,357.00,79.65,Adelaide,R-16,11.73
INV-107955,2024-05-12,C-409,SKU-00029,4,291.00,71.76,Sydney,R-01,0.66
INV-107956,2024-12-25,C-227,SKU-00032,20,60.00,70.40,Adelaide,R-16,0.19
INV-107957,2025-08-08,C-065,SKU-00051,19,246.00,80.56,Adelaide,R-03,6.84
INV-107958,2025-12-01,C-030,SKU-00015,8,332.00,82.16,Brisbane,R-08,18.04
INV-107959,2025-10-07,C-040,SKU-00007,19,284.00,90.82,Melbourne,R-26,10.36
INV-107960,2025-06-11,C-077,SKU-00044,13,183.00,72.48,Adelaide,R-19,2.00
INV-107961,2024-05-28,C-314,SKU-00033,12,111.00,90.48,Newcastle,R-24,24.05
INV-107962,2024-08-27,C-220,SKU-00035,7,571.00,72.87,Adelaide,R-04,43.20
INV-107963,2024-09-15,C-045,SKU-00005,14,643.00,78.54,Newcastle,R-10,13.90
INV-107964,2024-08-08,C-278,SKU-00012,13,822.00,71.50,Melbourne,R-09,32.48
INV-107965,2025-11-27,C-091,SKU-00012,8,822.00,78.00,Brisbane,R-16,25.21
INV-107966,2024-12-09,C-110,SKU-00033,1,111.00,77.29,Brisbane,R-04,19.23
INV-107967,2025-07-08,C-357,SKU-00019,6,357.00,81.66,Newcastle,R-05,28.86
INV-107968,2025-03-02,C-202,SKU-00039,24,204.00,70.32,Newcastle,R-05,15.27
INV-107969,2024-07-13,C-103,SKU-00001,23,569.00,89.93,Sydney,R-10,33.19
INV-107970,2024-07-13,C-173,SKU-00045,11,841.00,82.07,Perth,R-13,30.93
INV-107971,2025-02-18,C-173,SKU-00033,22,111.00,90.20,Perth,R-04,35.58
INV-107972,2025-09-25,C-015,SKU-00040,17,257.00,78.54,Sydney,R-13,33.93
INV-107973,2025-01-11,C-201,SKU-00050,7,201.00,76.93,Perth,R-26,19.55
INV-107974,2024-02-01,C-146,SKU-00007,17,284.00,82.96,Perth,R-27,17.80
INV-107975,2025-03-01,C-043,SKU-00043,22,320.00,72.82,Brisbane,R-22,1.24
INV-107976,2025-10-15,C-383,SKU-00036,15,224.00,88.65,Perth,R-01,44.12
INV-107977,2025-07-08,C-160,SKU-00014,1,632.00,76.22,Melbourne,R-10,32.67
INV-107978,2025-09-01,C-049,SKU-00054,19,714.00,82.27,Melbourne,R-15,19.71
INV-107979,2025-01-10,C-150,SKU-00020,19,702.00,83.79,Brisbane,R-09,40.67
INV-107980,2024-11-04,C-027,SKU-00014,9,632.00,78.00,Brisbane,R-21,2.17
INV-107981,2024-08-03,C-041,SKU-00044,1,183.00,81.44,Adelaide,R-26,27.01
INV-107982,2025-07-04,C-062,SKU-00045,6,841.00,81.12,Perth,R-05,21.99
INV-107983,2025-01-03,C-160,SKU-00026,21,405.00,82.32,Melbourne,R-28,14.10
INV-107984,2024-08-17,C-297,SKU-00050,4,201.00,82.12,Perth,R-26,6.03
INV-107985,2024-09-12,C-239,SKU-00040,14,257.00,78.12,Perth,R-05,26.74
INV-107986,2025-08-18,C-324,SKU-00039,2,204.00,84.56,Newcastle,R-09,42.81
INV-107987,2024-06-15,C-269,SKU-00053,18,589.00,83.16,Newcastle,R-24,7.70
INV-107988,2024-02-09,C-040,SKU-00001,17,569.00,70.89,Melbourne,R-03,2.36
INV-107989,2024-11-15,C-152,SKU-00043,11,320.00,70.73,Melbourne,R-21,23.91
INV-107990,2025-03-26,C-256,SKU-00016,1,574.00,67.28,Sydney,R-10,20.56
INV-107991,2024-05-27,C-148,SKU-00050,11,201.00,89.87,Melbourne,R-09,0.80
INV-107992,2024-03-08,C-043,SKU-00042,11,292.00,84.04,Brisbane,R-10,19.51
INV-107993,2024-02-04,C-265,SKU-00036,12,224.00,81.48,Perth,R-16,21.47
INV-107994,2025-03-22,C-398,SKU-00052,23,834.00,78.89,Adelaide,R-04,24.80
INV-107995,2025-09-26,C-291,SKU-00052,20,834.00,84.60,Melbourne,R-25,35.94
INV-107996,2025-10-05,C-169,SKU-00008,16,232.00,77.12,Melbourne,R-07,27.66
INV-107997,2025-09-26,C-063,SKU-00049,12,840.00,76.44,Sydney,R-16,23.93
INV-107998,2024-08-17,C-369,SKU-00015,20,332.00,80.60,Adelaide,R-06,16.31
INV-107999,2025-03-22,C-084,SKU-00019,9,357.00,72.90,Perth,R-18,10.26
INV-108000,2024-04-23,C-284,SKU-00043,3,320.00,66.60,Melbourne,R-26,34.54
INV-108001,2025-06-10,C-213,SKU-00047,8,371.00,72.56,Brisbane,R-02,23.63
INV-108002,2024-11-27,C-303,SKU-00025,2,345.00,86.62,Perth,R-27,44.96
INV-108003,2025-11-03,C-365,SKU-00004,3,340.00,86.79,Adelaide,R-06,37.42
INV-108004,2025-05-27,C-026,SKU-00032,24,60.00,72.96,Melbourne,R-14,39.30
INV-108005,2025-04-27,C-174,SKU-00031,8,336.00,82.88,Brisbane,R-02,23.88
INV-108006,2024-10-12,C-035,SKU-00037,2,831.00,70.52,Newcastle,R-04,5.41
INV-108007,2024-10-11,C-193,SKU-00015,11,332.00,74.91,Brisbane,R-01,35.29
INV-108008,2025-05-21,C-270,SKU-00051,1,246.00,77.91,Newcastle,R-22,24.03
INV-108009,2024-04-24,C-195,SKU-00048,5,553.00,73.60,Melbourne,R-28,5.04
INV-108010,2024-05-25,C-007,SKU-00012,8,822.00,74.34,Adelaide,R-19,19.88
INV-108011,2025-04-04,C-045,SKU-00031,19,336.00,90.63,Newcastle,R-03,23.72
INV-108012,2024-02-17,C-299,SKU-00022,16,477.00,82.56,Brisbane,R-23,26.50
INV-108013,2025-12-07,C-317,SKU-00029,10,291.00,75.20,Melbourne,R-23,19.31
INV-108014,2025-03-21,C-237,SKU-00005,6,643.00,74.70,Brisbane,R-16,6.72
INV-108015,2025-03-05,C-146,SKU-00026,9,405.00,80.64,Perth,R-18,11.54
INV-108016,2025-07-17,C-048,SKU-00055,4,703.00,81.56,Newcastle,R-15,12.81
INV-108017,2024-07-08,C-364,SKU-00038,9,427.00,77.49,Sydney,R-28,29.07
INV-108018,2025-09-11,C-246,SKU-00023,13,115.00,73.06,Newcastle,R-12,44.91
INV-108019,2024-11-19,C-171,SKU-00046,7,711.00,90.09,Sydney,R-01,25.84
INV-108020,2024-02-28,C-336,SKU-00043,3,320.00,73.42,Perth,R-11,1.15
INV-108021,2024-08-02,C-408,SKU-00030,3,439.00,80.01,Brisbane,R-24,31.53
INV-108022,2024-04-04,C-294,SKU-00016,8,574.00,88.64,Melbourne,R-01,10.17
INV-108023,2025-10-14,C-063,SKU-00001,12,569.00,84.24,Sydney,R-22,37.50
INV-108024,2025-09-26,C-402,SKU-00007,15,284.00,72.75,Melbourne,R-23,32.87
INV-108025,2025-04-04,C-327,SKU-00037,11,831.00,83.27,Adelaide,R-18,10.11
INV-108026,2025-04-10,C-136,SKU-00055,20,703.00,88.60,Sydney,R-08,35.43
INV-108027,2025-09-21,C-140,SKU-00001,17,569.00,81.26,Sydney,R-05,4.54
INV-108028,2025-05-03,C-095,SKU-00025,22,345.00,75.02,Sydney,R-10,1.47
INV-108029,2024-07-26,C-093,SKU-00041,13,612.00,75.27,Perth,R-22,38.67
INV-108030,2025-01-21,C-328,SKU-00006,20,428.00,68.45,Newcastle,R-03,7.60
INV-108031,2024-03-06,C-323,SKU-00006,18,428.00,72.36,Brisbane,R-05,28.41
INV-108032,2024-04-19,C-127,SKU-00057,9,143.00,70.74,Perth,R-25,18.03
INV-108033,2025-06-24,C-345,SKU-00012,8,822.00,83.36,Sydney,R-16,36.10
INV-108034,2025-09-04,C-400,SKU-00037,9,831.00,76.23,Newcastle,R-16,17.20
INV-108035,2025-05-13,C-418,SKU-00019,21,357.00,83.37,Brisbane,R-22,14.10
INV-108036,2024-08-28,C-249,SKU-00009,18,761.00,90.54,Melbourne,R-12,4.38
INV-108037,2024-04-12,C-266,SKU-00055,23,703.00,81.42,Adelaide,R-19,20.58
INV-108038,2024-07-03,C-152,SKU-00032,9,60.00,75.69,Melbourne,R-05,34.78
INV-108039,2024-05-23,C-211,SKU-00017,18,69.00,73.26,Newcastle,R-14,25.54
INV-108040,2024-05-26,C-371,SKU-00021,15,453.00,74.66,Adelaide,R-24,35.66
INV-108041,2024-03-06,C-084,SKU-00005,21,643.00,73.50,Perth,R-27,7.20
INV-108042,2025-07-12,C-273,SKU-00052,23,834.00,76.13,Sydney,R-10,30.84
INV-108043,2025-07-26,C-408,SKU-00032,10,60.00,71.10,Brisbane,R-21,25.03
INV-108044,2024-12-08,C-375,SKU-00033,24,111.00,73.92,Newcastle,R-15,19.48
INV-108045,2025-08-01,C-186,SKU-00052,10,834.00,82.80,Brisbane,R-02,6.85
INV-108046,2024-06-05,C-201,SKU-00002,22,592.00,70.84,Perth,R-24,16.66
INV-108047,2025-11-23,C-211,SKU-00001,19,569.00,83.22,Newcastle,R-01,15.97
INV-108048,2024-07-19,C-124,SKU-00018,10,268.00,81.10,Adelaide,R-21,17.75
INV-108049,2024-03-04,C-136,SKU-00031,6,336.00,83.58,Sydney,R-13,42.77
INV-108050,2024-07-05,C-257,SKU-00003,1,237.00,76.65,Brisbane,R-11,3.76
INV-108051,2025-09-01,C-418,SKU-00023,11,115.00,72.82,Brisbane,R-28,3.05
INV-108052,2024-09-11,C-068,SKU-00020,21,702.00,81.06,Adelaide,R-16,11.44
INV-108053,2025-05-03,C-033,SKU-00047,20,371.00,77.20,Adelaide,R-03,11.68
INV-108054,2025-02-26,C-054,SKU-00021,7,453.00,74.34,Brisbane,R-03,25.38
INV-108055,2024-06-07,C-215,SKU-00019,4,357.00,83.12,Newcastle,R-25,6.38
INV-108056,2024-06-19,C-252,SKU-00048,14,553.00,77.42,Brisbane,R-08,38.73
INV-108057,2024-01-24,C-336,SKU-00047,23,371.00,71.99,Perth,R-05,38.53
INV-108058,2024-04-04,C-190,SKU-00041,1,612.00,78.41,Adelaide,R-06,0.92
INV-108059,2024-09-22,C-285,SKU-00057,20,143.00,85.40,Melbourne,R-14,35.21
INV-108060,2024-08-16,C-133,SKU-00004,20,340.00,68.82,Brisbane,R-11,22.15
INV-108061,2025-09-18,C-030,SKU-00003,23,237.00,88.55,Brisbane,R-18,25.36
INV-108062,2024-11-05,C-227,SKU-00032,5,60.00,72.55,Adelaide,R-23,30.15
INV-108063,2024-05-27,C-096,SKU-00042,17,292.00,72.76,Melbourne,R-05,25.74
INV-108064,2024-12-08,C-108,SKU-00024,22,208.00,85.14,Perth,R-22,34.54
INV-108065,2025-08-02,C-004,SKU-00029,11,291.00,71.17,Perth,R-13,40.61
INV-108066,2024-01-16,C-023,SKU-00026,20,405.00,81.40,Perth,R-13,42.42
INV-108067,2024-09-26,C-393,SKU-00023,3,115.00,88.71,Sydney,R-23,24.16
INV-108068,2025-10-19,C-007,SKU-00056,22,481.00,82.28,Adelaide,R-17,22.63
INV-108069,2025-02-12,C-333,SKU-00006,10,428.00,79.40,Melbourne,R-26,26.90
INV-108070,2025-08-27,C-219,SKU-00012,12,822.00,64.80,Melbourne,R-09,9.14
INV-108071,2025-08-14,C-300,SKU-00029,18,291.00,70.92,Brisbane,R-07,8.87
INV-108072,2025-04-21,C-223,SKU-00051,5,246.00,81.10,Sydney,R-22,3.78
INV-108073,2024-07-20,C-127,SKU-00049,13,840.00,75.40,Perth,R-17,10.53
INV-108074,2025-09-01,C-119,SKU-00019,13,357.00,81.77,Perth,R-13,39.31
INV-108075,2024-11-25,C-003,SKU-00051,5,246.00,73.40,Newcastle,R-06,34.81
INV-108076,2024-12-19,C-111,SKU-00046,10,711.00,71.00,Adelaide,R-15,7.79
INV-108077,2024-06-07,C-308,SKU-00011,2,62.00,85.82,Melbourne,R-17,7.03
INV-108078,2024-05-08,C-390,SKU-00032,12,60.00,80.76,Adelaide,R-18,19.25
INV-108079,2025-11-15,C-417,SKU-00011,2,62.00,87.00,Perth,R-03,39.11
INV-108080,2025-03-02,C-135,SKU-00001,1,569.00,74.70,Newcastle,R-11,22.93
INV-108081,2025-08-09,C-329,SKU-00001,24,569.00,71.28,Newcastle,R-21,40.21
INV-108082,2024-09-13,C-350,SKU-00005,11,643.00,81.40,Perth,R-27,31.80
INV-108083,2025-02-04,C-023,SKU-00008,9,232.00,89.01,Perth,R-21,6.91
INV-108084,2024-11-07,C-093,SKU-00053,1,589.00,70.47,Perth,R-14,17.45
INV-108085,2025-10-17,C-223,SKU-00023,13,115.00,89.05,Sydney,R-07,32.26
INV-108086,2024-03-17,C-078,SKU-00021,18,453.00,83.88,Newcastle,R-23,24.03
INV-108087,2025-05-19,C-397,SKU-00049,18,840.00,88.02,Melbourne,R-21,43.71
INV-108088,2025-04-17,C-315,SKU-00025,24,345.00,82.08,Brisbane,R-18,27.26
INV-108089,2025-06-13,C-067,SKU-00053,4,589.00,89.60,Adelaide,R-22,7.17
INV-108090,2025-06-21,C-052,SKU-00031,16,336.00,68.74,Newcastle,R-21,43.36
INV-108091,2024-12-15,C-271,SKU-00014,24,632.00,83.28,Brisbane,R-03,31.46
INV-108092,2025-06-06,C-362,SKU-00012,1,822.00,77.87,Perth,R-10,9.36
INV-108093,2025-11-25,C-237,SKU-00013,5,52.00,88.65,Brisbane,R-02,8.74
INV-108094,2024-11-22,C-170,SKU-00009,22,761.00,90.86,Brisbane,R-13,5.93
INV-108095,2024-02-21,C-219,SKU-00009,15,761.00,73.65,Melbourne,R-01,32.04
INV-108096,2025-01-11,C-046,SKU-00040,14,257.00,75.46,Perth,R-08,12.88
INV-108097,2024-01-06,C-112,SKU-00035,1,571.00,88.93,Brisbane,R-11,29.72
INV-108098,2025-08-15,C-288,SKU-00019,17,357.00,77.52,Newcastle,R-20,17.68
INV-108099,2025-09-11,C-408,SKU-00053,20,589.00,74.00,Brisbane,R-03,11.48
INV-108100,2024-06-17,C-054,SKU-00040,24,257.00,79.27,Brisbane,R-26,28.92
INV-108101,2025-10-02,C-044,SKU-00011,14,62.00,72.38,Brisbane,R-19,11.05
INV-108102,2025-09-05,C-406,SKU-00029,2,291.00,76.86,Perth,R-08,43.78
INV-108103,2024-09-10,C-244,SKU-00039,8,204.00,80.96,Perth,R-12,23.53
INV-108104,2025-01-12,C-054,SKU-00056,11,481.00,77.66,Brisbane,R-11,7.32
INV-108105,2024-06-21,C-347,SKU-00010,8,27.00,90.24,Brisbane,R-17,5.76
INV-108106,2025-10-24,C-054,SKU-00045,10,841.00,73.70,Brisbane,R-13,38.01
INV-108107,2025-05-25,C-224,SKU-00024,2,208.00,71.08,Sydney,R-04,35.92
INV-108108,2024-05-18,C-238,SKU-00039,3,204.00,84.66,Adelaide,R-28,36.11
INV-108109,2025-09-28,C-282,SKU-00035,5,571.00,87.30,Adelaide,R-12,28.18
INV-108110,2024-08-09,C-370,SKU-00002,1,592.00,71.18,Adelaide,R-18,44.51
INV-108111,2024-03-09,C-201,SKU-00014,9,632.00,76.23,Perth,R-10,42.38
INV-108112,2024-04-14,C-270,SKU-00002,4,592.00,83.84,Newcastle,R-16,14.04
INV-108113,2025-09-12,C-268,SKU-00005,3,643.00,88.08,Newcastle,R-07,26.90
INV-108114,2024-04-25,C-245,SKU-00055,10,703.00,85.60,Perth,R-18,17.89
INV-108115,2025-06-08,C-420,SKU-00036,3,224.00,77.40,Perth,R-07,33.84
INV-108116,2024-07-13,C-272,SKU-00003,1,237.00,78.54,Adelaide,R-04,39.99
INV-108117,2025-02-18,C-400,SKU-00022,15,477.00,77.85,Newcastle,R-28,17.44
INV-108118,2024-01-04,C-270,SKU-00017,24,69.00,73.68,Newcastle,R-14,15.08
INV-108119,2025-10-02,C-257,SKU-00052,8,834.00,71.84,Brisbane,R-10,4.75
INV-108120,2024-12-13,C-180,SKU-00053,23,589.00,79.14,Brisbane,R-22,31.75
INV-108121,2024-07-21,C-203,SKU-00024,10,208.00,71.40,Sydney,R-15,5.12
INV-108122,2025-02-02,C-408,SKU-00012,11,822.00,71.72,Brisbane,R-15,29.33
INV-108123,2025-05-02,C-106,SKU-00042,12,292.00,78.84,Sydney,R-20,33.80
INV-108124,2024-07-21,C-251,SKU-00024,23,208.00,83.95,Perth,R-12,34.18
INV-108125,2025-10-24,C-282,SKU-00024,9,208.00,70.83,Adelaide,R-12,25.41
INV-108126,2025-11-12,C-184,SKU-00036,3,224.00,78.36,Brisbane,R-24,40.59
INV-108127,2024-10-19,C-262,SKU-00029,19,291.00,75.05,Adelaide,R-20,15.94
INV-108128,2025-09-28,C-245,SKU-00052,2,834.00,83.00,Perth,R-09,1.30
INV-108129,2025-12-13,C-205,SKU-00056,17,481.00,77.35,Sydney,R-12,15.08
INV-108130,2024-11-04,C-337,SKU-00024,6,208.00,65.25,Sydney,R-07,25.58
INV-108131,2025-07-08,C-079,SKU-00008,18,232.00,79.02,Newcastle,R-12,30.54
INV-108132,2025-08-21,C-058,SKU-00015,13,332.00,70.33,Adelaide,R-10,18.71
INV-108133,2024-02-26,C-085,SKU-00023,4,115.00,81.52,Newcastle,R-10,38.96
INV-108134,2025-06-27,C-156,SKU-00024,3,208.00,83.25,Melbourne,R-16,19.94
INV-108135,2025-10-15,C-022,SKU-00023,10,115.00,85.40,Adelaide,R-16,0.32
INV-108136,2025-05-24,C-111,SKU-00057,12,143.00,71.16,Adelaide,R-05,26.71
INV-108137,2025-10-19,C-106,SKU-00058,13,513.00,90.74,Sydney,R-05,33.85
INV-108138,2025-02-24,C-371,SKU-00035,6,571.00,76.32,Adelaide,R-18,3.19
INV-108139,2025-11-12,C-158,SKU-00040,19,257.00,89.49,Melbourne,R-18,24.83
INV-108140,2024-02-01,C-277,SKU-00052,19,834.00,80.93,Newcastle,R-08,44.47
INV-108141,2024-12-18,C-362,SKU-00056,12,481.00,86.88,Perth,R-18,3.30
INV-108142,2024-12-21,C-296,SKU-00033,18,111.00,72.18,Newcastle,R-23,25.91
INV-108143,2024-08-06,C-276,SKU-00043,15,320.00,73.80,Perth,R-19,4.35
INV-108144,2025-05-17,C-029,SKU-00039,11,204.00,81.62,Adelaide,R-10,32.87
INV-108145,2024-05-03,C-298,SKU-00002,1,592.00,84.98,Perth,R-23,26.06
INV-108146,2025-07-11,C-062,SKU-00016,13,574.00,77.74,Perth,R-14,38.71
INV-108147,2024-03-14,C-392,SKU-00010,18,27.00,81.90,Sydney,R-10,17.89
INV-108148,2024-04-18,C-076,SKU-00021,18,453.00,76.50,Perth,R-18,39.66
INV-108149,2025-07-02,C-066,SKU-00014,12,632.00,70.80,Adelaide,R-03,0.25
INV-108150,2025-10-16,C-315,SKU-00012,15,822.00,77.97,Brisbane,R-24,8.90
INV-108151,2024-01-26,C-148,SKU-00052,9,834.00,75.60,Melbourne,R-02,9.82
INV-108152,2025-03-06,C-325,SKU-00017,2,69.00,82.44,Sydney,R-01,34.41
INV-108153,2024-11-18,C-116,SKU-00021,4,453.00,73.40,Sydney,R-19,22.69
INV-108154,2024-12-12,C-019,SKU-00024,13,208.00,71.37,Newcastle,R-26,42.59
INV-108155,2024-01-11,C-252,SKU-00047,17,371.00,70.38,Brisbane,R-21,1.93
INV-108156,2025-03-23,C-062,SKU-00001,2,569.00,73.28,Perth,R-04,26.25
INV-108157,2025-07-16,C-388,SKU-00037,19,831.00,80.37,Adelaide,R-08,7.16
INV-108158,2024-04-21,C-319,SKU-00027,20,107.00,89.20,Perth,R-05,33.93
INV-108159,2025-12-15,C-056,SKU-00005,21,643.00,81.90,Adelaide,R-21,40.69
INV-108160,2024-08-13,C-318,SKU-00029,2,291.00,81.16,Adelaide,R-16,41.09
INV-108161,2025-04-15,C-384,SKU-00003,11,237.00,80.19,Perth,R-04,28.91
INV-108162,2024-01-21,C-005,SKU-00006,15,428.00,79.50,Brisbane,R-02,40.37
INV-108163,2024-02-13,C-273,SKU-00048,14,553.00,75.88,Sydney,R-10,43.60
INV-108164,2024-01-06,C-348,SKU-00036,2,224.00,72.72,Sydney,R-02,13.66
INV-108165,2024-08-06,C-060,SKU-00002,4,592.00,70.44,Brisbane,R-04,33.35
INV-108166,2024-12-23,C-228,SKU-00014,22,632.00,75.68,Perth,R-26,37.53
INV-108167,2024-12-27,C-116,SKU-00007,7,284.00,70.98,Sydney,R-26,6.24
INV-108168,2024-12-24,C-347,SKU-00046,14,711.00,80.64,Brisbane,R-16,14.68
INV-108169,2024-06-05,C-367,SKU-00051,23,246.00,89.70,Melbourne,R-15,33.62
INV-108170,2024-11-14,C-037,SKU-00036,7,224.00,73.35,Adelaide,R-06,30.49
INV-108171,2025-07-17,C-297,SKU-00033,16,111.00,90.56,Perth,R-26,18.56
INV-108172,2025-06-13,C-223,SKU-00001,16,569.00,86.08,Sydney,R-09,42.04
INV-108173,2025-03-24,C-381,SKU-00018,13,268.00,73.06,Perth,R-03,33.95
INV-108174,2024-07-08,C-105,SKU-00053,18,589.00,83.70,Sydney,R-05,38.13
INV-108175,2024-05-04,C-057,SKU-00005,15,643.00,73.20,Sydney,R-16,6.26
INV-108176,2025-12-04,C-317,SKU-00008,10,232.00,83.30,Melbourne,R-07,44.98
INV-108177,2025-11-28,C-092,SKU-00055,17,703.00,74.80,Brisbane,R-17,24.82
INV-108178,2024-05-16,C-293,SKU-00006,13,428.00,78.00,Adelaide,R-17,14.83
INV-108179,2024-12-25,C-080,SKU-00011,14,62.00,87.92,Newcastle,R-02,22.20
INV-108180,2025-06-13,C-150,SKU-00023,13,115.00,80.01,Brisbane,R-21,38.40
INV-108181,2025-11-26,C-093,SKU-00019,17,357.00,75.48,Perth,R-28,41.32
INV-108182,2025-09-12,C-170,SKU-00001,6,569.00,81.54,Brisbane,R-03,15.52
INV-108183,2025-10-20,C-106,SKU-00030,7,439.00,77.84,Sydney,R-12,40.21
INV-108184,2025-12-03,C-183,SKU-00004,12,340.00,77.64,Perth,R-17,9.00
INV-108185,2025-02-11,C-259,SKU-00040,2,257.00,77.54,Sydney,R-10,20.34
INV-108186,2025-09-11,C-198,SKU-00022,5,477.00,88.30,Melbourne,R-06,28.89
INV-108187,2024-09-21,C-384,SKU-00050,6,201.00,70.80,Perth,R-03,10.98
INV-108188,2024-02-13,C-013,SKU-00044,2,183.00,80.30,Perth,R-11,22.75
INV-108189,2024-03-22,C-368,SKU-00051,19,246.00,70.68,Sydney,R-24,33.87
INV-108190,2025-01-20,C-409,SKU-00028,21,722.00,72.64,Sydney,R-09,18.10
INV-108191,2025-10-11,C-207,SKU-00004,15,340.00,76.80,Melbourne,R-21,9.90
INV-108192,2024-12-02,C-330,SKU-00043,22,320.00,82.28,Brisbane,R-19,35.35
INV-108193,2024-03-17,C-332,SKU-00043,24,320.00,72.72,Perth,R-18,34.55
INV-108194,2024-08-17,C-298,SKU-00038,17,427.00,87.55,Perth,R-19,28.72
INV-108195,2025-10-02,C-156,SKU-00052,1,834.00,89.48,Melbourne,R-09,6.91
INV-108196,2024-01-13,C-370,SKU-00010,6,27.00,83.28,Adelaide,R-07,15.19
INV-108197,2024-04-28,C-306,SKU-00044,10,183.00,86.00,Brisbane,R-22,26.38
INV-108198,2025-09-16,C-034,SKU-00014,1,632.00,86.38,Sydney,R-02,9.18
INV-108199,2024-10-15,C-030,SKU-00005,20,643.00,77.60,Brisbane,R-06,33.16
INV-108200,2024-07-10,C-161,SKU-00022,14,477.00,79.60,Perth,R-13,34.02
INV-108201,2025-10-26,C-306,SKU-00055,14,703.00,76.72,Brisbane,R-02,34.20
INV-108202,2025-07-05,C-416,SKU-00011,10,62.00,88.20,Melbourne,R-23,29.00
INV-108203,2024-05-08,C-102,SKU-00019,6,357.00,78.24,Adelaide,R-22,5.82
INV-108204,2025-07-17,C-290,SKU-00043,2,320.00,73.48,Perth,R-23,38.93
INV-108205,2024-07-06,C-197,SKU-00028,24,722.00,76.32,Melbourne,R-13,19.37
INV-108206,2024-01-05,C-124,SKU-00056,16,481.00,80.64,Adelaide,R-07,10.75
INV-108207,2024-11-03,C-144,SKU-00012,19,822.00,75.24,Newcastle,R-06,8.88
INV-108208,2024-09-14,C-290,SKU-00050,9,201.00,84.06,Perth,R-18,17.64
INV-108209,2024-03-23,C-111,SKU-00008,6,232.00,85.44,Adelaide,R-09,14.19
INV-108210,2025-01-21,C-153,SKU-00024,3,208.00,65.14,Perth,R-17,25.08
INV-108211,2025-09-17,C-120,SKU-00008,7,232.00,73.29,Adelaide,R-26,42.13
INV-108212,2025-07-11,C-244,SKU-00022,19,477.00,83.79,Perth,R-17,35.32
INV-108213,2024-08-13,C-130,SKU-00052,22,834.00,73.70,Sydney,R-25,29.95
INV-108214,2025-10-21,C-227,SKU-00032,7,60.00,75.18,Adelaide,R-01,34.23
INV-108215,2025-11-19,C-289,SKU-00007,11,284.00,88.88,Perth,R-10,0.00
INV-108216,2024-05-23,C-065,SKU-00048,9,553.00,73.44,Adelaide,R-13,39.00
INV-108217,2025-06-25,C-337,SKU-00002,11,592.00,71.06,Sydney,R-24,22.56
INV-108218,2024-02-10,C-246,SKU-00011,3,62.00,89.85,Newcastle,R-08,11.82
INV-108219,2025-08-08,C-016,SKU-00053,24,589.00,86.88,Brisbane,R-20,32.93
INV-108220,2024-01-24,C-033,SKU-00024,11,208.00,77.11,Adelaide,R-11,28.66
INV-108221,2025-02-04,C-184,SKU-00024,2,208.00,84.16,Brisbane,R-18,0.18
INV-108222,2025-06-22,C-036,SKU-00055,13,703.00,74.10,Melbourne,R-05,25.45
INV-108223,2025-12-26,C-262,SKU-00023,5,115.00,77.40,Adelaide,R-23,5.09
INV-108224,2025-06-12,C-305,SKU-00052,20,834.00,76.80,Perth,R-19,41.64
INV-108225,2024-11-20,C-078,SKU-00047,16,371.00,83.52,Newcastle,R-19,5.82
INV-108226,2024-06-08,C-008,SKU-00036,12,224.00,84.00,Newcastle,R-02,28.47
INV-108227,2025-03-13,C-370,SKU-00056,24,481.00,74.16,Adelaide,R-03,19.04
INV-108228,2024-04-13,C-016,SKU-00048,6,553.00,87.72,Brisbane,R-12,29.37
INV-108229,2025-02-14,C-239,SKU-00029,18,291.00,84.42,Perth,R-24,18.32
INV-108230,2024-08-23,C-294,SKU-00047,6,371.00,67.23,Melbourne,R-13,15.68
INV-108231,2025-06-01,C-266,SKU-00025,15,345.00,75.75,Adelaide,R-24,22.71
INV-108232,2024-06-24,C-388,SKU-00020,21,702.00,79.59,Adelaide,R-06,13.25
INV-108233,2025-12-22,C-237,SKU-00041,3,612.00,80.73,Brisbane,R-09,27.44
INV-108234,2024-05-19,C-162,SKU-00010,11,27.00,78.54,Perth,R-12,16.79
INV-108235,2025-08-03,C-347,SKU-00045,23,841.00,79.58,Brisbane,R-03,27.74
INV-108236,2024-10-01,C-347,SKU-00052,17,834.00,75.48,Brisbane,R-16,13.48
INV-108237,2025-10-06,C-378,SKU-00037,14,831.00,88.62,Melbourne,R-09,43.90
INV-108238,2024-02-21,C-141,SKU-00043,12,320.00,77.28,Perth,R-05,30.11
INV-108239,2024-10-01,C-281,SKU-00048,18,553.00,85.50,Melbourne,R-11,19.24
INV-108240,2024-06-08,C-253,SKU-00034,4,214.00,74.12,Melbourne,R-22,41.69
INV-108241,2024-03-16,C-008,SKU-00020,12,702.00,73.44,Newcastle,R-17,13.86
INV-108242,2024-10-03,C-412,SKU-00043,22,320.00,71.72,Newcastle,R-14,14.10
INV-108243,2025-09-19,C-104,SKU-00009,11,761.00,74.80,Melbourne,R-10,7.85
INV-108244,2025-09-24,C-335,SKU-00036,5,224.00,82.05,Brisbane,R-03,36.55
INV-108245,2025-09-03,C-234,SKU-00023,4,115.00,78.40,Adelaide,R-07,30.51
INV-108246,2025-10-17,C-157,SKU-00043,5,320.00,80.15,Sydney,R-20,10.92
INV-108247,2024-11-12,C-203,SKU-00016,5,574.00,77.25,Sydney,R-06,26.78
INV-108248,2025-04-04,C-033,SKU-00013,14,52.00,72.24,Adelaide,R-25,20.82
INV-108249,2025-03-13,C-201,SKU-00026,8,405.00,86.48,Perth,R-23,9.85
INV-108250,2025-03-20,C-340,SKU-00043,6,320.00,64.75,Newcastle,R-08,1.19
INV-108251,2025-04-09,C-073,SKU-00039,6,204.00,74.88,Melbourne,R-05,30.50
INV-108252,2025-12-04,C-145,SKU-00053,9,589.00,84.06,Sydney,R-02,4.16
INV-108253,2024-05-17,C-334,SKU-00009,23,761.00,90.85,Brisbane,R-21,37.83
INV-108254,2024-12-18,C-170,SKU-00027,16,107.00,78.40,Brisbane,R-03,21.28
INV-108255,2024-09-22,C-290,SKU-00033,13,111.00,81.25,Perth,R-12,15.36
INV-108256,2024-04-10,C-167,SKU-00041,8,612.00,75.76,Sydney,R-16,11.35
INV-108257,2024-10-03,C-178,SKU-00004,19,340.00,71.06,Newcastle,R-08,10.48
INV-108258,2024-10-10,C-354,SKU-00030,15,439.00,75.15,Perth,R-02,13.40
INV-108259,2024-06-16,C-315,SKU-00049,24,840.00,82.56,Brisbane,R-23,14.24
INV-108260,2025-09-22,C-090,SKU-00027,7,107.00,68.07,Newcastle,R-16,16.05
INV-108261,2024-04-12,C-258,SKU-00022,8,477.00,89.68,Perth,R-07,34.25
INV-108262,2024-09-22,C-043,SKU-00056,2,481.00,70.82,Brisbane,R-27,15.45
INV-108263,2024-10-24,C-063,SKU-00030,3,439.00,84.54,Sydney,R-19,27.86
INV-108264,2025-08-08,C-249,SKU-00010,12,27.00,80.64,Melbourne,R-19,0.48
INV-108265,2025-05-10,C-180,SKU-00034,14,214.00,73.22,Brisbane,R-14,15.59
INV-108266,2025-11-16,C-155,SKU-00027,15,107.00,84.00,Perth,R-05,7.83
INV-108267,2024-07-12,C-392,SKU-00043,8,320.00,84.88,Sydney,R-24,27.04
INV-108268,2025-11-08,C-047,SKU-00053,3,589.00,80.07,Perth,R-12,9.10
INV-108269,2024-12-08,C-272,SKU-00035,13,571.00,77.74,Adelaide,R-07,1.13
INV-108270,2024-10-06,C-312,SKU-00052,4,834.00,76.91,Perth,R-19,36.05
INV-108271,2025-10-06,C-259,SKU-00010,20,27.00,70.80,Sydney,R-13,23.68
INV-108272,2025-10-07,C-367,SKU-00008,6,232.00,72.96,Melbourne,R-10,28.92
INV-108273,2024-02-25,C-166,SKU-00015,6,332.00,85.98,Adelaide,R-06,4.50
INV-108274,2024-02-11,C-283,SKU-00013,9,52.00,74.79,Brisbane,R-04,25.46
INV-108275,2025-06-23,C-038,SKU-00041,17,612.00,85.34,Melbourne,R-03,28.10
INV-108276,2025-10-20,C-245,SKU-00008,1,232.00,76.72,Perth,R-03,36.26
INV-108277,2025-01-21,C-054,SKU-00029,22,291.00,75.46,Brisbane,R-16,8.27
INV-108278,2025-12-12,C-280,SKU-00037,2,831.00,74.52,Newcastle,R-25,24.48
INV-108279,2025-11-14,C-027,SKU-00056,10,481.00,82.80,Brisbane,R-08,4.20
INV-108280,2025-04-08,C-125,SKU-00015,13,332.00,65.18,Brisbane,R-21,15.09
INV-108281,2024-08-14,C-146,SKU-00056,3,481.00,76.59,Perth,R-02,32.30
INV-108282,2024-11-08,C-151,SKU-00054,18,714.00,78.12,Melbourne,R-25,4.37
INV-108283,2025-09-19,C-103,SKU-00047,9,371.00,78.12,Sydney,R-07,25.84
INV-108284,2025-09-11,C-305,SKU-00012,13,822.00,83.98,Perth,R-03,28.98
INV-108285,2025-02-15,C-239,SKU-00003,19,237.00,83.79,Perth,R-10,20.61
INV-108286,2025-09-28,C-216,SKU-00050,14,201.00,75.74,Brisbane,R-06,23.39
INV-108287,2024-02-16,C-147,SKU-00002,15,592.00,75.60,Sydney,R-05,38.18
INV-108288,2025-11-15,C-068,SKU-00004,15,340.00,85.80,Adelaide,R-21,25.78
INV-108289,2024-02-27,C-339,SKU-00016,16,574.00,79.84,Adelaide,R-17,15.73
INV-108290,2024-02-06,C-264,SKU-00017,16,69.00,80.37,Brisbane,R-16,27.08
INV-108291,2024-06-27,C-105,SKU-00050,8,201.00,76.96,Sydney,R-10,12.97
INV-108292,2025-07-08,C-125,SKU-00045,22,841.00,79.42,Brisbane,R-22,21.01
INV-108293,2025-01-24,C-420,SKU-00045,1,841.00,75.19,Perth,R-03,11.83
INV-108294,2024-07-02,C-187,SKU-00014,12,632.00,75.48,Brisbane,R-03,20.19
INV-108295,2025-06-28,C-101,SKU-00027,10,107.00,73.60,Newcastle,R-09,24.70
INV-108296,2024-05-26,C-242,SKU-00039,6,204.00,81.36,Sydney,R-18,5.76
INV-108297,2024-01-18,C-263,SKU-00009,12,761.00,70.56,Newcastle,R-13,7.34
INV-108298,2025-04-10,C-389,SKU-00004,8,340.00,84.56,Perth,R-08,25.09
INV-108299,2025-10-13,C-185,SKU-00024,11,208.00,84.70,Sydney,R-06,9.78
INV-108300,2024-06-06,C-290,SKU-00044,23,183.00,80.41,Perth,R-06,40.48
INV-108301,2025-04-09,C-344,SKU-00016,10,574.00,70.60,Melbourne,R-24,10.33
INV-108302,2025-09-21,C-308,SKU-00051,3,246.00,75.09,Melbourne,R-15,43.19
INV-108303,2024-01-12,C-046,SKU-00046,10,711.00,77.30,Perth,R-01,13.37
INV-108304,2024-06-25,C-123,SKU-00047,13,371.00,86.45,Brisbane,R-09,31.58
INV-108305,2024-09-12,C-237,SKU-00038,15,427.00,73.20,Brisbane,R-28,7.95
INV-108306,2025-11-05,C-395,SKU-00031,10,336.00,77.70,Sydney,R-22,0.70
INV-108307,2025-07-14,C-001,SKU-00037,4,831.00,82.56,Adelaide,R-01,40.08
INV-108308,2025-05-10,C-399,SKU-00024,10,208.00,74.30,Perth,R-02,25.17
INV-108309,2025-03-12,C-398,SKU-00024,1,208.00,82.21,Adelaide,R-12,34.28
INV-108310,2025-12-27,C-182,SKU-00056,22,481.00,79.54,Perth,R-17,18.22
INV-108311,2024-05-03,C-224,SKU-00036,16,224.00,83.84,Sydney,R-01,6.56
INV-108312,2024-07-19,C-198,SKU-00057,18,143.00,73.98,Melbourne,R-17,17.67
INV-108313,2024-08-03,C-203,SKU-00050,9,201.00,82.17,Sydney,R-01,28.23
INV-108314,2025-09-01,C-166,SKU-00042,20,292.00,72.00,Adelaide,R-23,37.38
INV-108315,2024-03-16,C-184,SKU-00036,8,224.00,79.36,Brisbane,R-05,5.15
INV-108316,2024-06-15,C-281,SKU-00015,14,332.00,84.14,Melbourne,R-16,11.20
INV-108317,2025-03-19,C-259,SKU-00009,22,761.00,90.86,Sydney,R-13,10.56
INV-108318,2024-10-15,C-118,SKU-00044,18,183.00,85.68,Brisbane,R-27,33.44
INV-108319,2025-05-05,C-145,SKU-00019,21,357.00,89.46,Sydney,R-19,23.56
INV-108320,2025-05-15,C-147,SKU-00013,19,52.00,69.05,Sydney,R-17,19.17
INV-108321,2024-11-11,C-374,SKU-00007,6,284.00,82.20,Newcastle,R-12,43.12
INV-108322,2024-02-14,C-299,SKU-00031,18,336.00,84.96,Brisbane,R-27,41.48
INV-108323,2024-03-03,C-402,SKU-00036,13,224.00,74.75,Melbourne,R-17,8.64
INV-108324,2025-01-10,C-155,SKU-00002,3,592.00,71.97,Perth,R-17,38.70
INV-108325,2025-06-24,C-117,SKU-00013,23,52.00,84.41,Adelaide,R-11,35.94
INV-108326,2025-12-28,C-396,SKU-00019,22,357.00,78.32,Adelaide,R-04,3.92
INV-108327,2024-09-19,C-036,SKU-00002,22,592.00,71.06,Melbourne,R-02,37.36
INV-108328,2025-12-20,C-378,SKU-00032,19,60.00,72.77,Melbourne,R-28,19.03
INV-108329,2025-02-15,C-349,SKU-00048,3,553.00,85.44,Sydney,R-25,34.92
INV-108330,2025-09-21,C-277,SKU-00008,15,232.00,65.55,Newcastle,R-23,22.14
INV-108331,2025-06-06,C-238,SKU-00044,13,183.00,78.91,Adelaide,R-21,41.77
INV-108332,2024-12-12,C-343,SKU-00007,19,284.00,87.97,Newcastle,R-18,29.35
INV-108333,2024-04-23,C-003,SKU-00037,19,831.00,87.02,Newcastle,R-12,0.87
INV-108334,2025-10-15,C-111,SKU-00010,7,27.00,79.94,Adelaide,R-26,0.20
INV-108335,2025-11-17,C-104,SKU-00045,15,841.00,78.30,Melbourne,R-09,33.42
INV-108336,2025-04-11,C-123,SKU-00005,5,643.00,71.90,Brisbane,R-14,34.33
INV-108337,2025-03-17,C-369,SKU-00029,21,291.00,70.98,Adelaide,R-26,21.00
INV-108338,2024-02-01,C-039,SKU-00046,16,711.00,86.72,Perth,R-13,20.34
INV-108339,2025-10-08,C-417,SKU-00035,2,571.00,78.26,Perth,R-24,34.78
INV-108340,2025-05-25,C-311,SKU-00037,2,831.00,81.82,Newcastle,R-25,30.54
INV-108341,2024-10-02,C-057,SKU-00038,2,427.00,78.58,Sydney,R-01,3.91
INV-108342,2025-12-19,C-333,SKU-00021,6,453.00,81.66,Melbourne,R-20,20.04
INV-108343,2025-02-23,C-293,SKU-00037,22,831.00,71.06,Adelaide,R-23,29.55
INV-108344,2024-04-10,C-185,SKU-00019,6,357.00,79.50,Sydney,R-03,42.81
INV-108345,2025-06-27,C-357,SKU-00005,4,643.00,89.96,Newcastle,R-27,13.90
INV-108346,2024-04-01,C-215,SKU-00053,16,589.00,72.16,Newcastle,R-11,21.62
INV-108347,2025-12-28,C-163,SKU-00001,16,569.00,84.96,Newcastle,R-21,5.90
INV-108348,2025-07-11,C-285,SKU-00021,1,453.00,82.25,Melbourne,R-14,30.85
INV-108349,2024-07-19,C-393,SKU-00007,20,284.00,75.60,Sydney,R-12,0.10
INV-108350,2024-12-28,C-417,SKU-00053,20,589.00,81.88,Perth,R-07,17.36
INV-108351,2024-07-12,C-219,SKU-00033,14,111.00,76.58,Melbourne,R-17,10.12
INV-108352,2025-11-27,C-187,SKU-00014,9,632.00,90.36,Brisbane,R-18,16.92
INV-108353,2024-02-10,C-228,SKU-00036,2,224.00,89.46,Perth,R-15,39.50
INV-108354,2025-09-08,C-014,SKU-00044,7,183.00,82.53,Sydney,R-16,25.80
INV-108355,2024-01-12,C-217,SKU-00001,5,569.00,74.15,Newcastle,R-04,11.92
INV-108356,2024-01-04,C-114,SKU-00003,6,237.00,71.34,Sydney,R-03,11.96
INV-108357,2025-09-12,C-094,SKU-00026,3,405.00,87.33,Adelaide,R-01,18.37
INV-108358,2024-09-06,C-363,SKU-00021,22,453.00,89.54,Perth,R-23,15.80
INV-108359,2024-04-15,C-275,SKU-00015,9,332.00,81.45,Adelaide,R-18,41.26
INV-108360,2025-01-04,C-308,SKU-00008,21,232.00,68.39,Melbourne,R-19,14.82
INV-108361,2025-05-27,C-342,SKU-00041,1,612.00,81.54,Melbourne,R-16,18.49
INV-108362,2024-06-16,C-044,SKU-00037,14,831.00,80.64,Brisbane,R-25,34.62
INV-108363,2024-02-25,C-331,SKU-00021,7,453.00,85.47,Adelaide,R-03,19.19
INV-108364,2025-02-19,C-344,SKU-00014,11,632.00,76.45,Melbourne,R-21,35.48
INV-108365,2025-01-19,C-006,SKU-00001,17,569.00,76.84,Sydney,R-23,17.26
INV-108366,2024-10-22,C-170,SKU-00028,12,722.00,81.24,Brisbane,R-14,38.84
INV-108367,2025-10-19,C-300,SKU-00010,15,27.00,87.45,Brisbane,R-04,0.09
INV-108368,2025-09-19,C-157,SKU-00019,11,357.00,88.77,Sydney,R-12,27.32
INV-108369,2025-07-26,C-371,SKU-00013,5,52.00,80.20,Adelaide,R-02,2.15
INV-108370,2025-02-27,C-329,SKU-00033,11,111.00,69.63,Newcastle,R-26,20.20
INV-108371,2024-07-14,C-386,SKU-00011,18,62.00,72.72,Brisbane,R-22,36.43
INV-108372,2025-03-20,C-107,SKU-00031,2,336.00,73.52,Melbourne,R-28,27.68
INV-108373,2025-12-15,C-210,SKU-00011,11,62.00,86.90,Adelaide,R-15,20.51
INV-108374,2024-02-06,C-300,SKU-00040,11,257.00,85.47,Brisbane,R-13,35.86
INV-108375,2025-04-11,C-221,SKU-00055,8,703.00,71.04,Newcastle,R-08,25.28
INV-108376,2025-03-12,C-059,SKU-00007,24,284.00,71.28,Perth,R-07,5.72
INV-108377,2025-12-15,C-364,SKU-00033,2,111.00,84.88,Sydney,R-27,38.80
INV-108378,2024-01-16,C-136,SKU-00033,12,111.00,89.40,Sydney,R-09,14.25
INV-108379,2024-07-27,C-149,SKU-00010,21,27.00,70.35,Perth,R-13,15.49
INV-108380,2024-05-07,C-185,SKU-00009,4,761.00,65.98,Sydney,R-26,15.72
INV-108381,2024-05-27,C-286,SKU-00001,18,569.00,72.54,Brisbane,R-05,4.71
INV-108382,2025-07-13,C-279,SKU-00005,1,643.00,83.44,Sydney,R-05,41.09
INV-108383,2024-04-22,C-312,SKU-00024,10,208.00,77.90,Perth,R-07,41.82
INV-108384,2024-12-18,C-107,SKU-00031,5,336.00,71.65,Melbourne,R-03,25.52
INV-108385,2025-01-23,C-340,SKU-00012,2,822.00,88.28,Newcastle,R-16,18.88
INV-108386,2024-05-23,C-312,SKU-00010,17,27.00,90.78,Perth,R-11,5.72
INV-108387,2025-10-24,C-410,SKU-00035,14,571.00,71.68,Brisbane,R-04,18.27
INV-108388,2025-06-26,C-057,SKU-00026,4,405.00,77.64,Sydney,R-12,7.59
INV-108389,2025-02-18,C-095,SKU-00046,9,711.00,85.77,Sydney,R-23,10.47
INV-108390,2025-12-07,C-026,SKU-00055,10,703.00,80.41,Melbourne,R-03,9.78
INV-108391,2024-03-27,C-070,SKU-00054,24,714.00,83.04,Adelaide,R-04,12.49
INV-108392,2025-03-23,C-208,SKU-00025,15,345.00,86.85,Perth,R-10,15.78
INV-108393,2024-03-24,C-229,SKU-00025,2,345.00,86.48,Brisbane,R-27,31.77
INV-108394,2024-10-05,C-171,SKU-00051,19,246.00,80.75,Sydney,R-27,29.97
INV-108395,2025-10-12,C-016,SKU-00049,15,840.00,74.70,Brisbane,R-07,38.57
INV-108396,2025-06-20,C-181,SKU-00021,21,453.00,80.64,Perth,R-17,18.45
INV-108397,2025-06-24,C-064,SKU-00033,20,111.00,78.80,Newcastle,R-17,36.89
INV-108398,2024-10-16,C-116,SKU-00045,23,841.00,80.96,Sydney,R-19,28.94
INV-108399,2024-10-26,C-352,SKU-00002,18,592.00,89.64,Melbourne,R-01,1.83
INV-108400,2025-03-28,C-248,SKU-00051,13,246.00,71.28,Newcastle,R-20,9.38
INV-108401,2025-10-16,C-159,SKU-00047,19,371.00,73.15,Melbourne,R-24,19.34
INV-108402,2025-07-21,C-088,SKU-00054,18,714.00,85.50,Adelaide,R-06,30.20
INV-108403,2024-03-22,C-061,SKU-00058,5,513.00,89.45,Sydney,R-28,36.40
INV-108404,2024-06-23,C-014,SKU-00044,7,183.00,71.26,Sydney,R-11,35.50
INV-108405,2025-04-19,C-183,SKU-00035,22,571.00,74.58,Perth,R-21,35.06
INV-108406,2024-08-26,C-256,SKU-00003,21,237.00,85.89,Sydney,R-09,38.01
INV-108407,2024-09-09,C-391,SKU-00055,13,703.00,72.15,Sydney,R-19,21.35
INV-108408,2025-10-10,C-072,SKU-00047,19,371.00,87.02,Perth,R-13,36.05
INV-108409,2025-09-14,C-001,SKU-00033,4,111.00,71.24,Adelaide,R-21,9.76
INV-108410,2025-11-27,C-092,SKU-00044,10,183.00,72.59,Brisbane,R-26,34.37
INV-108411,2025-11-08,C-039,SKU-00008,11,232.00,90.75,Perth,R-28,7.34
INV-108412,2025-11-02,C-126,SKU-00050,24,201.00,89.76,Perth,R-25,35.42
INV-108413,2025-09-22,C-388,SKU-00018,4,268.00,76.00,Adelaide,R-03,17.48
INV-108414,2025-04-21,C-364,SKU-00050,1,201.00,74.54,Sydney,R-25,17.47
INV-108415,2024-10-09,C-136,SKU-00011,8,62.00,71.44,Sydney,R-17,28.49
INV-108416,2024-05-14,C-245,SKU-00011,15,62.00,81.15,Perth,R-10,11.74
INV-108417,2025-01-06,C-211,SKU-00012,13,822.00,73.45,Newcastle,R-26,4.44
INV-108418,2024-08-07,C-009,SKU-00010,14,27.00,74.06,Brisbane,R-04,10.16
INV-108419,2025-02-06,C-386,SKU-00006,21,428.00,74.13,Brisbane,R-02,12.30
INV-108420,2024-12-15,C-025,SKU-00007,1,284.00,82.65,Brisbane,R-07,8.08
INV-108421,2024-06-12,C-147,SKU-00032,5,60.00,88.05,Sydney,R-23,34.94
INV-108422,2024-01-04,C-007,SKU-00003,17,237.00,85.00,Adelaide,R-21,13.96
INV-108423,2024-03-12,C-269,SKU-00049,13,840.00,76.70,Newcastle,R-19,16.47
INV-108424,2025-10-01,C-321,SKU-00048,20,553.00,71.00,Sydney,R-07,24.74
INV-108425,2025-02-25,C-332,SKU-00007,7,284.00,73.43,Perth,R-05,39.43
INV-108426,2024-07-06,C-116,SKU-00023,18,115.00,77.40,Sydney,R-24,14.48
INV-108427,2024-04-28,C-282,SKU-00049,11,840.00,72.49,Adelaide,R-01,21.97
INV-108428,2025-12-08,C-034,SKU-00025,15,345.00,89.10,Sydney,R-14,37.78
INV-108429,2024-08-16,C-062,SKU-00051,20,246.00,77.00,Perth,R-22,15.67
INV-108430,2025-03-25,C-145,SKU-00035,14,571.00,70.32,Sydney,R-02,11.21
INV-108431,2025-10-13,C-382,SKU-00057,7,143.00,70.91,Newcastle,R-01,18.40
INV-108432,2024-06-04,C-244,SKU-00001,14,569.00,76.86,Perth,R-24,28.27
INV-108433,2024-08-04,C-346,SKU-00037,23,831.00,71.76,Newcastle,R-02,36.72
INV-108434,2024-06-04,C-278,SKU-00024,11,208.00,84.81,Melbourne,R-13,26.73
INV-108435,2025-01-21,C-156,SKU-00022,12,477.00,90.84,Melbourne,R-10,34.24
INV-108436,2024-08-23,C-414,SKU-00046,4,711.00,72.00,Melbourne,R-27,13.10
INV-108437,2025-03-11,C-195,SKU-00045,5,841.00,70.70,Melbourne,R-17,16.28
INV-108438,2025-04-07,C-224,SKU-00028,4,722.00,87.84,Sydney,R-27,5.26
INV-108439,2024-05-26,C-137,SKU-00029,18,291.00,89.28,Perth,R-17,25.92
INV-108440,2024-12-04,C-150,SKU-00016,3,574.00,72.75,Brisbane,R-20,5.03
INV-108441,2024-07-25,C-178,SKU-00009,18,761.00,88.74,Newcastle,R-13,36.90
INV-108442,2024-02-28,C-254,SKU-00040,18,257.00,70.38,Sydney,R-06,40.37
INV-108443,2024-01-16,C-231,SKU-00031,3,336.00,86.31,Newcastle,R-03,38.60
INV-108444,2024-02-27,C-033,SKU-00053,23,589.00,77.51,Adelaide,R-18,12.58
INV-108445,2024-02-15,C-055,SKU-00021,24,453.00,83.04,Adelaide,R-07,2.37
INV-108446,2024-04-20,C-013,SKU-00019,10,357.00,74.10,Perth,R-07,5.90
INV-108447,2024-12-23,C-127,SKU-00008,19,232.00,75.05,Perth,R-09,27.22
INV-108448,2024-04-03,C-392,SKU-00038,13,427.00,70.33,Sydney,R-11,17.59
INV-108449,2024-07-07,C-066,SKU-00057,5,143.00,75.05,Adelaide,R-17,30.22
INV-108450,2024-08-11,C-209,SKU-00036,5,224.00,76.87,Newcastle,R-01,37.92
INV-108451,2025-06-15,C-415,SKU-00044,2,183.00,77.90,Melbourne,R-14,24.62
INV-108452,2025-09-17,C-003,SKU-00008,24,232.00,84.48,Newcastle,R-21,35.87
INV-108453,2024-02-03,C-029,SKU-00001,18,569.00,72.00,Adelaide,R-08,17.94
INV-108454,2025-12-26,C-134,SKU-00048,19,553.00,74.29,Melbourne,R-10,41.37
INV-108455,2024-12-15,C-283,SKU-00046,10,711.00,85.20,Brisbane,R-03,1.96
INV-108456,2025-03-01,C-202,SKU-00018,11,268.00,84.81,Newcastle,R-05,43.98
INV-108457,2024-07-27,C-133,SKU-00004,23,340.00,71.30,Brisbane,R-22,7.45
INV-108458,2025-01-26,C-256,SKU-00033,21,111.00,85.05,Sydney,R-08,7.52
INV-108459,2024-03-19,C-080,SKU-00015,10,332.00,76.70,Newcastle,R-23,4.11
INV-108460,2025-09-18,C-187,SKU-00014,8,632.00,75.73,Brisbane,R-16,39.72
INV-108461,2024-05-10,C-062,SKU-00031,9,336.00,74.97,Perth,R-07,5.46
INV-108462,2024-12-07,C-094,SKU-00054,13,714.00,80.73,Adelaide,R-11,21.23
INV-108463,2024-05-24,C-219,SKU-00058,12,513.00,77.40,Melbourne,R-03,5.16
INV-108464,2025-12-18,C-414,SKU-00043,23,320.00,78.43,Melbourne,R-24,2.04
INV-108465,2025-05-05,C-335,SKU-00033,6,111.00,89.76,Brisbane,R-08,41.76
INV-108466,2024-06-03,C-385,SKU-00048,8,553.00,90.48,Sydney,R-01,0.72
INV-108467,2025-05-23,C-330,SKU-00026,18,405.00,78.66,Brisbane,R-05,38.83
INV-108468,2024-03-15,C-372,SKU-00030,1,439.00,79.28,Melbourne,R-19,16.27
INV-108469,2025-07-18,C-118,SKU-00033,19,111.00,87.59,Brisbane,R-02,10.27
INV-108470,2025-06-22,C-093,SKU-00001,3,569.00,69.50,Perth,R-26,10.73
INV-108471,2024-06-08,C-101,SKU-00025,4,345.00,87.00,Newcastle,R-03,7.67
INV-108472,2025-06-01,C-413,SKU-00020,4,702.00,74.96,Newcastle,R-05,13.45
INV-108473,2024-02-25,C-375,SKU-00031,16,336.00,78.08,Newcastle,R-15,6.97
INV-108474,2024-05-14,C-107,SKU-00055,18,703.00,90.18,Melbourne,R-01,27.43
INV-108475,2024-06-16,C-401,SKU-00009,3,761.00,89.49,Perth,R-28,5.88
INV-108476,2024-01-22,C-229,SKU-00029,12,291.00,79.44,Brisbane,R-02,16.10
INV-108477,2024-01-09,C-107,SKU-00012,24,822.00,78.72,Melbourne,R-23,32.58
INV-108478,2024-07-20,C-235,SKU-00039,15,204.00,73.95,Brisbane,R-08,28.22
INV-108479,2025-11-05,C-031,SKU-00034,21,214.00,81.90,Newcastle,R-20,0.87
INV-108480,2025-04-21,C-203,SKU-00005,13,643.00,70.09,Sydney,R-17,39.98
INV-108481,2024-06-10,C-204,SKU-00057,13,143.00,79.30,Perth,R-21,20.78
INV-108482,2024-07-18,C-256,SKU-00047,20,371.00,70.80,Sydney,R-10,40.56
INV-108483,2025-08-01,C-153,SKU-00050,9,201.00,72.90,Perth,R-27,37.80
INV-108484,2024-11-13,C-300,SKU-00030,6,439.00,87.90,Brisbane,R-05,9.83
INV-108485,2025-11-24,C-025,SKU-00033,3,111.00,72.54,Brisbane,R-12,44.81
INV-108486,2024-02-06,C-089,SKU-00052,6,834.00,76.14,Sydney,R-26,33.24
INV-108487,2025-10-15,C-211,SKU-00008,15,232.00,70.95,Newcastle,R-12,21.37
INV-108488,2025-12-20,C-185,SKU-00023,3,115.00,71.79,Sydney,R-10,13.05
INV-108489,2025-07-25,C-097,SKU-00034,21,214.00,82.11,Brisbane,R-07,32.37
INV-108490,2025-08-24,C-225,SKU-00049,14,840.00,65.56,Perth,R-28,6.29
INV-108491,2025-04-08,C-412,SKU-00019,24,357.00,73.92,Newcastle,R-20,42.32
INV-108492,2025-07-23,C-030,SKU-00020,20,702.00,83.20,Brisbane,R-28,8.60
INV-108493,2024-08-25,C-185,SKU-00037,11,831.00,79.09,Sydney,R-08,37.68
INV-108494,2024-11-14,C-160,SKU-00035,16,571.00,80.80,Melbourne,R-23,9.24
INV-108495,2024-07-16,C-153,SKU-00040,4,257.00,80.92,Perth,R-03,17.40
INV-108496,2024-08-09,C-023,SKU-00001,15,569.00,72.60,Perth,R-17,11.47
INV-108497,2024-05-22,C-149,SKU-00026,12,405.00,87.36,Perth,R-20,36.04
INV-108498,2025-01-06,C-252,SKU-00030,16,439.00,72.96,Brisbane,R-18,29.31
INV-108499,2025-08-21,C-364,SKU-00039,17,204.00,74.46,Sydney,R-02,35.63
INV-108500,2024-09-18,C-265,SKU-00050,6,201.00,73.31,Perth,R-02,27.96
INV-108501,2025-06-24,C-055,SKU-00046,23,711.00,82.11,Adelaide,R-03,12.93
INV-108502,2025-12-21,C-341,SKU-00053,23,589.00,78.20,Perth,R-28,13.83
INV-108503,2025-11-13,C-409,SKU-00048,21,553.00,72.66,Sydney,R-20,38.73
INV-108504,2025-06-15,C-198,SKU-00002,6,592.00,87.30,Melbourne,R-21,10.29
INV-108505,2024-02-27,C-125,SKU-00034,18,214.00,71.28,Brisbane,R-10,34.36
INV-108506,2025-08-15,C-295,SKU-00006,21,428.00,75.81,Perth,R-19,9.29
INV-108507,2024-09-08,C-230,SKU-00009,9,761.00,72.72,Melbourne,R-16,13.42
INV-108508,2025-11-06,C-284,SKU-00014,22,632.00,73.70,Melbourne,R-02,41.83
INV-108509,2024-02-05,C-088,SKU-00035,11,571.00,70.40,Adelaide,R-17,19.01
INV-108510,2025-05-22,C-420,SKU-00004,19,340.00,70.09,Perth,R-04,17.85
INV-108511,2024-03-08,C-175,SKU-00044,14,183.00,88.48,Perth,R-09,39.83
INV-108512,2025-12-12,C-409,SKU-00014,13,632.00,76.44,Sydney,R-24,13.43
INV-108513,2025-11-26,C-362,SKU-00003,18,237.00,90.72,Perth,R-19,39.89
INV-108514,2025-02-27,C-055,SKU-00052,6,834.00,72.00,Adelaide,R-09,15.10
INV-108515,2025-01-16,C-307,SKU-00050,1,201.00,87.10,Newcastle,R-24,9.11
INV-108516,2024-03-25,C-339,SKU-00041,10,612.00,78.00,Adelaide,R-07,18.10
INV-108517,2025-03-08,C-057,SKU-00055,2,703.00,78.82,Sydney,R-02,37.60
INV-108518,2024-05-25,C-406,SKU-00046,8,711.00,84.64,Perth,R-14,9.43
INV-108519,2025-09-25,C-276,SKU-00034,4,214.00,82.24,Perth,R-27,10.94
INV-108520,2024-06-05,C-058,SKU-00032,2,60.00,78.03,Adelaide,R-19,11.62
INV-108521,2025-08-16,C-399,SKU-00037,22,831.00,87.78,Perth,R-19,6.33
INV-108522,2025-03-28,C-248,SKU-00016,9,574.00,83.34,Newcastle,R-03,9.34
INV-108523,2024-01-07,C-282,SKU-00007,6,284.00,76.50,Adelaide,R-16,24.08
INV-108524,2025-05-27,C-401,SKU-00023,10,115.00,78.40,Perth,R-22,35.54
INV-108525,2024-09-22,C-299,SKU-00020,20,702.00,76.60,Brisbane,R-02,8.09
INV-108526,2024-11-05,C-364,SKU-00011,9,62.00,72.54,Sydney,R-09,42.38
INV-108527,2025-12-26,C-061,SKU-00004,15,340.00,81.30,Sydney,R-15,17.30
INV-108528,2025-01-26,C-150,SKU-00019,24,357.00,75.84,Brisbane,R-10,12.75
INV-108529,2025-07-03,C-080,SKU-00032,9,60.00,71.01,Newcastle,R-15,38.36
INV-108530,2025-11-09,C-383,SKU-00039,19,204.00,68.17,Perth,R-07,4.42
INV-108531,2024-03-17,C-127,SKU-00034,20,214.00,84.80,Perth,R-04,25.01
INV-108532,2025-12-28,C-243,SKU-00007,23,284.00,88.32,Melbourne,R-21,31.01
INV-108533,2024-11-11,C-368,SKU-00056,4,481.00,71.04,Sydney,R-02,26.54
INV-108534,2024-05-13,C-193,SKU-00050,20,201.00,72.20,Brisbane,R-27,6.73
INV-108535,2024-06-28,C-051,SKU-00024,6,208.00,72.12,Newcastle,R-20,8.31
INV-108536,2025-02-07,C-127,SKU-00028,10,722.00,71.90,Perth,R-11,37.71
INV-108537,2024-02-06,C-055,SKU-00056,8,481.00,87.20,Adelaide,R-13,43.76
INV-108538,2024-08-24,C-320,SKU-00026,17,405.00,85.85,Sydney,R-16,11.82
INV-108539,2024-02-06,C-391,SKU-00049,12,840.00,71.28,Sydney,R-14,42.51
INV-108540,2024-09-17,C-332,SKU-00025,2,345.00,67.64,Perth,R-06,1.82
INV-108541,2025-03-26,C-343,SKU-00041,10,612.00,83.80,Newcastle,R-20,14.89
INV-108542,2024-01-06,C-339,SKU-00047,4,371.00,74.64,Adelaide,R-24,22.50
INV-108543,2025-06-14,C-409,SKU-00003,2,237.00,89.60,Sydney,R-06,29.11
INV-108544,2024-05-11,C-042,SKU-00033,17,111.00,71.40,Sydney,R-15,43.86
INV-108545,2025-05-13,C-353,SKU-00056,17,481.00,74.97,Adelaide,R-16,24.45
INV-108546,2025-02-21,C-331,SKU-00019,13,357.00,78.00,Adelaide,R-18,18.11
INV-108547,2025-05-16,C-151,SKU-00049,21,840.00,77.49,Melbourne,R-03,33.19
INV-108548,2024-07-18,C-149,SKU-00002,24,592.00,77.52,Perth,R-24,36.58
INV-108549,2025-08-21,C-003,SKU-00033,4,111.00,71.88,Newcastle,R-19,20.92
INV-108550,2025-12-19,C-109,SKU-00002,15,592.00,79.21,Sydney,R-11,24.13
INV-108551,2025-05-11,C-263,SKU-00043,18,320.00,71.46,Newcastle,R-17,15.59
INV-108552,2024-03-11,C-284,SKU-00029,15,291.00,74.55,Melbourne,R-28,41.84
INV-108553,2024-07-08,C-062,SKU-00023,23,115.00,74.06,Perth,R-13,6.05
INV-108554,2024-02-19,C-364,SKU-00020,10,702.00,83.20,Sydney,R-15,11.33
INV-108555,2025-02-01,C-094,SKU-00012,1,822.00,85.37,Adelaide,R-26,24.37
INV-108556,2025-04-04,C-249,SKU-00009,3,761.00,76.47,Melbourne,R-18,5.85
INV-108557,2024-10-19,C-054,SKU-00014,9,632.00,89.28,Brisbane,R-02,22.81
INV-108558,2024-04-06,C-030,SKU-00038,16,427.00,77.12,Brisbane,R-24,37.18
INV-108559,2024-01-25,C-192,SKU-00034,6,214.00,82.68,Newcastle,R-13,19.06
INV-108560,2024-04-05,C-186,SKU-00055,4,703.00,69.29,Brisbane,R-24,22.47
INV-108561,2024-03-25,C-353,SKU-00004,18,340.00,76.86,Adelaide,R-01,5.12
INV-108562,2024-06-04,C-116,SKU-00033,21,111.00,89.04,Sydney,R-19,23.47
INV-108563,2025-07-17,C-036,SKU-00003,18,237.00,89.28,Melbourne,R-19,15.00
INV-108564,2024-05-03,C-014,SKU-00041,19,612.00,70.30,Sydney,R-20,42.79
INV-108565,2025-06-19,C-192,SKU-00049,1,840.00,85.44,Newcastle,R-15,17.16
INV-108566,2024-05-15,C-371,SKU-00023,3,115.00,75.09,Adelaide,R-26,40.83
INV-108567,2024-07-17,C-348,SKU-00005,10,643.00,76.80,Sydney,R-22,11.25
INV-108568,2025-04-27,C-128,SKU-00016,9,574.00,72.27,Newcastle,R-20,19.31
INV-108569,2024-01-20,C-181,SKU-00021,9,453.00,79.56,Perth,R-25,16.67
INV-108570,2025-11-07,C-079,SKU-00020,22,702.00,67.80,Newcastle,R-13,12.80
INV-108571,2025-11-01,C-236,SKU-00048,13,553.00,89.96,Newcastle,R-27,12.75
INV-108572,2024-08-14,C-342,SKU-00049,10,840.00,79.70,Melbourne,R-16,12.41
INV-108573,2025-05-22,C-111,SKU-00016,5,574.00,76.50,Adelaide,R-02,34.46
INV-108574,2024-09-26,C-144,SKU-00018,11,268.00,74.36,Newcastle,R-23,5.22
INV-108575,2025-08-06,C-011,SKU-00042,17,292.00,75.99,Melbourne,R-14,15.80
INV-108576,2025-06-05,C-178,SKU-00037,14,831.00,70.84,Newcastle,R-26,28.27
INV-108577,2025-08-16,C-251,SKU-00022,12,477.00,72.72,Perth,R-22,5.19
INV-108578,2025-09-24,C-361,SKU-00058,3,513.00,86.58,Melbourne,R-03,16.11
INV-108579,2025-04-25,C-176,SKU-00011,22,62.00,90.86,Sydney,R-25,18.94
INV-108580,2024-03-05,C-372,SKU-00058,15,513.00,73.42,Melbourne,R-11,34.16
INV-108581,2025-01-21,C-331,SKU-00021,17,453.00,82.79,Adelaide,R-03,44.85
INV-108582,2025-11-15,C-103,SKU-00050,13,201.00,77.35,Sydney,R-25,39.19
INV-108583,2025-09-12,C-002,SKU-00006,1,428.00,71.70,Perth,R-16,8.45
INV-108584,2025-08-21,C-064,SKU-00007,21,284.00,72.24,Newcastle,R-22,5.04
INV-108585,2024-04-04,C-387,SKU-00005,8,643.00,81.60,Sydney,R-13,37.90
INV-108586,2025-05-16,C-345,SKU-00057,7,143.00,72.73,Sydney,R-13,3.38
INV-108587,2025-02-02,C-378,SKU-00023,23,115.00,84.18,Melbourne,R-15,44.09
INV-108588,2025-09-18,C-078,SKU-00039,17,204.00,79.05,Newcastle,R-09,25.54
INV-108589,2025-08-22,C-334,SKU-00024,10,208.00,85.50,Brisbane,R-23,20.46
INV-108590,2024-04-27,C-357,SKU-00015,11,332.00,79.64,Newcastle,R-24,44.37
INV-108591,2025-02-16,C-142,SKU-00054,18,714.00,83.52,Melbourne,R-21,6.63
INV-108592,2024-07-22,C-208,SKU-00011,22,62.00,82.72,Perth,R-23,15.25
INV-108593,2025-08-05,C-165,SKU-00023,10,115.00,75.80,Perth,R-20,31.35
INV-108594,2025-04-11,C-048,SKU-00014,15,632.00,73.50,Newcastle,R-14,38.20
INV-108595,2025-06-04,C-008,SKU-00017,4,69.00,75.96,Newcastle,R-04,6.02
INV-108596,2025-12-28,C-398,SKU-00052,16,834.00,83.84,Adelaide,R-27,28.42
INV-108597,2024-08-13,C-389,SKU-00046,15,711.00,78.15,Perth,R-10,20.29
INV-108598,2024-12-17,C-096,SKU-00047,12,371.00,78.72,Melbourne,R-23,34.06
INV-108599,2024-12-07,C-053,SKU-00023,13,115.00,74.88,Perth,R-04,15.43
INV-108600,2024-04-26,C-268,SKU-00004,21,340.00,73.42,Newcastle,R-08,5.50
INV-108601,2025-02-05,C-196,SKU-00021,10,453.00,81.90,Adelaide,R-19,28.20
INV-108602,2025-01-23,C-057,SKU-00009,7,761.00,71.68,Sydney,R-18,2.44
INV-108603,2025-10-27,C-346,SKU-00023,20,115.00,77.20,Newcastle,R-15,25.25
INV-108604,2025-09-22,C-161,SKU-00039,4,204.00,82.24,Perth,R-04,22.74
INV-108605,2024-06-12,C-291,SKU-00029,17,291.00,83.64,Melbourne,R-08,18.62
INV-108606,2024-03-19,C-048,SKU-00025,15,345.00,71.55,Newcastle,R-28,34.49
INV-108607,2025-02-24,C-221,SKU-00015,16,332.00,83.36,Newcastle,R-13,29.84
INV-108608,2024-12-15,C-124,SKU-00051,4,246.00,81.80,Adelaide,R-28,5.93
INV-108609,2025-11-25,C-227,SKU-00052,17,834.00,72.76,Adelaide,R-23,43.93
INV-108610,2025-07-19,C-113,SKU-00015,2,332.00,65.91,Brisbane,R-14,26.37
INV-108611,2025-08-14,C-180,SKU-00054,23,714.00,80.27,Brisbane,R-03,19.24
INV-108612,2025-08-18,C-396,SKU-00007,23,284.00,74.75,Adelaide,R-09,4.98
INV-108613,2024-08-21,C-364,SKU-00047,22,371.00,71.06,Sydney,R-07,6.52
INV-108614,2024-09-07,C-364,SKU-00021,9,453.00,84.69,Sydney,R-10,26.41
INV-108615,2025-07-17,C-057,SKU-00054,24,714.00,84.24,Sydney,R-21,24.97
INV-108616,2025-02-03,C-265,SKU-00025,8,345.00,83.76,Perth,R-24,36.57
INV-108617,2024-04-06,C-167,SKU-00056,11,481.00,76.67,Sydney,R-10,19.60
INV-108618,2025-03-05,C-017,SKU-00027,16,107.00,82.72,Adelaide,R-14,7.54
INV-108619,2024-09-22,C-155,SKU-00026,13,405.00,75.14,Perth,R-14,39.96
INV-108620,2024-02-13,C-353,SKU-00044,21,183.00,82.11,Adelaide,R-11,26.13
INV-108621,2024-10-03,C-170,SKU-00049,6,840.00,73.02,Brisbane,R-13,6.95
INV-108622,2024-05-14,C-127,SKU-00019,9,357.00,89.19,Perth,R-20,11.28
INV-108623,2024-03-15,C-271,SKU-00014,12,632.00,70.56,Brisbane,R-22,38.72
INV-108624,2024-12-15,C-254,SKU-00025,9,345.00,88.74,Sydney,R-23,11.05
INV-108625,2024-04-25,C-189,SKU-00047,22,371.00,79.20,Brisbane,R-17,7.55
INV-108626,2024-11-11,C-186,SKU-00008,20,232.00,77.20,Brisbane,R-12,16.07
INV-108627,2024-02-02,C-368,SKU-00017,3,69.00,73.20,Sydney,R-04,17.80
INV-108628,2024-11-17,C-128,SKU-00052,10,834.00,85.60,Newcastle,R-25,13.28
INV-108629,2025-12-14,C-312,SKU-00052,10,834.00,74.70,Perth,R-25,23.21
INV-108630,2025-09-11,C-376,SKU-00041,4,612.00,66.61,Brisbane,R-11,13.84
INV-108631,2025-11-26,C-375,SKU-00004,15,340.00,84.60,Newcastle,R-11,4.02
INV-108632,2025-05-01,C-290,SKU-00036,5,224.00,71.75,Perth,R-18,18.38
INV-108633,2024-04-15,C-230,SKU-00023,21,115.00,84.63,Melbourne,R-15,14.33
INV-108634,2025-07-01,C-273,SKU-00002,4,592.00,80.40,Sydney,R-16,21.58
INV-108635,2024-04-14,C-226,SKU-00019,3,357.00,75.30,Perth,R-19,28.19
INV-108636,2025-07-02,C-152,SKU-00007,22,284.00,73.70,Melbourne,R-17,23.45
INV-108637,2024-07-19,C-357,SKU-00026,21,405.00,76.23,Newcastle,R-18,11.75
INV-108638,2025-05-03,C-120,SKU-00045,24,841.00,76.80,Adelaide,R-19,15.82
INV-108639,2024-03-16,C-383,SKU-00052,17,834.00,77.86,Perth,R-11,44.53
INV-108640,2024-10-21,C-233,SKU-00049,16,840.00,80.52,Sydney,R-02,5.20
INV-108641,2025-05-21,C-061,SKU-00050,9,201.00,90.81,Sydney,R-18,36.03
INV-108642,2025-08-18,C-408,SKU-00002,13,592.00,80.99,Brisbane,R-18,39.14
INV-108643,2024-12-23,C-046,SKU-00024,18,208.00,81.00,Perth,R-26,3.98
INV-108644,2024-05-07,C-005,SKU-00045,17,841.00,73.61,Brisbane,R-20,29.77
INV-108645,2025-07-19,C-123,SKU-00023,6,115.00,88.20,Brisbane,R-10,3.47
INV-108646,2025-03-13,C-333,SKU-00028,17,722.00,78.88,Melbourne,R-07,22.69
INV-108647,2025-09-22,C-310,SKU-00050,21,201.00,85.26,Perth,R-07,28.08
INV-108648,2024-07-25,C-183,SKU-00052,18,834.00,89.10,Perth,R-08,36.37
INV-108649,2025-09-05,C-328,SKU-00048,21,553.00,82.53,Newcastle,R-25,29.80
INV-108650,2025-09-23,C-318,SKU-00026,14,405.00,70.71,Adelaide,R-11,17.69
INV-108651,2024-09-11,C-136,SKU-00044,9,183.00,80.82,Sydney,R-04,25.29
INV-108652,2024-03-16,C-213,SKU-00016,1,574.00,84.20,Brisbane,R-19,25.95
INV-108653,2025-09-23,C-305,SKU-00051,17,246.00,85.85,Perth,R-28,17.02
INV-108654,2024-04-20,C-119,SKU-00034,17,214.00,79.05,Perth,R-13,43.15
INV-108655,2024-09-28,C-327,SKU-00036,5,224.00,83.00,Adelaide,R-05,32.29
INV-108656,2025-10-17,C-406,SKU-00008,9,232.00,81.45,Perth,R-05,36.78
INV-108657,2025-09-07,C-415,SKU-00008,24,232.00,72.48,Melbourne,R-04,15.97
INV-108658,2025-01-07,C-413,SKU-00055,6,703.00,78.84,Newcastle,R-03,20.45
INV-108659,2025-10-02,C-016,SKU-00018,11,268.00,77.55,Brisbane,R-25,11.94
INV-108660,2025-05-12,C-192,SKU-00039,8,204.00,65.14,Newcastle,R-07,16.34
INV-108661,2025-07-28,C-226,SKU-00011,11,62.00,80.96,Perth,R-01,17.05
INV-108662,2024-02-26,C-271,SKU-00028,20,722.00,79.60,Brisbane,R-07,37.62
INV-108663,2025-10-16,C-363,SKU-00003,9,237.00,74.79,Perth,R-01,15.07
INV-108664,2024-06-21,C-297,SKU-00026,11,405.00,89.54,Perth,R-22,15.29
INV-108665,2024-07-06,C-043,SKU-00023,2,115.00,78.42,Brisbane,R-19,24.97
INV-108666,2024-08-08,C-042,SKU-00021,23,453.00,81.65,Sydney,R-06,9.13
INV-108667,2025-08-01,C-123,SKU-00051,12,246.00,83.40,Brisbane,R-25,36.99
INV-108668,2025-02-20,C-225,SKU-00020,5,702.00,71.80,Perth,R-20,39.01
INV-108669,2025-12-27,C-090,SKU-00025,12,345.00,78.60,Newcastle,R-22,2.40
INV-108670,2025-02-06,C-262,SKU-00019,18,357.00,77.17,Adelaide,R-05,28.11
INV-108671,2025-03-09,C-260,SKU-00015,8,332.00,74.80,Sydney,R-18,17.77
INV-108672,2025-12-11,C-376,SKU-00043,6,320.00,83.76,Brisbane,R-25,16.75
INV-108673,2025-01-08,C-280,SKU-00016,8,574.00,86.56,Newcastle,R-10,39.57
INV-108674,2024-06-18,C-071,SKU-00016,9,574.00,75.51,Brisbane,R-21,20.58
INV-108675,2025-09-25,C-015,SKU-00011,8,62.00,77.12,Sydney,R-18,0.69
INV-108676,2024-08-17,C-297,SKU-00023,8,115.00,75.44,Perth,R-09,1.41
INV-108677,2025-02-23,C-405,SKU-00027,5,107.00,89.60,Brisbane,R-06,38.12
INV-108678,2025-01-01,C-364,SKU-00015,20,332.00,71.40,Sydney,R-02,22.73
INV-108679,2024-12-22,C-296,SKU-00057,2,143.00,73.14,Newcastle,R-24,4.51
INV-108680,2024-06-19,C-349,SKU-00001,9,569.00,67.81,Sydney,R-23,9.75
INV-108681,2025-04-14,C-172,SKU-00050,17,201.00,89.25,Newcastle,R-28,28.31
INV-108682,2024-10-03,C-251,SKU-00030,4,439.00,85.64,Perth,R-27,32.30
INV-108683,2024-12-23,C-159,SKU-00056,15,481.00,76.80,Melbourne,R-24,5.81
INV-108684,2024-10-03,C-203,SKU-00009,17,761.00,80.24,Sydney,R-19,37.77
INV-108685,2025-01-04,C-146,SKU-00003,1,237.00,74.70,Perth,R-17,26.88
INV-108686,2025-12-25,C-127,SKU-00015,6,332.00,71.52,Perth,R-15,15.16
INV-108687,2024-04-18,C-407,SKU-00014,17,632.00,81.26,Adelaide,R-25,25.71
INV-108688,2025-10-22,C-211,SKU-00017,16,69.00,75.68,Newcastle,R-28,25.57
INV-108689,2024-08-07,C-096,SKU-00044,24,183.00,73.92,Melbourne,R-22,30.45
INV-108690,2024-02-15,C-058,SKU-00056,2,481.00,65.19,Adelaide,R-27,23.76
INV-108691,2025-10-03,C-410,SKU-00021,10,453.00,82.50,Brisbane,R-08,19.64
INV-108692,2025-09-05,C-319,SKU-00004,21,340.00,83.16,Perth,R-27,21.03
INV-108693,2024-12-15,C-286,SKU-00011,1,62.00,70.38,Brisbane,R-08,39.97
INV-108694,2024-04-22,C-058,SKU-00001,6,569.00,82.32,Adelaide,R-26,10.60
INV-108695,2024-11-26,C-312,SKU-00042,11,292.00,72.27,Perth,R-03,2.06
INV-108696,2025-02-24,C-128,SKU-00045,3,841.00,77.22,Newcastle,R-20,20.93
INV-108697,2024-08-23,C-166,SKU-00009,21,761.00,79.17,Adelaide,R-11,30.27
INV-108698,2024-10-23,C-010,SKU-00040,23,257.00,82.57,Perth,R-26,4.61
INV-108699,2024-03-23,C-150,SKU-00002,22,592.00,77.66,Brisbane,R-22,3.32
INV-108700,2024-04-18,C-369,SKU-00039,8,204.00,78.60,Adelaide,R-10,35.80
INV-108701,2025-05-01,C-118,SKU-00028,23,722.00,78.66,Brisbane,R-06,39.52
INV-108702,2024-10-04,C-100,SKU-00022,17,477.00,76.33,Brisbane,R-08,38.53
INV-108703,2025-07-12,C-142,SKU-00055,10,703.00,71.80,Melbourne,R-22,16.15
INV-108704,2024-01-12,C-016,SKU-00044,11,183.00,75.02,Brisbane,R-10,1.46
INV-108705,2025-08-13,C-341,SKU-00037,7,831.00,77.56,Perth,R-02,4.15
INV-108706,2024-12-08,C-273,SKU-00002,13,592.00,71.63,Sydney,R-08,12.73
INV-108707,2024-01-27,C-231,SKU-00053,24,589.00,74.64,Newcastle,R-13,25.02
INV-108708,2025-01-09,C-374,SKU-00003,11,237.00,90.09,Newcastle,R-04,22.08
INV-108709,2024-06-28,C-299,SKU-00027,1,107.00,71.04,Brisbane,R-14,15.33
INV-108710,2024-05-08,C-398,SKU-00028,12,722.00,69.00,Adelaide,R-09,12.84
INV-108711,2024-12-05,C-343,SKU-00048,5,553.00,87.85,Newcastle,R-02,5.96
INV-108712,2024-10-28,C-329,SKU-00051,14,246.00,85.12,Newcastle,R-06,39.67
INV-108713,2024-05-08,C-276,SKU-00021,2,453.00,81.08,Perth,R-12,30.50
INV-108714,2024-09-06,C-292,SKU-00042,10,292.00,76.20,Perth,R-14,35.66
INV-108715,2024-12-09,C-035,SKU-00038,9,427.00,88.11,Newcastle,R-03,8.72
INV-108716,2025-05-15,C-402,SKU-00037,7,831.00,75.25,Melbourne,R-24,0.50
INV-108717,2025-05-06,C-248,SKU-00018,22,268.00,72.38,Newcastle,R-04,34.57
INV-108718,2025-03-11,C-010,SKU-00010,19,27.00,72.96,Perth,R-21,38.24
INV-108719,2025-09-25,C-007,SKU-00016,16,574.00,81.28,Adelaide,R-23,38.26
INV-108720,2025-11-24,C-022,SKU-00023,6,115.00,68.23,Adelaide,R-27,25.34
INV-108721,2024-11-17,C-253,SKU-00045,10,841.00,76.40,Melbourne,R-22,43.46
INV-108722,2025-01-07,C-406,SKU-00018,19,268.00,87.78,Perth,R-22,15.15
INV-108723,2024-10-25,C-167,SKU-00017,18,69.00,72.72,Sydney,R-09,15.73
INV-108724,2024-12-03,C-236,SKU-00016,4,574.00,87.04,Newcastle,R-28,36.36
INV-108725,2024-08-08,C-264,SKU-00049,2,840.00,76.32,Brisbane,R-23,2.93
INV-108726,2024-10-09,C-065,SKU-00004,13,340.00,81.64,Adelaide,R-24,24.65
INV-108727,2025-04-21,C-127,SKU-00002,8,592.00,89.20,Perth,R-08,35.64
INV-108728,2024-06-24,C-104,SKU-00003,16,237.00,72.16,Melbourne,R-11,31.17
INV-108729,2025-08-22,C-135,SKU-00026,13,405.00,80.73,Newcastle,R-25,11.83
INV-108730,2024-09-16,C-349,SKU-00015,9,332.00,65.16,Sydney,R-24,9.05
INV-108731,2025-10-26,C-088,SKU-00030,1,439.00,70.71,Adelaide,R-22,31.12
INV-108732,2025-03-11,C-387,SKU-00005,15,643.00,85.95,Sydney,R-15,6.58
INV-108733,2025-05-25,C-386,SKU-00041,19,612.00,88.92,Brisbane,R-12,4.42
INV-108734,2025-02-27,C-055,SKU-00013,19,52.00,84.74,Adelaide,R-01,39.19
INV-108735,2024-11-04,C-195,SKU-00035,22,571.00,76.12,Melbourne,R-01,29.32
INV-108736,2025-10-16,C-268,SKU-00004,6,340.00,82.20,Newcastle,R-18,1.30
INV-108737,2025-02-08,C-353,SKU-00003,8,237.00,71.44,Adelaide,R-05,4.59
INV-108738,2024-09-03,C-248,SKU-00009,20,761.00,90.40,Newcastle,R-08,20.97
INV-108739,2024-02-20,C-219,SKU-00042,24,292.00,72.72,Melbourne,R-20,21.63
INV-108740,2024-07-20,C-038,SKU-00010,22,27.00,64.97,Melbourne,R-02,41.07
INV-108741,2024-05-21,C-194,SKU-00006,5,428.00,81.05,Brisbane,R-04,27.47
INV-108742,2024-03-06,C-249,SKU-00018,5,268.00,71.40,Melbourne,R-18,15.19
INV-108743,2025-08-13,C-061,SKU-00005,3,643.00,75.33,Sydney,R-28,7.46
INV-108744,2024-12-03,C-186,SKU-00051,19,246.00,86.83,Brisbane,R-12,33.56
INV-108745,2024-07-12,C-139,SKU-00005,6,643.00,71.64,Perth,R-16,22.36
INV-108746,2024-09-21,C-236,SKU-00044,6,183.00,85.26,Newcastle,R-28,43.04
INV-108747,2025-04-21,C-096,SKU-00020,4,702.00,88.64,Melbourne,R-26,19.22
INV-108748,2025-04-21,C-307,SKU-00038,21,427.00,83.16,Newcastle,R-20,4.15
INV-108749,2025-10-21,C-328,SKU-00056,12,481.00,80.64,Newcastle,R-26,34.24
INV-108750,2024-04-13,C-370,SKU-00028,1,722.00,73.16,Adelaide,R-22,7.57
INV-108751,2024-03-02,C-051,SKU-00033,9,111.00,70.74,Newcastle,R-02,4.10
INV-108752,2025-09-26,C-056,SKU-00037,18,831.00,89.46,Adelaide,R-02,9.04
INV-108753,2024-05-03,C-331,SKU-00038,11,427.00,77.44,Adelaide,R-06,25.80
INV-108754,2024-02-17,C-204,SKU-00054,8,714.00,75.92,Perth,R-13,33.75
INV-108755,2024-11-22,C-267,SKU-00036,9,224.00,90.45,Sydney,R-12,14.78
INV-108756,2025-02-21,C-024,SKU-00015,6,332.00,79.62,Melbourne,R-01,8.53
INV-108757,2024-10-25,C-303,SKU-00053,21,589.00,89.04,Perth,R-02,4.06
INV-108758,2024-03-01,C-129,SKU-00045,6,841.00,73.68,Adelaide,R-27,42.27
INV-108759,2024-02-22,C-138,SKU-00017,15,69.00,87.45,Newcastle,R-23,23.17
INV-108760,2025-09-24,C-240,SKU-00033,22,111.00,68.82,Adelaide,R-20,23.45
INV-108761,2025-03-21,C-145,SKU-00041,11,612.00,77.44,Sydney,R-18,19.70
INV-108762,2025-09-11,C-062,SKU-00011,4,62.00,83.88,Perth,R-22,10.96
INV-108763,2025-08-14,C-340,SKU-00051,21,246.00,82.74,Newcastle,R-20,10.78
INV-108764,2025-11-12,C-325,SKU-00054,20,714.00,71.80,Sydney,R-16,36.97
INV-108765,2025-12-08,C-399,SKU-00019,17,357.00,81.77,Perth,R-16,10.95
INV-108766,2025-03-15,C-309,SKU-00014,4,632.00,87.88,Adelaide,R-27,27.52
INV-108767,2024-02-22,C-168,SKU-00044,14,183.00,70.98,Brisbane,R-10,44.55
INV-108768,2025-09-18,C-103,SKU-00053,16,589.00,75.52,Sydney,R-17,29.71
INV-108769,2025-09-05,C-355,SKU-00027,17,107.00,80.92,Newcastle,R-12,17.75
INV-108770,2025-02-21,C-155,SKU-00016,22,574.00,79.14,Perth,R-03,2.76
INV-108771,2024-10-06,C-125,SKU-00037,6,831.00,84.66,Brisbane,R-05,1.06
INV-108772,2025-09-07,C-392,SKU-00022,19,477.00,81.89,Sydney,R-17,7.49
INV-108773,2024-11-12,C-159,SKU-00030,24,439.00,74.40,Melbourne,R-04,41.76
INV-108774,2025-06-22,C-236,SKU-00037,6,831.00,86.40,Newcastle,R-13,35.87
INV-108775,2024-01-24,C-184,SKU-00031,1,336.00,71.03,Brisbane,R-09,3.50
INV-108776,2024-12-25,C-361,SKU-00004,8,340.00,81.04,Melbourne,R-22,19.15
INV-108777,2024-08-26,C-180,SKU-00034,5,214.00,78.95,Brisbane,R-10,5.21
INV-108778,2024-07-03,C-298,SKU-00039,3,204.00,71.31,Perth,R-06,39.49
INV-108779,2024-08-03,C-095,SKU-00008,6,232.00,88.68,Sydney,R-10,26.35
INV-108780,2025-03-24,C-012,SKU-00036,6,224.00,73.75,Melbourne,R-10,2.81
INV-108781,2024-06-15,C-213,SKU-00011,5,62.00,75.85,Brisbane,R-10,0.93
INV-108782,2025-01-28,C-064,SKU-00022,17,477.00,81.60,Newcastle,R-16,29.24
INV-108783,2024-03-20,C-119,SKU-00020,21,702.00,71.82,Perth,R-27,17.64
INV-108784,2025-10-20,C-256,SKU-00055,5,703.00,85.00,Sydney,R-15,4.37
INV-108785,2024-07-14,C-395,SKU-00057,10,143.00,90.30,Sydney,R-01,28.42
INV-108786,2024-11-04,C-057,SKU-00020,18,702.00,70.38,Sydney,R-26,4.57
INV-108787,2025-12-14,C-251,SKU-00039,10,204.00,89.10,Perth,R-16,33.40
INV-108788,2025-08-19,C-160,SKU-00028,23,722.00,83.49,Melbourne,R-14,40.06
INV-108789,2024-02-05,C-276,SKU-00037,12,831.00,77.04,Perth,R-24,34.71
INV-108790,2024-06-09,C-389,SKU-00046,5,711.00,67.39,Perth,R-27,35.05
INV-108791,2024-05-14,C-236,SKU-00029,8,291.00,78.00,Newcastle,R-02,27.27
INV-108792,2024-10-23,C-011,SKU-00048,21,553.00,82.74,Melbourne,R-14,15.17
INV-108793,2024-08-13,C-318,SKU-00044,15,183.00,82.95,Adelaide,R-20,8.22
INV-108794,2025-07-07,C-264,SKU-00048,20,553.00,83.00,Brisbane,R-25,37.22
INV-108795,2024-09-05,C-072,SKU-00046,11,711.00,82.94,Perth,R-23,25.53
INV-108796,2025-04-09,C-307,SKU-00006,3,428.00,75.60,Newcastle,R-26,16.84
INV-108797,2024-01-25,C-233,SKU-00035,1,571.00,75.94,Sydney,R-16,4.20
INV-108798,2025-08-11,C-305,SKU-00036,12,224.00,80.88,Perth,R-06,44.86
INV-108799,2025-05-04,C-129,SKU-00021,11,453.00,73.70,Adelaide,R-17,1.91
INV-108800,2024-03-17,C-277,SKU-00037,23,831.00,71.52,Newcastle,R-02,7.44
INV-108801,2025-06-07,C-194,SKU-00005,19,643.00,74.48,Brisbane,R-01,28.53
INV-108802,2025-11-18,C-385,SKU-00020,4,702.00,83.32,Sydney,R-22,44.06
INV-108803,2025-08-04,C-071,SKU-00058,24,513.00,72.24,Brisbane,R-22,14.63
INV-108804,2025-06-18,C-268,SKU-00001,17,569.00,90.10,Newcastle,R-07,4.89
INV-108805,2025-10-03,C-073,SKU-00001,19,569.00,81.89,Melbourne,R-06,32.52
INV-108806,2024-10-08,C-318,SKU-00013,11,52.00,81.29,Adelaide,R-26,17.07
INV-108807,2025-06-16,C-043,SKU-00002,11,592.00,80.08,Brisbane,R-13,9.14
INV-108808,2024-12-05,C-164,SKU-00035,20,571.00,78.20,Perth,R-04,32.21
INV-108809,2025-07-24,C-063,SKU-00052,22,834.00,74.36,Sydney,R-02,24.30
INV-108810,2025-09-24,C-220,SKU-00034,4,214.00,72.94,Adelaide,R-26,19.35
INV-108811,2025-01-10,C-126,SKU-00048,16,553.00,84.64,Perth,R-27,38.43
INV-108812,2025-02-16,C-050,SKU-00049,9,840.00,75.15,Newcastle,R-04,26.49
INV-108813,2025-01-17,C-304,SKU-00011,22,62.00,75.90,Melbourne,R-24,5.32
INV-108814,2024-02-20,C-286,SKU-00033,8,111.00,75.12,Brisbane,R-09,35.01
INV-108815,2024-07-22,C-314,SKU-00046,18,711.00,70.92,Newcastle,R-04,29.13
INV-108816,2024-08-24,C-214,SKU-00041,3,612.00,88.83,Perth,R-07,9.27
INV-108817,2025-07-24,C-196,SKU-00042,6,292.00,72.12,Adelaide,R-13,31.60
INV-108818,2024-11-17,C-210,SKU-00057,22,143.00,77.00,Adelaide,R-28,7.23
INV-108819,2024-12-25,C-014,SKU-00034,15,214.00,74.55,Sydney,R-20,35.11
INV-108820,2025-03-18,C-013,SKU-00055,19,703.00,67.12,Perth,R-01,29.75
INV-108821,2025-03-21,C-086,SKU-00035,10,571.00,75.50,Perth,R-23,15.36
INV-108822,2024-09-06,C-178,SKU-00027,5,107.00,83.45,Newcastle,R-13,36.76
INV-108823,2024-03-04,C-055,SKU-00054,12,714.00,71.16,Adelaide,R-05,32.45
INV-108824,2024-08-16,C-340,SKU-00033,18,111.00,71.82,Newcastle,R-08,27.07
INV-108825,2025-11-08,C-077,SKU-00022,13,477.00,73.45,Adelaide,R-05,14.40
INV-108826,2024-02-06,C-019,SKU-00036,6,224.00,74.82,Newcastle,R-19,40.05
INV-108827,2025-08-18,C-055,SKU-00033,17,111.00,82.96,Adelaide,R-26,0.25
INV-108828,2024-05-19,C-095,SKU-00036,18,224.00,75.42,Sydney,R-05,35.61
INV-108829,2025-02-06,C-255,SKU-00058,23,513.00,82.34,Sydney,R-01,40.41
INV-108830,2025-01-23,C-193,SKU-00037,5,831.00,67.25,Brisbane,R-19,7.98
INV-108831,2025-04-19,C-375,SKU-00057,17,143.00,85.34,Newcastle,R-07,24.98
INV-108832,2024-06-02,C-089,SKU-00050,14,201.00,79.24,Sydney,R-12,14.91
INV-108833,2025-07-18,C-068,SKU-00021,24,453.00,74.16,Adelaide,R-21,30.14
INV-108834,2024-10-24,C-014,SKU-00039,12,204.00,74.64,Sydney,R-21,19.52
INV-108835,2024-09-08,C-356,SKU-00010,11,27.00,90.42,Perth,R-28,39.63
INV-108836,2025-10-20,C-085,SKU-00030,13,439.00,73.97,Newcastle,R-16,11.51
INV-108837,2025-12-24,C-272,SKU-00040,22,257.00,84.04,Adelaide,R-24,15.36
INV-108838,2025-02-02,C-122,SKU-00006,24,428.00,82.32,Brisbane,R-18,11.35
INV-108839,2025-10-22,C-309,SKU-00053,11,589.00,71.28,Adelaide,R-23,17.72
INV-108840,2024-08-19,C-364,SKU-00028,18,722.00,66.90,Sydney,R-13,15.94
INV-108841,2024-12-09,C-288,SKU-00040,21,257.00,75.60,Newcastle,R-11,37.94
INV-108842,2024-01-09,C-262,SKU-00031,19,336.00,72.96,Adelaide,R-16,37.06
INV-108843,2024-11-26,C-359,SKU-00008,11,232.00,81.18,Sydney,R-13,8.31
INV-108844,2024-04-06,C-230,SKU-00027,4,107.00,78.24,Melbourne,R-26,30.82
INV-108845,2025-02-01,C-031,SKU-00031,22,336.00,82.94,Newcastle,R-13,4.87
INV-108846,2025-07-24,C-063,SKU-00048,16,553.00,83.68,Sydney,R-26,1.58
INV-108847,2024-03-02,C-245,SKU-00034,21,214.00,73.92,Perth,R-22,23.25
INV-108848,2025-07-02,C-233,SKU-00037,21,831.00,81.06,Sydney,R-13,14.14
INV-108849,2024-06-18,C-253,SKU-00051,10,246.00,70.30,Melbourne,R-26,33.63
INV-108850,2024-01-18,C-114,SKU-00033,19,111.00,65.55,Sydney,R-16,30.24
INV-108851,2024-02-04,C-076,SKU-00018,9,268.00,80.91,Perth,R-15,25.66
INV-108852,2025-12-23,C-170,SKU-00011,3,62.00,77.28,Brisbane,R-14,11.27
INV-108853,2025-02-26,C-181,SKU-00022,11,477.00,77.22,Perth,R-01,37.53
INV-108854,2025-06-07,C-241,SKU-00034,5,214.00,76.45,Newcastle,R-14,23.31
INV-108855,2025-01-20,C-268,SKU-00051,15,246.00,79.50,Newcastle,R-22,31.86
INV-108856,2024-09-23,C-398,SKU-00031,7,336.00,78.12,Adelaide,R-23,17.46
INV-108857,2025-02-24,C-291,SKU-00041,1,612.00,73.37,Melbourne,R-13,7.98
INV-108858,2024-02-09,C-225,SKU-00028,8,722.00,75.84,Perth,R-08,10.55
INV-108859,2025-02-26,C-325,SKU-00026,11,405.00,70.40,Sydney,R-22,22.70
INV-108860,2025-12-28,C-248,SKU-00026,2,405.00,66.81,Newcastle,R-06,5.93
INV-108861,2024-06-19,C-386,SKU-00039,6,204.00,88.80,Brisbane,R-11,41.71
INV-108862,2024-05-17,C-402,SKU-00001,3,569.00,70.53,Melbourne,R-09,14.27
INV-108863,2025-07-08,C-369,SKU-00019,12,357.00,75.24,Adelaide,R-04,0.53
INV-108864,2025-08-24,C-157,SKU-00001,12,569.00,87.84,Sydney,R-28,14.02
INV-108865,2024-11-09,C-395,SKU-00039,15,204.00,72.75,Sydney,R-03,35.01
INV-108866,2025-02-09,C-116,SKU-00004,24,340.00,71.04,Sydney,R-25,27.50
INV-108867,2024-01-02,C-195,SKU-00031,13,336.00,74.49,Melbourne,R-07,34.34
INV-108868,2025-09-22,C-002,SKU-00050,16,201.00,87.04,Perth,R-18,10.80
INV-108869,2024-04-14,C-257,SKU-00033,13,111.00,76.05,Brisbane,R-17,1.07
INV-108870,2025-09-06,C-233,SKU-00050,17,201.00,68.66,Sydney,R-18,31.83
INV-108871,2024-08-18,C-309,SKU-00051,16,246.00,77.92,Adelaide,R-06,9.44
INV-108872,2024-12-13,C-139,SKU-00027,24,107.00,72.96,Perth,R-19,25.22
INV-108873,2025-06-05,C-253,SKU-00053,17,589.00,78.54,Melbourne,R-13,1.40
INV-108874,2025-08-24,C-388,SKU-00042,23,292.00,77.74,Adelaide,R-04,19.10
INV-108875,2025-10-07,C-348,SKU-00049,7,840.00,86.38,Sydney,R-26,39.38
INV-108876,2025-06-07,C-066,SKU-00015,13,332.00,78.52,Adelaide,R-12,7.16
INV-108877,2025-12-20,C-276,SKU-00050,9,201.00,83.97,Perth,R-12,14.00
INV-108878,2024-09-06,C-122,SKU-00027,10,107.00,90.60,Brisbane,R-13,17.52
INV-108879,2025-07-11,C-378,SKU-00008,24,232.00,75.60,Melbourne,R-11,44.05
INV-108880,2024-07-09,C-419,SKU-00040,5,257.00,70.01,Brisbane,R-26,1.76
INV-108881,2024-04-22,C-397,SKU-00001,2,569.00,72.06,Melbourne,R-11,10.13
INV-108882,2025-05-14,C-362,SKU-00032,18,60.00,85.50,Perth,R-11,15.04
INV-108883,2024-04-24,C-368,SKU-00023,9,115.00,71.64,Sydney,R-19,18.45
INV-108884,2025-04-27,C-166,SKU-00025,7,345.00,86.87,Adelaide,R-19,41.88
INV-108885,2025-09-25,C-016,SKU-00014,20,632.00,90.40,Brisbane,R-16,25.84
INV-108886,2024-03-15,C-103,SKU-00052,22,834.00,70.62,Sydney,R-23,11.47
INV-108887,2025-08-02,C-020,SKU-00046,14,711.00,78.40,Perth,R-12,17.80
INV-108888,2025-09-06,C-092,SKU-00013,15,52.00,78.45,Brisbane,R-27,36.95
INV-108889,2025-08-14,C-300,SKU-00022,19,477.00,72.01,Brisbane,R-10,26.43
INV-108890,2025-10-01,C-324,SKU-00044,22,183.00,79.54,Newcastle,R-14,36.86
INV-108891,2025-06-12,C-128,SKU-00015,6,332.00,87.66,Newcastle,R-02,3.94
INV-108892,2024-11-01,C-145,SKU-00018,1,268.00,74.11,Sydney,R-04,19.73
INV-108893,2025-10-20,C-388,SKU-00013,9,52.00,83.07,Adelaide,R-23,5.48
INV-108894,2025-10-15,C-128,SKU-00011,20,62.00,79.60,Newcastle,R-07,25.34
INV-108895,2024-04-06,C-341,SKU-00035,2,571.00,72.94,Perth,R-11,29.70
INV-108896,2024-05-28,C-406,SKU-00036,21,224.00,86.10,Perth,R-19,13.73
INV-108897,2024-01-02,C-367,SKU-00026,20,405.00,88.60,Melbourne,R-18,4.00
INV-108898,2024-12-21,C-247,SKU-00018,7,268.00,76.51,Sydney,R-27,2.17
INV-108899,2024-10-05,C-220,SKU-00001,3,569.00,73.89,Adelaide,R-18,26.87
INV-108900,2024-05-10,C-312,SKU-00013,16,52.00,77.57,Perth,R-16,8.69
INV-108901,2025-03-04,C-400,SKU-00040,1,257.00,81.97,Newcastle,R-01,20.50
INV-108902,2025-12-01,C-048,SKU-00010,7,27.00,72.17,Newcastle,R-21,22.48
INV-108903,2025-01-22,C-406,SKU-00022,7,477.00,85.33,Perth,R-03,5.37
INV-108904,2025-06-11,C-125,SKU-00036,12,224.00,80.40,Brisbane,R-13,22.54
INV-108905,2025-12-01,C-281,SKU-00041,20,612.00,79.00,Melbourne,R-10,44.48
INV-108906,2025-10-07,C-156,SKU-00042,10,292.00,87.00,Melbourne,R-14,22.87
INV-108907,2024-04-16,C-402,SKU-00001,24,569.00,82.08,Melbourne,R-06,7.07
INV-108908,2024-04-28,C-216,SKU-00002,9,592.00,78.30,Brisbane,R-10,7.08
INV-108909,2025-10-04,C-323,SKU-00002,18,592.00,74.34,Brisbane,R-01,25.55
INV-108910,2024-01-12,C-171,SKU-00030,10,439.00,82.43,Sydney,R-07,2.13
INV-108911,2024-06-11,C-152,SKU-00003,16,237.00,71.04,Melbourne,R-09,11.83
INV-108912,2025-06-09,C-314,SKU-00040,12,257.00,80.40,Newcastle,R-20,15.50
INV-108913,2025-06-16,C-019,SKU-00046,2,711.00,73.28,Newcastle,R-22,21.07
INV-108914,2025-10-16,C-002,SKU-00033,10,111.00,71.30,Perth,R-07,44.80
INV-108915,2025-08-05,C-058,SKU-00044,12,183.00,73.92,Adelaide,R-12,19.94
INV-108916,2025-06-27,C-325,SKU-00027,14,107.00,87.22,Sydney,R-20,38.10
INV-108917,2024-10-09,C-113,SKU-00057,6,143.00,71.28,Brisbane,R-24,41.82
INV-108918,2024-02-16,C-258,SKU-00026,14,405.00,88.20,Perth,R-21,23.62
INV-108919,2024-07-11,C-297,SKU-00018,19,268.00,77.33,Perth,R-11,37.57
INV-108920,2025-02-02,C-036,SKU-00008,22,232.00,77.92,Melbourne,R-20,7.84
INV-108921,2024-03-01,C-276,SKU-00024,6,208.00,87.90,Perth,R-19,16.59
INV-108922,2025-06-17,C-177,SKU-00056,8,481.00,88.08,Newcastle,R-24,22.31
INV-108923,2025-07-20,C-016,SKU-00045,16,841.00,81.92,Brisbane,R-12,35.91
INV-108924,2024-06-11,C-333,SKU-00022,6,477.00,80.64,Melbourne,R-11,30.03
INV-108925,2025-10-07,C-241,SKU-00005,21,643.00,82.95,Newcastle,R-08,25.91
INV-108926,2025-03-04,C-408,SKU-00032,7,60.00,77.70,Brisbane,R-24,20.89
INV-108927,2024-11-24,C-067,SKU-00022,15,477.00,77.40,Adelaide,R-18,25.41
INV-108928,2024-04-04,C-355,SKU-00054,24,714.00,70.56,Newcastle,R-14,29.33
INV-108929,2024-09-23,C-320,SKU-00044,4,183.00,78.36,Sydney,R-24,41.43
INV-108930,2024-10-24,C-251,SKU-00006,21,428.00,81.14,Perth,R-02,0.25
INV-108931,2024-08-27,C-253,SKU-00040,18,257.00,70.20,Melbourne,R-03,18.67
INV-108932,2025-11-23,C-285,SKU-00008,9,232.00,76.77,Melbourne,R-19,17.84
INV-108933,2025-06-07,C-326,SKU-00022,1,477.00,77.42,Adelaide,R-05,13.38
INV-108934,2025-04-13,C-126,SKU-00034,2,214.00,72.58,Perth,R-10,40.88
INV-108935,2025-08-11,C-165,SKU-00011,4,62.00,85.92,Perth,R-14,5.25
INV-108936,2024-08-28,C-098,SKU-00027,10,107.00,74.20,Adelaide,R-28,10.15
INV-108937,2025-11-04,C-333,SKU-00016,9,574.00,79.92,Melbourne,R-10,12.02
INV-108938,2024-08-23,C-420,SKU-00040,22,257.00,86.46,Perth,R-21,1.06
INV-108939,2024-09-10,C-004,SKU-00034,10,214.00,89.10,Perth,R-15,17.35
INV-108940,2025-05-12,C-005,SKU-00054,7,714.00,68.78,Brisbane,R-22,6.91
INV-108941,2024-02-01,C-158,SKU-00025,17,345.00,74.63,Melbourne,R-06,20.52
INV-108942,2025-07-07,C-386,SKU-00028,12,722.00,82.92,Brisbane,R-21,27.39
INV-108943,2024-10-17,C-156,SKU-00002,16,592.00,72.00,Melbourne,R-02,21.39
INV-108944,2024-03-13,C-296,SKU-00031,2,336.00,87.56,Newcastle,R-26,12.67
INV-108945,2025-06-08,C-268,SKU-00032,15,60.00,88.50,Newcastle,R-22,19.92
INV-108946,2024-06-02,C-408,SKU-00057,16,143.00,88.32,Brisbane,R-08,0.46
INV-108947,2025-12-16,C-124,SKU-00020,1,702.00,70.40,Adelaide,R-04,44.50
INV-108948,2025-07-24,C-173,SKU-00052,18,834.00,80.46,Perth,R-26,37.29
INV-108949,2025-09-17,C-067,SKU-00040,23,257.00,77.74,Adelaide,R-26,26.16
INV-108950,2025-03-07,C-032,SKU-00057,20,143.00,66.06,Brisbane,R-08,31.23
INV-108951,2024-04-16,C-344,SKU-00044,23,183.00,73.83,Melbourne,R-27,6.98
INV-108952,2025-03-26,C-090,SKU-00050,22,201.00,81.40,Newcastle,R-05,17.12
INV-108953,2025-08-25,C-089,SKU-00023,21,115.00,71.61,Sydney,R-27,8.93
INV-108954,2024-12-04,C-167,SKU-00026,5,405.00,70.25,Sydney,R-25,11.35
INV-108955,2025-01-07,C-356,SKU-00008,12,232.00,79.44,Perth,R-19,35.28
INV-108956,2024-06-01,C-050,SKU-00016,2,574.00,77.10,Newcastle,R-26,25.70
INV-108957,2024-11-25,C-374,SKU-00027,17,107.00,78.37,Newcastle,R-13,9.30
INV-108958,2025-04-02,C-074,SKU-00015,19,332.00,80.18,Adelaide,R-21,14.35
INV-108959,2025-12-14,C-154,SKU-00051,17,246.00,80.07,Newcastle,R-23,12.48
INV-108960,2024-08-01,C-054,SKU-00020,12,702.00,70.21,Brisbane,R-28,36.19
INV-108961,2024-08-27,C-293,SKU-00028,17,722.00,81.43,Adelaide,R-15,33.24
INV-108962,2025-06-13,C-242,SKU-00015,16,332.00,70.40,Sydney,R-25,25.32
INV-108963,2024-05-21,C-362,SKU-00016,13,574.00,86.71,Perth,R-27,9.80
INV-108964,2024-02-27,C-239,SKU-00053,12,589.00,74.04,Perth,R-28,25.08
INV-108965,2024-05-14,C-279,SKU-00045,13,841.00,90.48,Sydney,R-03,36.81
INV-108966,2025-03-16,C-334,SKU-00003,10,237.00,73.50,Brisbane,R-11,39.57
INV-108967,2024-04-17,C-177,SKU-00051,7,246.00,81.06,Newcastle,R-11,12.84
INV-108968,2024-08-02,C-118,SKU-00019,2,357.00,79.80,Brisbane,R-11,17.29
INV-108969,2025-04-20,C-099,SKU-00033,12,111.00,77.04,Perth,R-16,23.84
INV-108970,2024-08-09,C-007,SKU-00010,21,27.00,66.27,Adelaide,R-25,6.08
INV-108971,2024-12-04,C-029,SKU-00055,23,703.00,81.42,Adelaide,R-05,30.73
INV-108972,2024-02-27,C-083,SKU-00003,23,237.00,79.58,Adelaide,R-22,40.68
INV-108973,2025-02-27,C-360,SKU-00051,2,246.00,74.98,Melbourne,R-24,34.22
INV-108974,2025-03-05,C-248,SKU-00011,1,62.00,71.62,Newcastle,R-17,41.48
INV-108975,2024-03-12,C-124,SKU-00046,22,711.00,80.52,Adelaide,R-04,12.78
INV-108976,2025-11-02,C-116,SKU-00010,24,27.00,80.64,Sydney,R-01,14.73
INV-108977,2025-01-06,C-023,SKU-00019,20,357.00,70.60,Perth,R-24,18.19
INV-108978,2025-05-11,C-260,SKU-00015,11,332.00,78.43,Sydney,R-21,11.13
INV-108979,2025-02-27,C-227,SKU-00008,13,232.00,88.40,Adelaide,R-08,20.01
INV-108980,2024-09-16,C-147,SKU-00001,3,569.00,80.81,Sydney,R-08,32.67
INV-108981,2025-02-22,C-294,SKU-00011,21,62.00,83.37,Melbourne,R-08,31.57
INV-108982,2025-09-11,C-037,SKU-00001,12,569.00,71.28,Adelaide,R-01,41.44
INV-108983,2025-11-25,C-131,SKU-00044,14,183.00,75.04,Adelaide,R-23,17.73
INV-108984,2025-12-02,C-143,SKU-00017,22,69.00,79.86,Adelaide,R-24,0.63
INV-108985,2024-02-17,C-140,SKU-00028,12,722.00,89.40,Sydney,R-07,0.40
INV-108986,2025-05-28,C-267,SKU-00040,21,257.00,75.18,Sydney,R-21,12.26
INV-108987,2025-09-24,C-069,SKU-00022,5,477.00,70.35,Sydney,R-19,31.92
INV-108988,2024-03-02,C-182,SKU-00032,24,60.00,84.72,Perth,R-05,21.28
INV-108989,2024-10-21,C-049,SKU-00053,17,589.00,74.29,Melbourne,R-12,31.14
INV-108990,2024-11-24,C-138,SKU-00049,23,840.00,66.87,Newcastle,R-02,10.56
INV-108991,2025-08-12,C-004,SKU-00039,5,204.00,85.45,Perth,R-14,4.94
INV-108992,2025-04-23,C-267,SKU-00017,24,69.00,80.40,Sydney,R-12,7.46
INV-108993,2025-08-07,C-302,SKU-00051,9,246.00,74.97,Adelaide,R-28,26.85
INV-108994,2025-02-16,C-171,SKU-00042,23,292.00,79.58,Sydney,R-14,19.66
INV-108995,2024-12-08,C-038,SKU-00005,14,643.00,77.70,Melbourne,R-07,27.82
INV-108996,2025-01-05,C-143,SKU-00033,13,111.00,76.05,Adelaide,R-19,33.18
INV-108997,2025-04-06,C-228,SKU-00022,11,477.00,86.79,Perth,R-27,25.78
INV-108998,2024-06-10,C-350,SKU-00010,11,27.00,74.91,Perth,R-15,30.99
INV-108999,2024-05-06,C-260,SKU-00042,8,292.00,84.08,Sydney,R-20,24.71
INV-109000,2025-06-17,C-213,SKU-00005,4,643.00,79.05,Brisbane,R-15,27.32
INV-109001,2024-12-13,C-031,SKU-00021,6,453.00,78.54,Newcastle,R-03,1.76
INV-109002,2025-02-24,C-384,SKU-00047,24,371.00,82.56,Perth,R-12,27.55
INV-109003,2025-08-17,C-274,SKU-00056,22,481.00,88.22,Newcastle,R-13,19.07
INV-109004,2024-12-28,C-226,SKU-00034,11,214.00,73.92,Perth,R-04,6.71
INV-109005,2024-09-08,C-387,SKU-00036,2,224.00,72.84,Sydney,R-09,24.85
INV-109006,2025-11-03,C-259,SKU-00034,21,214.00,74.13,Sydney,R-28,38.19
INV-109007,2024-10-12,C-234,SKU-00027,5,107.00,89.10,Adelaide,R-17,5.07
INV-109008,2024-08-14,C-249,SKU-00031,22,336.00,86.46,Melbourne,R-21,17.90
INV-109009,2024-06-07,C-127,SKU-00013,10,52.00,82.30,Perth,R-01,33.10
INV-109010,2024-03-08,C-367,SKU-00023,23,115.00,65.17,Melbourne,R-01,26.43
INV-109011,2024-10-11,C-219,SKU-00042,22,292.00,84.92,Melbourne,R-25,11.38
INV-109012,2024-03-18,C-147,SKU-00010,16,27.00,75.68,Sydney,R-05,22.92
INV-109013,2024-02-17,C-106,SKU-00033,18,111.00,73.44,Sydney,R-25,29.75
INV-109014,2025-05-09,C-388,SKU-00025,15,345.00,75.90,Adelaide,R-15,38.82
INV-109015,2024-11-26,C-010,SKU-00019,21,357.00,89.88,Perth,R-04,33.65
INV-109016,2025-06-06,C-229,SKU-00014,18,632.00,77.94,Brisbane,R-02,20.65
INV-109017,2025-08-15,C-362,SKU-00012,14,822.00,85.26,Perth,R-28,29.34
INV-109018,2025-05-13,C-163,SKU-00028,13,722.00,75.79,Newcastle,R-07,35.65
INV-109019,2025-05-25,C-352,SKU-00048,14,553.00,76.16,Melbourne,R-13,18.31
INV-109020,2024-11-07,C-010,SKU-00046,22,711.00,73.47,Perth,R-10,7.46
INV-109021,2025-04-16,C-174,SKU-00012,7,822.00,76.65,Brisbane,R-27,29.05
INV-109022,2024-02-24,C-043,SKU-00027,5,107.00,73.45,Brisbane,R-28,19.59
INV-109023,2024-06-26,C-186,SKU-00043,19,320.00,71.82,Brisbane,R-13,17.37
INV-109024,2024-03-23,C-067,SKU-00049,9,840.00,78.48,Adelaide,R-07,4.90
INV-109025,2025-01-05,C-166,SKU-00047,24,371.00,77.76,Adelaide,R-12,25.20
INV-109026,2025-07-25,C-341,SKU-00027,19,107.00,84.55,Perth,R-01,4.76
INV-109027,2024-02-14,C-028,SKU-00016,15,574.00,85.20,Melbourne,R-08,30.94
INV-109028,2025-12-14,C-215,SKU-00003,20,237.00,79.80,Newcastle,R-22,10.78
INV-109029,2025-03-27,C-185,SKU-00025,7,345.00,73.57,Sydney,R-18,7.23
INV-109030,2025-09-06,C-081,SKU-00044,22,183.00,80.96,Sydney,R-25,18.32
INV-109031,2025-02-03,C-379,SKU-00045,2,841.00,76.10,Newcastle,R-10,6.01
INV-109032,2024-10-25,C-155,SKU-00005,12,643.00,85.80,Perth,R-24,6.69
INV-109033,2025-07-15,C-074,SKU-00038,16,427.00,83.04,Adelaide,R-14,35.17
INV-109034,2025-03-21,C-016,SKU-00006,22,428.00,74.14,Brisbane,R-15,1.48
INV-109035,2025-04-12,C-355,SKU-00024,4,208.00,88.00,Newcastle,R-11,31.38
INV-109036,2025-09-16,C-169,SKU-00037,24,831.00,76.80,Melbourne,R-09,33.62
INV-109037,2025-10-17,C-366,SKU-00029,11,291.00,75.13,Melbourne,R-10,7.24
INV-109038,2024-01-07,C-002,SKU-00021,12,453.00,74.28,Perth,R-10,36.15
INV-109039,2025-07-03,C-172,SKU-00036,24,224.00,89.04,Newcastle,R-04,10.19
INV-109040,2024-11-16,C-180,SKU-00031,24,336.00,75.96,Brisbane,R-06,41.54
INV-109041,2025-05-08,C-005,SKU-00053,10,589.00,83.70,Brisbane,R-02,19.22
INV-109042,2024-05-14,C-195,SKU-00042,11,292.00,79.09,Melbourne,R-19,36.59
INV-109043,2024-06-15,C-354,SKU-00026,2,405.00,74.74,Perth,R-09,1.27
INV-109044,2024-10-06,C-409,SKU-00024,1,208.00,72.14,Sydney,R-14,16.55
INV-109045,2025-11-13,C-218,SKU-00035,6,571.00,85.50,Newcastle,R-07,14.07
INV-109046,2025-12-22,C-406,SKU-00038,8,427.00,88.72,Perth,R-13,35.94
INV-109047,2024-02-26,C-394,SKU-00012,1,822.00,72.53,Adelaide,R-04,21.36
INV-109048,2025-05-10,C-380,SKU-00044,2,183.00,86.90,Adelaide,R-11,7.41
INV-109049,2024-10-05,C-273,SKU-00045,14,841.00,78.96,Sydney,R-02,31.83
INV-109050,2024-07-01,C-350,SKU-00025,16,345.00,73.16,Perth,R-01,3.87
INV-109051,2025-12-09,C-300,SKU-00051,18,246.00,71.64,Brisbane,R-15,10.66
INV-109052,2024-06-03,C-393,SKU-00036,1,224.00,79.09,Sydney,R-06,16.12
INV-109053,2025-07-01,C-403,SKU-00001,9,569.00,88.11,Perth,R-02,18.71
INV-109054,2024-09-03,C-006,SKU-00050,8,201.00,82.16,Sydney,R-01,15.93
INV-109055,2025-08-05,C-204,SKU-00012,18,822.00,71.28,Perth,R-19,32.52
INV-109056,2024-09-14,C-256,SKU-00037,10,831.00,70.90,Sydney,R-17,12.03
INV-109057,2024-02-19,C-324,SKU-00038,15,427.00,77.40,Newcastle,R-27,36.56
INV-109058,2025-01-26,C-164,SKU-00028,24,722.00,79.68,Perth,R-04,43.99
INV-109059,2025-08-17,C-415,SKU-00029,7,291.00,77.35,Melbourne,R-24,16.08
INV-109060,2024-10-17,C-258,SKU-00003,24,237.00,68.01,Perth,R-16,10.51
INV-109061,2024-07-21,C-373,SKU-00006,6,428.00,87.00,Newcastle,R-28,3.83
INV-109062,2024-02-28,C-018,SKU-00032,15,60.00,87.75,Melbourne,R-11,32.48
INV-109063,2025-01-10,C-106,SKU-00027,15,107.00,78.00,Sydney,R-13,30.81
INV-109064,2025-03-10,C-120,SKU-00045,17,841.00,76.67,Adelaide,R-24,21.40
INV-109065,2025-02-27,C-165,SKU-00002,9,592.00,83.97,Perth,R-24,20.52
INV-109066,2025-04-23,C-389,SKU-00020,24,702.00,74.40,Perth,R-09,42.47
INV-109067,2025-02-05,C-410,SKU-00058,16,513.00,89.44,Brisbane,R-08,18.38
INV-109068,2025-07-19,C-040,SKU-00019,8,357.00,70.96,Melbourne,R-08,4.10
INV-109069,2025-11-12,C-372,SKU-00024,16,208.00,76.64,Melbourne,R-27,6.34
INV-109070,2024-12-06,C-192,SKU-00047,7,371.00,77.60,Newcastle,R-18,35.11
INV-109071,2025-12-02,C-281,SKU-00011,19,62.00,73.72,Melbourne,R-09,11.43
INV-109072,2025-02-02,C-101,SKU-00037,4,831.00,73.40,Newcastle,R-06,18.67
INV-109073,2024-07-23,C-371,SKU-00010,10,27.00,75.70,Adelaide,R-20,38.32
INV-109074,2024-12-09,C-013,SKU-00046,24,711.00,73.92,Perth,R-03,5.24
INV-109075,2024-04-24,C-265,SKU-00010,5,27.00,81.15,Perth,R-08,21.07
INV-109076,2024-11-24,C-350,SKU-00013,14,52.00,83.16,Perth,R-12,4.42
INV-109077,2025-04-23,C-182,SKU-00045,13,841.00,88.01,Perth,R-28,32.03
INV-109078,2025-02-21,C-025,SKU-00041,9,612.00,72.45,Brisbane,R-03,39.44
INV-109079,2024-07-28,C-250,SKU-00027,16,107.00,74.08,Perth,R-04,36.13
INV-109080,2024-05-23,C-046,SKU-00024,24,208.00,81.92,Perth,R-20,36.31
INV-109081,2024-05-25,C-399,SKU-00001,3,569.00,87.84,Perth,R-10,31.19
INV-109082,2025-02-02,C-407,SKU-00053,22,589.00,82.06,Adelaide,R-13,24.11
INV-109083,2024-09-19,C-260,SKU-00019,10,357.00,76.70,Sydney,R-09,21.26
INV-109084,2024-01-18,C-269,SKU-00029,6,291.00,72.60,Newcastle,R-14,33.27
INV-109085,2025-09-24,C-263,SKU-00052,21,834.00,70.56,Newcastle,R-18,43.98
INV-109086,2025-05-03,C-107,SKU-00038,12,427.00,73.56,Melbourne,R-14,43.72
INV-109087,2025-07-16,C-093,SKU-00022,23,477.00,80.27,Perth,R-22,16.61
INV-109088,2025-08-22,C-281,SKU-00038,21,427.00,82.74,Melbourne,R-07,9.56
INV-109089,2025-03-11,C-411,SKU-00019,10,357.00,83.00,Perth,R-25,40.34
INV-109090,2024-04-23,C-351,SKU-00019,15,357.00,72.86,Adelaide,R-01,44.68
INV-109091,2024-10-25,C-171,SKU-00053,14,589.00,76.02,Sydney,R-16,37.57
INV-109092,2025-03-07,C-300,SKU-00022,8,477.00,83.68,Brisbane,R-10,32.19
INV-109093,2024-11-06,C-366,SKU-00002,22,592.00,82.06,Melbourne,R-26,36.23
INV-109094,2024-05-28,C-324,SKU-00038,20,427.00,74.80,Newcastle,R-23,15.41
INV-109095,2024-07-19,C-163,SKU-00002,11,592.00,84.15,Newcastle,R-09,24.90
INV-109096,2025-04-06,C-414,SKU-00017,9,69.00,70.56,Melbourne,R-01,36.77
INV-109097,2024-11-18,C-074,SKU-00007,2,284.00,73.44,Adelaide,R-08,38.58
INV-109098,2024-03-11,C-339,SKU-00039,12,204.00,73.08,Adelaide,R-12,9.29
INV-109099,2024-04-05,C-043,SKU-00020,10,702.00,80.90,Brisbane,R-22,1.85
INV-109100,2025-05-27,C-285,SKU-00005,11,643.00,81.26,Melbourne,R-02,7.51
INV-109101,2024-11-21,C-371,SKU-00051,3,246.00,75.27,Adelaide,R-06,42.86
INV-109102,2025-05-16,C-087,SKU-00041,6,612.00,80.34,Melbourne,R-26,42.15
INV-109103,2025-12-07,C-332,SKU-00001,7,569.00,70.42,Perth,R-28,7.29
INV-109104,2025-08-07,C-320,SKU-00047,9,371.00,81.45,Sydney,R-07,5.10
INV-109105,2024-10-15,C-141,SKU-00014,7,632.00,70.98,Perth,R-28,6.22
INV-109106,2025-11-19,C-383,SKU-00022,2,477.00,89.08,Perth,R-11,44.50
INV-109107,2024-01-05,C-234,SKU-00014,22,632.00,73.70,Adelaide,R-03,25.22
INV-109108,2024-07-23,C-348,SKU-00033,3,111.00,77.79,Sydney,R-26,21.61
INV-109109,2025-01-03,C-037,SKU-00006,5,428.00,84.05,Adelaide,R-13,26.68
INV-109110,2024-10-22,C-081,SKU-00005,11,643.00,69.63,Sydney,R-21,36.40
INV-109111,2024-07-23,C-006,SKU-00045,20,841.00,83.20,Sydney,R-13,27.35
INV-109112,2025-05-16,C-313,SKU-00033,5,111.00,84.10,Sydney,R-02,11.30
INV-109113,2024-12-24,C-218,SKU-00047,5,371.00,74.65,Newcastle,R-19,6.52
INV-109114,2024-03-26,C-057,SKU-00010,4,27.00,84.64,Sydney,R-07,34.57
INV-109115,2025-11-25,C-321,SKU-00010,5,27.00,70.75,Sydney,R-12,18.78
INV-109116,2025-11-21,C-222,SKU-00003,20,237.00,77.60,Melbourne,R-12,14.68
INV-109117,2024-08-03,C-256,SKU-00005,5,643.00,77.10,Sydney,R-28,22.77
INV-109118,2025-09-25,C-322,SKU-00007,10,284.00,74.40,Brisbane,R-11,10.13
INV-109119,2025-01-27,C-394,SKU-00030,14,439.00,78.68,Adelaide,R-11,7.04
INV-109120,2024-04-12,C-326,SKU-00058,19,513.00,74.29,Adelaide,R-05,26.47
INV-109121,2024-04-27,C-337,SKU-00005,12,643.00,90.84,Sydney,R-01,22.42
INV-109122,2025-09-07,C-030,SKU-00031,11,336.00,88.55,Brisbane,R-02,44.30
INV-109123,2025-12-28,C-397,SKU-00003,23,237.00,78.20,Melbourne,R-18,19.98
INV-109124,2024-09-12,C-369,SKU-00029,11,291.00,74.58,Adelaide,R-19,38.12
INV-109125,2025-07-18,C-341,SKU-00011,16,62.00,84.16,Perth,R-05,26.95
INV-109126,2024-08-28,C-134,SKU-00042,6,292.00,84.00,Melbourne,R-16,2.47
INV-109127,2024-11-17,C-210,SKU-00004,8,340.00,74.40,Adelaide,R-10,11.15
INV-109128,2025-05-01,C-231,SKU-00031,7,336.00,76.93,Newcastle,R-27,1.50
INV-109129,2024-08-22,C-106,SKU-00011,13,62.00,75.40,Sydney,R-22,19.73
INV-109130,2025-07-22,C-013,SKU-00053,20,589.00,78.02,Perth,R-12,0.62
INV-109131,2024-12-22,C-116,SKU-00040,7,257.00,78.19,Sydney,R-04,0.34
INV-109132,2025-11-12,C-254,SKU-00047,16,371.00,78.24,Sydney,R-17,33.51
INV-109133,2024-01-20,C-341,SKU-00051,5,246.00,87.95,Perth,R-13,39.91
INV-109134,2024-05-17,C-336,SKU-00017,4,69.00,77.40,Perth,R-23,5.73
INV-109135,2025-03-20,C-058,SKU-00008,5,232.00,79.45,Adelaide,R-06,31.75
INV-109136,2024-04-03,C-398,SKU-00036,20,224.00,70.40,Adelaide,R-11,19.15
INV-109137,2024-09-23,C-011,SKU-00036,7,224.00,83.23,Melbourne,R-02,22.37
INV-109138,2024-06-07,C-006,SKU-00013,9,52.00,88.92,Sydney,R-28,33.55
INV-109139,2025-07-22,C-117,SKU-00008,8,232.00,70.48,Adelaide,R-21,38.54
INV-109140,2025-07-25,C-325,SKU-00010,4,27.00,81.25,Sydney,R-22,5.02
INV-109141,2025-03-16,C-172,SKU-00044,10,183.00,73.80,Newcastle,R-05,12.03
INV-109142,2024-04-03,C-378,SKU-00034,22,214.00,78.32,Melbourne,R-19,12.18
INV-109143,2025-11-01,C-124,SKU-00057,24,143.00,86.64,Adelaide,R-07,38.32
INV-109144,2025-03-28,C-233,SKU-00020,17,702.00,71.57,Sydney,R-17,10.49
INV-109145,2024-08-18,C-347,SKU-00051,2,246.00,77.70,Brisbane,R-20,31.91
INV-109146,2024-09-22,C-357,SKU-00044,13,183.00,70.46,Newcastle,R-17,5.30
INV-109147,2025-11-01,C-272,SKU-00054,4,714.00,76.32,Adelaide,R-17,25.00
INV-109148,2025-07-16,C-034,SKU-00046,19,711.00,83.03,Sydney,R-18,3.47
INV-109149,2025-07-15,C-318,SKU-00004,8,340.00,87.04,Adelaide,R-16,31.93
INV-109150,2025-12-11,C-334,SKU-00036,20,224.00,78.75,Brisbane,R-04,1.24
INV-109151,2024-12-02,C-013,SKU-00001,6,569.00,72.36,Perth,R-16,38.35
INV-109152,2025-08-12,C-363,SKU-00030,24,439.00,76.80,Perth,R-01,12.09
INV-109153,2024-06-11,C-412,SKU-00014,14,632.00,78.40,Newcastle,R-17,39.19
INV-109154,2025-09-06,C-183,SKU-00015,23,332.00,90.16,Perth,R-09,14.46
INV-109155,2024-01-02,C-010,SKU-00018,1,268.00,80.52,Perth,R-28,4.24
INV-109156,2024-02-28,C-025,SKU-00042,20,292.00,73.80,Brisbane,R-07,13.36
INV-109157,2025-05-24,C-332,SKU-00006,12,428.00,76.56,Perth,R-20,16.28
INV-109158,2025-09-21,C-241,SKU-00007,10,284.00,85.40,Newcastle,R-11,37.52
INV-109159,2024-02-08,C-100,SKU-00030,2,439.00,78.00,Brisbane,R-19,9.40
INV-109160,2024-05-03,C-286,SKU-00056,6,481.00,78.16,Brisbane,R-12,33.04
INV-109161,2024-01-07,C-087,SKU-00027,3,107.00,85.53,Melbourne,R-15,34.07
INV-109162,2025-05-24,C-196,SKU-00007,14,284.00,83.44,Adelaide,R-07,34.61
INV-109163,2024-09-20,C-080,SKU-00050,20,201.00,90.60,Newcastle,R-28,6.39
INV-109164,2024-06-11,C-099,SKU-00041,4,612.00,74.28,Perth,R-02,42.24
INV-109165,2024-01-03,C-039,SKU-00014,20,632.00,80.40,Perth,R-16,21.36
INV-109166,2024-11-25,C-015,SKU-00027,22,107.00,88.66,Sydney,R-15,36.21
INV-109167,2025-08-26,C-105,SKU-00015,14,332.00,74.90,Sydney,R-28,2.47
INV-109168,2024-04-02,C-020,SKU-00024,11,208.00,77.77,Perth,R-02,25.69
INV-109169,2024-08-26,C-058,SKU-00017,17,69.00,86.70,Adelaide,R-21,29.09
INV-109170,2025-02-12,C-357,SKU-00050,16,201.00,64.77,Newcastle,R-12,44.76
INV-109171,2025-01-28,C-054,SKU-00026,1,405.00,82.96,Brisbane,R-07,25.53
INV-109172,2025-03-03,C-226,SKU-00025,5,345.00,82.60,Perth,R-15,25.19
INV-109173,2024-10-15,C-173,SKU-00045,23,841.00,89.93,Perth,R-25,30.35
INV-109174,2024-01-25,C-057,SKU-00030,4,439.00,74.12,Sydney,R-25,41.21
INV-109175,2024-01-23,C-139,SKU-00006,15,428.00,72.15,Perth,R-02,2.17
INV-109176,2025-09-22,C-236,SKU-00045,16,841.00,80.48,Newcastle,R-11,33.91
INV-109177,2025-09-14,C-171,SKU-00016,24,574.00,72.96,Sydney,R-27,22.11
INV-109178,2024-05-21,C-302,SKU-00026,10,405.00,79.40,Adelaide,R-07,20.18
INV-109179,2025-12-09,C-095,SKU-00054,5,714.00,75.85,Sydney,R-19,3.03
INV-109180,2025-11-03,C-264,SKU-00036,9,224.00,71.04,Brisbane,R-27,11.48
INV-109181,2025-08-01,C-155,SKU-00043,6,320.00,70.38,Perth,R-25,1.63
INV-109182,2025-03-22,C-208,SKU-00041,8,612.00,84.96,Perth,R-11,31.93
INV-109183,2025-02-28,C-173,SKU-00051,10,246.00,84.50,Perth,R-08,42.35
INV-109184,2025-05-27,C-041,SKU-00022,13,477.00,70.33,Adelaide,R-02,32.54
INV-109185,2025-03-12,C-383,SKU-00004,15,340.00,78.60,Perth,R-26,8.88
INV-109186,2025-05-12,C-141,SKU-00054,14,714.00,85.68,Perth,R-15,3.91
INV-109187,2024-03-15,C-217,SKU-00054,24,714.00,74.40,Newcastle,R-07,6.30
INV-109188,2025-01-08,C-122,SKU-00043,7,320.00,78.54,Brisbane,R-13,8.82
INV-109189,2024-07-28,C-131,SKU-00049,21,840.00,72.24,Adelaide,R-25,0.65
INV-109190,2025-03-18,C-331,SKU-00047,18,371.00,78.16,Adelaide,R-27,42.28
INV-109191,2024-05-08,C-304,SKU-00003,3,237.00,74.76,Melbourne,R-16,21.01
INV-109192,2024-02-09,C-408,SKU-00046,6,711.00,86.40,Brisbane,R-04,24.13
INV-109193,2025-10-19,C-169,SKU-00033,3,111.00,70.32,Melbourne,R-08,42.88
INV-109194,2025-10-04,C-259,SKU-00032,4,60.00,74.84,Sydney,R-22,1.41
INV-109195,2024-07-11,C-362,SKU-00045,24,841.00,71.52,Perth,R-19,32.87
INV-109196,2024-11-10,C-031,SKU-00029,13,291.00,73.84,Newcastle,R-24,20.59
INV-109197,2025-06-14,C-113,SKU-00057,7,143.00,74.06,Brisbane,R-22,10.40
INV-109198,2024-10-18,C-328,SKU-00007,10,284.00,86.20,Newcastle,R-25,39.56
INV-109199,2025-04-22,C-295,SKU-00020,17,702.00,72.08,Perth,R-23,42.75
INV-109200,2024-12-19,C-266,SKU-00001,1,569.00,64.91,Adelaide,R-13,8.88
INV-109201,2025-07-12,C-026,SKU-00037,16,831.00,90.40,Melbourne,R-27,20.79
INV-109202,2024-04-19,C-350,SKU-00047,12,371.00,90.72,Perth,R-06,4.02
INV-109203,2025-11-01,C-010,SKU-00052,14,834.00,70.56,Perth,R-21,31.16
INV-109204,2025-06-28,C-015,SKU-00055,8,703.00,70.40,Sydney,R-22,15.47
INV-109205,2024-08-15,C-250,SKU-00047,14,371.00,83.02,Perth,R-25,30.58
INV-109206,2025-02-19,C-047,SKU-00054,16,714.00,87.04,Perth,R-18,42.12
INV-109207,2025-07-09,C-131,SKU-00011,4,62.00,82.00,Adelaide,R-06,1.12
INV-109208,2024-02-28,C-080,SKU-00022,9,477.00,84.06,Newcastle,R-04,6.98
INV-109209,2024-08-08,C-043,SKU-00037,5,831.00,72.90,Brisbane,R-28,23.76
INV-109210,2024-04-12,C-163,SKU-00011,20,62.00,76.36,Newcastle,R-15,42.23
INV-109211,2025-09-04,C-350,SKU-00026,13,405.00,79.95,Perth,R-11,36.27
INV-109212,2024-03-27,C-027,SKU-00025,10,345.00,89.80,Brisbane,R-17,31.32
INV-109213,2025-09-02,C-124,SKU-00050,11,201.00,77.77,Adelaide,R-04,40.82
INV-109214,2024-07-04,C-252,SKU-00001,13,569.00,85.80,Brisbane,R-22,17.72
INV-109215,2025-10-06,C-090,SKU-00032,1,60.00,71.38,Newcastle,R-16,30.01
INV-109216,2024-12-02,C-308,SKU-00056,16,481.00,86.72,Melbourne,R-13,37.69
INV-109217,2025-01-03,C-023,SKU-00014,18,632.00,70.56,Perth,R-02,26.64
INV-109218,2024-06-03,C-114,SKU-00037,22,831.00,74.58,Sydney,R-23,24.23
INV-109219,2024-02-08,C-080,SKU-00058,5,513.00,82.10,Newcastle,R-28,30.44
INV-109220,2025-08-23,C-260,SKU-00006,2,428.00,65.84,Sydney,R-02,21.39
INV-109221,2024-09-27,C-345,SKU-00019,5,357.00,83.05,Sydney,R-04,26.35
INV-109222,2025-02-12,C-033,SKU-00031,19,336.00,70.49,Adelaide,R-26,16.96
INV-109223,2025-03-18,C-197,SKU-00037,2,831.00,80.20,Melbourne,R-07,31.86
INV-109224,2024-10-23,C-108,SKU-00001,5,569.00,83.60,Perth,R-25,2.91
INV-109225,2024-04-12,C-028,SKU-00039,20,204.00,79.40,Melbourne,R-02,39.82
INV-109226,2025-07-19,C-084,SKU-00039,7,204.00,90.79,Perth,R-27,16.08
INV-109227,2024-06-10,C-399,SKU-00052,13,834.00,75.14,Perth,R-05,44.74
INV-109228,2025-12-26,C-122,SKU-00041,5,612.00,87.90,Brisbane,R-01,22.41
INV-109229,2024-08-24,C-244,SKU-00016,19,574.00,84.36,Perth,R-27,33.95
INV-109230,2025-08-13,C-095,SKU-00056,16,481.00,82.58,Sydney,R-21,4.46
INV-109231,2025-01-15,C-112,SKU-00051,13,246.00,80.60,Brisbane,R-05,5.95
INV-109232,2025-07-08,C-325,SKU-00010,7,27.00,80.78,Sydney,R-13,40.26
INV-109233,2024-11-01,C-289,SKU-00006,11,428.00,73.81,Perth,R-07,1.71
INV-109234,2025-07-10,C-090,SKU-00012,4,822.00,83.72,Newcastle,R-24,7.98
INV-109235,2024-09-15,C-052,SKU-00007,10,284.00,83.30,Newcastle,R-05,29.66
INV-109236,2024-03-13,C-039,SKU-00041,21,612.00,77.91,Perth,R-07,29.50
INV-109237,2024-05-07,C-119,SKU-00014,5,632.00,70.95,Perth,R-21,17.38
INV-109238,2025-09-26,C-003,SKU-00053,21,589.00,85.26,Newcastle,R-16,44.25
INV-109239,2025-04-11,C-336,SKU-00044,12,183.00,79.32,Perth,R-22,10.10
INV-109240,2024-05-12,C-014,SKU-00019,18,357.00,80.48,Sydney,R-01,43.74
INV-109241,2025-01-11,C-142,SKU-00022,24,477.00,74.40,Melbourne,R-24,1.96
INV-109242,2025-12-06,C-407,SKU-00026,9,405.00,75.33,Adelaide,R-20,12.48
INV-109243,2024-07-18,C-370,SKU-00021,8,453.00,81.84,Adelaide,R-01,22.27
INV-109244,2025-10-21,C-202,SKU-00022,12,477.00,83.40,Newcastle,R-08,41.86
INV-109245,2024-04-04,C-067,SKU-00033,23,111.00,77.97,Adelaide,R-28,7.89
INV-109246,2024-11-08,C-094,SKU-00019,15,357.00,86.40,Adelaide,R-13,12.01
INV-109247,2025-10-17,C-373,SKU-00027,24,107.00,86.40,Newcastle,R-15,40.45
INV-109248,2024-05-24,C-095,SKU-00018,15,268.00,73.65,Sydney,R-25,25.53
INV-109249,2025-06-10,C-063,SKU-00020,8,702.00,74.24,Sydney,R-20,33.95
INV-109250,2024-08-07,C-258,SKU-00052,23,834.00,65.38,Perth,R-02,23.24
INV-109251,2025-05-12,C-391,SKU-00003,6,237.00,80.88,Sydney,R-21,1.51
INV-109252,2025-07-02,C-359,SKU-00025,12,345.00,84.96,Sydney,R-12,40.37
INV-109253,2024-03-05,C-182,SKU-00008,21,232.00,72.45,Perth,R-11,34.62
INV-109254,2024-05-15,C-112,SKU-00020,21,702.00,85.89,Brisbane,R-03,14.10
INV-109255,2025-11-04,C-100,SKU-00026,10,405.00,86.60,Brisbane,R-02,43.49
INV-109256,2024-06-17,C-292,SKU-00045,24,841.00,84.00,Perth,R-12,37.14
INV-109257,2024-03-28,C-230,SKU-00049,5,840.00,71.80,Melbourne,R-13,16.20
INV-109258,2025-07-02,C-296,SKU-00037,5,831.00,72.20,Newcastle,R-17,18.59
INV-109259,2025-06-01,C-245,SKU-00033,16,111.00,72.80,Perth,R-16,29.17
INV-109260,2025-08-01,C-075,SKU-00036,16,224.00,65.06,Brisbane,R-23,43.76
INV-109261,2025-03-01,C-163,SKU-00031,22,336.00,89.76,Newcastle,R-24,25.43
INV-109262,2024-02-22,C-365,SKU-00004,3,340.00,76.59,Adelaide,R-26,6.59
INV-109263,2025-12-01,C-240,SKU-00001,18,569.00,76.32,Adelaide,R-20,37.92
INV-109264,2024-01-11,C-206,SKU-00001,2,569.00,84.06,Newcastle,R-05,42.66
INV-109265,2024-05-13,C-094,SKU-00029,11,291.00,74.91,Adelaide,R-19,16.36
INV-109266,2024-11-18,C-105,SKU-00027,11,107.00,77.11,Sydney,R-05,37.40
INV-109267,2024-06-22,C-213,SKU-00048,10,553.00,80.60,Brisbane,R-24,34.68
INV-109268,2024-01-02,C-108,SKU-00026,22,405.00,77.00,Perth,R-01,11.02
INV-109269,2024-06-03,C-198,SKU-00032,18,60.00,74.16,Melbourne,R-17,9.72
INV-109270,2024-12-02,C-131,SKU-00009,5,761.00,73.88,Adelaide,R-26,2.44
INV-109271,2024-02-01,C-029,SKU-00035,22,571.00,71.50,Adelaide,R-09,11.27
INV-109272,2025-06-06,C-043,SKU-00049,10,840.00,75.10,Brisbane,R-02,4.92
INV-109273,2024-09-05,C-324,SKU-00018,8,268.00,89.20,Newcastle,R-15,10.18
INV-109274,2024-01-18,C-287,SKU-00058,14,513.00,84.42,Melbourne,R-13,2.23
INV-109275,2024-09-03,C-082,SKU-00035,11,571.00,85.91,Melbourne,R-01,6.79
INV-109276,2024-03-12,C-420,SKU-00058,8,513.00,73.44,Perth,R-05,38.46
INV-109277,2024-06-21,C-345,SKU-00052,20,834.00,71.20,Sydney,R-19,30.32
INV-109278,2024-09-19,C-133,SKU-00016,11,574.00,78.10,Brisbane,R-12,40.79
INV-109279,2024-03-22,C-242,SKU-00018,5,268.00,70.25,Sydney,R-17,18.33
INV-109280,2025-07-14,C-072,SKU-00036,14,224.00,64.66,Perth,R-05,31.10
INV-109281,2025-05-16,C-357,SKU-00030,24,439.00,84.72,Newcastle,R-22,13.06
INV-109282,2025-02-03,C-162,SKU-00056,1,481.00,76.49,Perth,R-28,39.27
INV-109283,2024-08-08,C-052,SKU-00003,14,237.00,85.82,Newcastle,R-04,20.92
INV-109284,2025-01-24,C-116,SKU-00054,13,714.00,76.31,Sydney,R-02,19.00
INV-109285,2024-10-20,C-267,SKU-00021,19,453.00,73.53,Sydney,R-12,20.32
INV-109286,2024-08-18,C-227,SKU-00029,5,291.00,73.35,Adelaide,R-28,34.33
INV-109287,2024-07-04,C-278,SKU-00042,18,292.00,81.54,Melbourne,R-25,7.06
INV-109288,2024-06-17,C-374,SKU-00026,22,405.00,74.80,Newcastle,R-20,16.75
INV-109289,2025-07-06,C-136,SKU-00017,7,69.00,77.70,Sydney,R-27,4.20
INV-109290,2024-03-26,C-175,SKU-00035,7,571.00,78.12,Perth,R-25,1.98
INV-109291,2024-08-12,C-341,SKU-00052,13,834.00,88.53,Perth,R-02,21.31
INV-109292,2025-09-03,C-310,SKU-00046,2,711.00,77.32,Perth,R-13,13.81
INV-109293,2025-10-08,C-316,SKU-00009,5,761.00,88.60,Adelaide,R-01,25.69
INV-109294,2024-06-15,C-282,SKU-00053,2,589.00,86.88,Adelaide,R-16,1.42
INV-109295,2024-02-10,C-223,SKU-00012,22,822.00,70.40,Sydney,R-03,28.93
INV-109296,2025-08-24,C-261,SKU-00054,8,714.00,88.48,Brisbane,R-09,42.47
INV-109297,2024-02-15,C-111,SKU-00024,3,208.00,72.66,Adelaide,R-14,10.39
INV-109298,2025-10-12,C-060,SKU-00039,17,204.00,71.40,Brisbane,R-14,30.52
INV-109299,2025-04-13,C-238,SKU-00019,18,357.00,71.82,Adelaide,R-11,39.57
INV-109300,2024-02-15,C-182,SKU-00005,10,643.00,66.79,Perth,R-20,27.89
INV-109301,2024-02-12,C-160,SKU-00032,19,60.00,74.48,Melbourne,R-14,5.92
INV-109302,2025-04-19,C-207,SKU-00024,22,208.00,73.26,Melbourne,R-13,1.56
INV-109303,2024-06-16,C-263,SKU-00046,15,711.00,84.00,Newcastle,R-27,23.31
INV-109304,2024-07-19,C-410,SKU-00002,15,592.00,86.55,Brisbane,R-27,24.83
INV-109305,2025-04-06,C-158,SKU-00038,13,427.00,75.01,Melbourne,R-13,43.42
INV-109306,2024-09-08,C-382,SKU-00017,14,69.00,76.02,Newcastle,R-06,39.28
INV-109307,2025-09-02,C-367,SKU-00035,3,571.00,73.11,Melbourne,R-09,23.80
INV-109308,2024-08-03,C-321,SKU-00050,23,201.00,88.09,Sydney,R-05,31.82
INV-109309,2024-09-15,C-420,SKU-00050,20,201.00,87.40,Perth,R-13,13.57
INV-109310,2024-05-11,C-144,SKU-00045,18,841.00,74.69,Newcastle,R-23,29.95
INV-109311,2024-07-22,C-118,SKU-00031,20,336.00,86.20,Brisbane,R-22,32.21
INV-109312,2024-11-18,C-112,SKU-00019,9,357.00,77.49,Brisbane,R-27,0.37
INV-109313,2025-01-27,C-374,SKU-00053,12,589.00,73.20,Newcastle,R-14,13.94
INV-109314,2024-02-05,C-133,SKU-00012,15,822.00,82.95,Brisbane,R-07,26.57
INV-109315,2024-06-19,C-331,SKU-00010,21,27.00,73.08,Adelaide,R-19,4.73
INV-109316,2024-09-10,C-416,SKU-00016,13,574.00,78.13,Melbourne,R-02,27.76
INV-109317,2024-11-06,C-198,SKU-00047,23,371.00,71.76,Melbourne,R-11,8.91
INV-109318,2025-06-18,C-112,SKU-00040,22,257.00,82.94,Brisbane,R-16,37.49
INV-109319,2024-11-10,C-251,SKU-00053,22,589.00,81.84,Perth,R-20,19.07
INV-109320,2024-11-24,C-048,SKU-00048,18,553.00,71.37,Newcastle,R-06,40.77
INV-109321,2024-07-13,C-232,SKU-00027,22,107.00,72.82,Perth,R-21,24.35
INV-109322,2024-04-10,C-368,SKU-00018,2,268.00,76.74,Sydney,R-22,37.23
INV-109323,2025-11-01,C-006,SKU-00047,9,371.00,84.60,Sydney,R-15,30.44
INV-109324,2025-11-04,C-075,SKU-00026,5,405.00,83.55,Brisbane,R-17,2.22
INV-109325,2025-11-19,C-380,SKU-00049,17,840.00,72.59,Adelaide,R-28,23.98
INV-109326,2025-07-12,C-036,SKU-00005,4,643.00,88.72,Melbourne,R-14,13.36
INV-109327,2025-01-17,C-183,SKU-00020,22,702.00,78.98,Perth,R-21,36.28
INV-109328,2025-05-24,C-261,SKU-00035,16,571.00,73.44,Brisbane,R-07,23.28
INV-109329,2024-02-04,C-239,SKU-00027,21,107.00,76.02,Perth,R-06,27.05
INV-109330,2024-02-09,C-081,SKU-00031,20,336.00,71.21,Sydney,R-09,19.75
INV-109331,2025-12-19,C-340,SKU-00018,4,268.00,72.24,Newcastle,R-18,41.41
INV-109332,2024-04-27,C-027,SKU-00016,1,574.00,89.12,Brisbane,R-10,16.53
INV-109333,2024-11-27,C-054,SKU-00035,24,571.00,89.76,Brisbane,R-07,40.08
INV-109334,2024-07-23,C-155,SKU-00025,9,345.00,77.85,Perth,R-21,20.78
INV-109335,2025-02-14,C-318,SKU-00055,17,703.00,87.72,Adelaide,R-14,23.39
INV-109336,2025-01-22,C-192,SKU-00021,13,453.00,76.96,Newcastle,R-03,12.16
INV-109337,2025-08-19,C-352,SKU-00004,15,340.00,79.95,Melbourne,R-09,44.97
INV-109338,2025-09-14,C-238,SKU-00053,14,589.00,82.74,Adelaide,R-07,0.32
INV-109339,2025-09-25,C-395,SKU-00032,17,60.00,78.54,Sydney,R-05,20.14
INV-109340,2025-08-23,C-103,SKU-00030,22,439.00,82.78,Sydney,R-22,15.48
INV-109341,2024-05-23,C-101,SKU-00012,5,822.00,75.00,Newcastle,R-24,4.86
INV-109342,2024-01-08,C-246,SKU-00054,10,714.00,80.10,Newcastle,R-23,11.61
INV-109343,2024-05-14,C-254,SKU-00003,7,237.00,80.08,Sydney,R-04,7.30
INV-109344,2025-06-05,C-393,SKU-00056,23,481.00,73.83,Sydney,R-07,20.65
INV-109345,2025-03-04,C-180,SKU-00047,20,371.00,71.20,Brisbane,R-09,1.29
INV-109346,2024-11-12,C-119,SKU-00002,7,592.00,73.43,Perth,R-28,11.62
INV-109347,2024-07-02,C-152,SKU-00012,20,822.00,75.20,Melbourne,R-08,10.64
INV-109348,2025-07-22,C-159,SKU-00037,22,831.00,89.54,Melbourne,R-06,38.98
INV-109349,2024-05-27,C-315,SKU-00036,5,224.00,72.35,Brisbane,R-06,3.22
INV-109350,2024-06-20,C-296,SKU-00016,21,574.00,81.53,Newcastle,R-07,31.71
INV-109351,2025-02-08,C-152,SKU-00013,11,52.00,85.47,Melbourne,R-03,23.82
INV-109352,2024-11-18,C-044,SKU-00034,15,214.00,76.80,Brisbane,R-14,32.43
INV-109353,2024-04-08,C-214,SKU-00058,18,513.00,71.46,Perth,R-06,18.21
INV-109354,2024-05-23,C-326,SKU-00025,4,345.00,82.60,Adelaide,R-20,0.08
INV-109355,2025-12-15,C-203,SKU-00028,22,722.00,73.48,Sydney,R-04,25.26
INV-109356,2024-08-26,C-232,SKU-00019,12,357.00,77.16,Perth,R-26,20.03
INV-109357,2025-12-02,C-228,SKU-00050,11,201.00,78.21,Perth,R-13,7.83
INV-109358,2025-06-14,C-109,SKU-00052,12,834.00,78.24,Sydney,R-06,32.88
INV-109359,2024-02-11,C-322,SKU-00049,4,840.00,79.60,Brisbane,R-15,25.27
INV-109360,2024-12-07,C-241,SKU-00033,7,111.00,72.84,Newcastle,R-01,22.81
INV-109361,2024-09-03,C-071,SKU-00053,8,589.00,87.12,Brisbane,R-04,7.98
INV-109362,2025-08-04,C-199,SKU-00001,10,569.00,87.70,Newcastle,R-12,21.91
INV-109363,2024-02-24,C-216,SKU-00038,19,427.00,81.89,Brisbane,R-27,40.38
INV-109364,2025-01-13,C-182,SKU-00038,7,427.00,72.45,Perth,R-09,19.72
INV-109365,2025-10-07,C-226,SKU-00047,22,371.00,70.62,Perth,R-16,27.79
INV-109366,2024-08-19,C-158,SKU-00019,20,357.00,84.60,Melbourne,R-11,28.35
INV-109367,2025-12-17,C-130,SKU-00036,1,224.00,76.20,Sydney,R-18,43.48
INV-109368,2025-04-08,C-294,SKU-00054,1,714.00,85.73,Melbourne,R-10,37.23
INV-109369,2025-02-26,C-055,SKU-00002,9,592.00,88.83,Adelaide,R-27,2.23
INV-109370,2025-01-03,C-287,SKU-00031,16,336.00,82.87,Melbourne,R-03,17.89
INV-109371,2025-08-20,C-319,SKU-00020,4,702.00,83.44,Perth,R-17,19.82
INV-109372,2025-04-24,C-264,SKU-00007,15,284.00,82.50,Brisbane,R-02,0.15
INV-109373,2024-06-22,C-146,SKU-00034,3,214.00,81.36,Perth,R-28,18.45
INV-109374,2025-08-17,C-395,SKU-00006,21,428.00,88.83,Sydney,R-28,37.00
INV-109375,2025-11-28,C-148,SKU-00042,24,292.00,71.04,Melbourne,R-06,17.64
INV-109376,2024-09-12,C-094,SKU-00057,18,143.00,72.72,Adelaide,R-03,18.23
INV-109377,2024-05-09,C-157,SKU-00001,17,569.00,90.61,Sydney,R-20,1.01
INV-109378,2024-08-22,C-172,SKU-00010,9,27.00,88.65,Newcastle,R-17,43.50
INV-109379,2025-05-17,C-136,SKU-00046,4,711.00,74.92,Sydney,R-02,19.23
INV-109380,2025-11-26,C-192,SKU-00005,15,643.00,74.24,Newcastle,R-26,21.84
INV-109381,2024-07-02,C-259,SKU-00016,21,574.00,81.69,Sydney,R-01,10.89
INV-109382,2024-03-01,C-187,SKU-00037,17,831.00,87.72,Brisbane,R-13,17.37
INV-109383,2025-12-09,C-300,SKU-00032,4,60.00,72.76,Brisbane,R-27,29.26
INV-109384,2024-11-05,C-333,SKU-00058,10,513.00,71.20,Melbourne,R-08,43.28
INV-109385,2024-05-14,C-352,SKU-00028,12,722.00,77.04,Melbourne,R-07,2.38
INV-109386,2024-07-24,C-095,SKU-00045,13,841.00,80.08,Sydney,R-03,27.76
INV-109387,2024-03-03,C-300,SKU-00018,9,268.00,74.52,Brisbane,R-09,30.99
INV-109388,2024-10-12,C-327,SKU-00009,19,761.00,72.96,Adelaide,R-07,5.27
INV-109389,2024-01-23,C-231,SKU-00056,8,481.00,76.40,Newcastle,R-23,21.80
INV-109390,2024-06-01,C-156,SKU-00033,17,111.00,70.69,Melbourne,R-24,7.40
INV-109391,2025-12-07,C-109,SKU-00003,15,237.00,86.40,Sydney,R-27,28.74
INV-109392,2024-04-12,C-014,SKU-00007,14,284.00,77.98,Sydney,R-28,12.78
INV-109393,2025-01-17,C-065,SKU-00020,3,702.00,88.50,Adelaide,R-19,22.74
INV-109394,2025-06-16,C-158,SKU-00050,7,201.00,83.86,Melbourne,R-01,13.08
INV-109395,2025-08-11,C-008,SKU-00043,13,320.00,82.94,Newcastle,R-14,41.33
INV-109396,2025-12-26,C-093,SKU-00025,20,345.00,72.20,Perth,R-13,22.80
INV-109397,2024-08-12,C-255,SKU-00014,20,632.00,76.00,Sydney,R-14,28.19
INV-109398,2024-02-28,C-382,SKU-00058,20,513.00,75.20,Newcastle,R-09,8.54
INV-109399,2024-05-21,C-281,SKU-00039,23,204.00,74.29,Melbourne,R-23,43.74
INV-109400,2025-11-08,C-157,SKU-00038,23,427.00,74.27,Sydney,R-22,6.92
INV-109401,2025-05-07,C-267,SKU-00034,12,214.00,72.24,Sydney,R-20,39.37
INV-109402,2024-04-20,C-386,SKU-00048,8,553.00,74.24,Brisbane,R-09,35.87
INV-109403,2024-07-02,C-297,SKU-00019,12,357.00,84.00,Perth,R-15,15.71
INV-109404,2024-04-08,C-339,SKU-00009,20,761.00,71.80,Adelaide,R-03,0.77
INV-109405,2024-04-22,C-013,SKU-00021,10,453.00,70.60,Perth,R-10,4.46
INV-109406,2024-12-09,C-029,SKU-00043,24,320.00,72.00,Adelaide,R-10,33.12
INV-109407,2024-05-13,C-234,SKU-00026,15,405.00,84.90,Adelaide,R-03,41.07
INV-109408,2025-05-27,C-054,SKU-00038,24,427.00,75.84,Brisbane,R-27,8.60
INV-109409,2025-07-14,C-365,SKU-00008,6,232.00,70.62,Adelaide,R-01,12.65
INV-109410,2024-01-22,C-025,SKU-00017,23,69.00,70.67,Brisbane,R-14,31.96
INV-109411,2024-11-03,C-313,SKU-00057,2,143.00,72.18,Sydney,R-19,19.89
INV-109412,2025-12-08,C-257,SKU-00042,21,292.00,72.03,Brisbane,R-28,22.36
INV-109413,2024-08-23,C-030,SKU-00012,17,822.00,74.12,Brisbane,R-23,35.17
INV-109414,2024-10-15,C-156,SKU-00015,24,332.00,71.28,Melbourne,R-22,36.43
INV-109415,2025-11-14,C-099,SKU-00032,3,60.00,83.70,Perth,R-20,44.57
INV-109416,2025-04-19,C-381,SKU-00039,12,204.00,71.52,Perth,R-17,16.63
INV-109417,2025-03-10,C-127,SKU-00007,5,284.00,78.25,Perth,R-19,33.11
INV-109418,2025-02-22,C-170,SKU-00004,23,340.00,81.88,Brisbane,R-03,18.60
INV-109419,2024-09-28,C-221,SKU-00046,13,711.00,78.65,Newcastle,R-03,31.80
INV-109420,2024-06-10,C-310,SKU-00017,3,69.00,73.44,Perth,R-12,19.10
INV-109421,2024-01-11,C-316,SKU-00028,2,722.00,76.32,Adelaide,R-19,3.33
INV-109422,2024-12-27,C-267,SKU-00025,3,345.00,75.69,Sydney,R-25,2.14
INV-109423,2024-02-20,C-365,SKU-00002,20,592.00,90.40,Adelaide,R-01,36.59
INV-109424,2025-05-26,C-271,SKU-00007,20,284.00,83.00,Brisbane,R-12,27.27
INV-109425,2025-06-22,C-342,SKU-00044,11,183.00,72.71,Melbourne,R-08,5.68
INV-109426,2024-09-22,C-110,SKU-00029,5,291.00,81.55,Brisbane,R-26,40.59
INV-109427,2025-01-15,C-148,SKU-00006,20,428.00,83.20,Melbourne,R-16,37.74
INV-109428,2025-12-18,C-136,SKU-00003,3,237.00,84.24,Sydney,R-20,31.34
INV-109429,2025-10-14,C-107,SKU-00043,4,320.00,89.52,Melbourne,R-01,7.68
INV-109430,2024-12-12,C-169,SKU-00012,13,822.00,68.17,Melbourne,R-03,34.43
INV-109431,2025-03-09,C-172,SKU-00023,8,115.00,71.52,Newcastle,R-12,31.32
INV-109432,2024-05-14,C-201,SKU-00044,19,183.00,80.56,Perth,R-09,3.36
INV-109433,2024-08-16,C-034,SKU-00005,16,643.00,74.08,Sydney,R-28,12.46
INV-109434,2025-05-13,C-066,SKU-00014,12,632.00,85.80,Adelaide,R-28,40.62
INV-109435,2024-12-07,C-036,SKU-00042,14,292.00,80.08,Melbourne,R-11,32.68
INV-109436,2025-09-24,C-401,SKU-00047,3,371.00,71.79,Perth,R-22,40.71
INV-109437,2025-02-06,C-363,SKU-00040,14,257.00,78.96,Perth,R-08,42.50
INV-109438,2024-08-21,C-148,SKU-00024,6,208.00,77.52,Melbourne,R-07,19.69
INV-109439,2025-03-14,C-121,SKU-00007,5,284.00,82.50,Newcastle,R-26,42.25
INV-109440,2024-06-18,C-184,SKU-00057,16,143.00,69.63,Brisbane,R-02,9.69
INV-109441,2025-01-19,C-125,SKU-00031,17,336.00,85.51,Brisbane,R-17,40.88
INV-109442,2025-11-26,C-314,SKU-00026,1,405.00,86.05,Newcastle,R-09,9.25
INV-109443,2024-04-21,C-240,SKU-00011,12,62.00,72.84,Adelaide,R-19,12.40
INV-109444,2024-01-09,C-160,SKU-00024,8,208.00,73.20,Melbourne,R-28,13.17
INV-109445,2025-01-25,C-044,SKU-00014,4,632.00,70.40,Brisbane,R-04,0.51
INV-109446,2025-05-02,C-031,SKU-00021,6,453.00,70.92,Newcastle,R-27,41.54
INV-109447,2024-06-17,C-095,SKU-00009,6,761.00,76.44,Sydney,R-13,25.10
INV-109448,2025-12-10,C-418,SKU-00027,11,107.00,77.11,Brisbane,R-28,40.26
INV-109449,2024-10-18,C-314,SKU-00026,1,405.00,90.43,Newcastle,R-17,8.83
INV-109450,2024-08-26,C-090,SKU-00045,16,841.00,65.21,Newcastle,R-04,39.81
INV-109451,2024-03-10,C-350,SKU-00010,5,27.00,90.70,Perth,R-14,13.70
INV-109452,2024-08-21,C-097,SKU-00027,12,107.00,70.32,Brisbane,R-13,0.69
INV-109453,2024-12-04,C-307,SKU-00048,19,553.00,72.58,Newcastle,R-24,5.01
INV-109454,2025-01-02,C-029,SKU-00036,22,224.00,79.86,Adelaide,R-16,24.02
INV-109455,2024-10-07,C-210,SKU-00048,19,553.00,77.33,Adelaide,R-25,43.37
INV-109456,2024-05-20,C-124,SKU-00038,20,427.00,90.20,Adelaide,R-27,25.74
INV-109457,2025-08-19,C-172,SKU-00027,12,107.00,75.72,Newcastle,R-09,17.14
INV-109458,2024-01-26,C-404,SKU-00016,22,574.00,86.90,Adelaide,R-25,42.13
INV-109459,2025-09-12,C-352,SKU-00036,12,224.00,77.04,Melbourne,R-15,10.21
INV-109460,2024-11-03,C-181,SKU-00053,10,589.00,71.12,Perth,R-03,24.41
INV-109461,2024-01-28,C-381,SKU-00020,15,702.00,70.50,Perth,R-23,3.05
INV-109462,2025-05-12,C-047,SKU-00018,23,268.00,85.79,Perth,R-03,38.31
INV-109463,2024-09-08,C-041,SKU-00038,18,427.00,74.88,Adelaide,R-05,32.06
INV-109464,2025-04-08,C-008,SKU-00008,17,232.00,82.11,Newcastle,R-24,22.58
INV-109465,2025-02-11,C-201,SKU-00013,2,52.00,81.10,Perth,R-26,0.86
INV-109466,2024-10-13,C-420,SKU-00056,8,481.00,73.12,Perth,R-22,7.76
INV-109467,2024-10-28,C-198,SKU-00027,4,107.00,78.72,Melbourne,R-27,23.06
INV-109468,2024-11-24,C-272,SKU-00036,13,224.00,81.25,Adelaide,R-08,41.51
INV-109469,2025-05-16,C-208,SKU-00003,11,237.00,71.50,Perth,R-17,26.46
INV-109470,2024-04-19,C-114,SKU-00034,19,214.00,70.44,Sydney,R-23,21.85
INV-109471,2025-03-12,C-355,SKU-00042,18,292.00,71.82,Newcastle,R-05,30.80
INV-109472,2024-06-03,C-249,SKU-00015,14,332.00,77.00,Melbourne,R-15,29.14
INV-109473,2024-05-18,C-380,SKU-00016,18,574.00,79.20,Adelaide,R-13,3.59
INV-109474,2024-11-08,C-062,SKU-00051,19,246.00,74.67,Perth,R-15,29.65
INV-109475,2024-05-09,C-281,SKU-00007,15,284.00,85.20,Melbourne,R-19,33.79
INV-109476,2024-07-25,C-344,SKU-00030,2,439.00,75.76,Melbourne,R-25,15.59
INV-109477,2025-11-24,C-347,SKU-00051,7,246.00,79.31,Brisbane,R-13,22.55
INV-109478,2024-11-28,C-062,SKU-00049,13,840.00,75.92,Perth,R-22,7.76
INV-109479,2025-01-14,C-130,SKU-00028,18,722.00,88.74,Sydney,R-26,29.39
INV-109480,2025-04-09,C-409,SKU-00035,24,571.00,74.63,Sydney,R-18,22.11
INV-109481,2025-10-28,C-414,SKU-00031,4,336.00,77.56,Melbourne,R-19,13.14
INV-109482,2025-05-05,C-106,SKU-00035,20,571.00,90.80,Sydney,R-18,5.41
INV-109483,2024-05-21,C-245,SKU-00042,3,292.00,85.41,Perth,R-26,33.41
INV-109484,2025-10-24,C-117,SKU-00033,21,111.00,78.96,Adelaide,R-26,36.73
INV-109485,2025-12-18,C-336,SKU-00008,22,232.00,81.62,Perth,R-08,2.63
INV-109486,2025-03-27,C-288,SKU-00045,19,841.00,81.51,Newcastle,R-06,32.75
INV-109487,2024-07-09,C-206,SKU-00044,13,183.00,83.72,Newcastle,R-25,33.62
INV-109488,2025-07-15,C-024,SKU-00053,5,589.00,76.35,Melbourne,R-17,33.75
INV-109489,2024-07-08,C-048,SKU-00015,3,332.00,90.72,Newcastle,R-25,31.81
INV-109490,2025-09-17,C-284,SKU-00031,1,336.00,77.80,Melbourne,R-12,43.77
INV-109491,2025-08-24,C-159,SKU-00009,10,761.00,80.30,Melbourne,R-27,20.82
INV-109492,2025-11-26,C-178,SKU-00022,24,477.00,73.92,Newcastle,R-06,37.81
INV-109493,2024-05-25,C-412,SKU-00048,10,553.00,77.20,Newcastle,R-07,27.87
INV-109494,2024-05-03,C-165,SKU-00053,5,589.00,80.80,Perth,R-19,23.03
INV-109495,2025-08-03,C-369,SKU-00049,13,840.00,72.15,Adelaide,R-26,39.99
INV-109496,2025-12-11,C-064,SKU-00041,19,612.00,74.10,Newcastle,R-15,41.11
INV-109497,2024-02-25,C-348,SKU-00040,8,257.00,75.36,Sydney,R-15,1.96
INV-109498,2024-12-25,C-215,SKU-00046,6,711.00,75.90,Newcastle,R-28,5.99
INV-109499,2024-07-03,C-393,SKU-00001,3,569.00,71.16,Sydney,R-05,27.01
INV-109500,2025-08-13,C-243,SKU-00041,21,612.00,81.14,Melbourne,R-07,42.48
INV-109501,2024-11-05,C-129,SKU-00017,1,69.00,73.93,Adelaide,R-10,39.23
INV-109502,2025-06-01,C-219,SKU-00018,4,268.00,87.04,Melbourne,R-18,29.82
INV-109503,2024-03-21,C-340,SKU-00018,14,268.00,79.24,Newcastle,R-15,42.86
INV-109504,2025-10-18,C-411,SKU-00033,14,111.00,77.42,Perth,R-15,20.05
INV-109505,2025-11-27,C-368,SKU-00037,7,831.00,86.10,Sydney,R-20,21.67
INV-109506,2025-06-19,C-036,SKU-00035,16,571.00,72.16,Melbourne,R-03,0.40
INV-109507,2025-01-17,C-197,SKU-00026,18,405.00,89.10,Melbourne,R-27,13.82
INV-109508,2025-01-16,C-132,SKU-00058,10,513.00,71.00,Newcastle,R-16,21.02
INV-109509,2025-01-25,C-019,SKU-00014,7,632.00,80.22,Newcastle,R-18,16.06
INV-109510,2024-05-07,C-045,SKU-00055,8,703.00,70.95,Newcastle,R-07,30.00
INV-109511,2024-11-28,C-386,SKU-00021,16,453.00,86.08,Brisbane,R-04,18.96
INV-109512,2025-05-22,C-327,SKU-00035,23,571.00,70.38,Adelaide,R-06,19.29
INV-109513,2025-03-16,C-163,SKU-00028,11,722.00,70.84,Newcastle,R-13,27.59
INV-109514,2025-09-08,C-326,SKU-00014,11,632.00,72.60,Adelaide,R-24,32.08
INV-109515,2024-12-17,C-317,SKU-00029,15,291.00,76.20,Melbourne,R-23,38.46
INV-109516,2024-09-24,C-108,SKU-00045,1,841.00,73.91,Perth,R-02,11.08
INV-109517,2024-05-22,C-313,SKU-00041,10,612.00,78.60,Sydney,R-22,37.54
INV-109518,2025-08-13,C-156,SKU-00036,14,224.00,88.20,Melbourne,R-27,16.93
INV-109519,2024-07-03,C-106,SKU-00049,23,840.00,89.93,Sydney,R-11,34.79
INV-109520,2024-11-25,C-120,SKU-00040,8,257.00,68.08,Adelaide,R-28,39.82
INV-109521,2024-03-16,C-026,SKU-00026,17,405.00,83.30,Melbourne,R-23,35.08
INV-109522,2025-01-17,C-004,SKU-00033,9,111.00,72.45,Perth,R-07,35.91
INV-109523,2024-11-22,C-317,SKU-00023,10,115.00,76.50,Melbourne,R-19,23.97
INV-109524,2024-09-05,C-344,SKU-00021,1,453.00,71.88,Melbourne,R-25,17.50
INV-109525,2024-10-07,C-337,SKU-00053,7,589.00,87.71,Sydney,R-02,32.46
INV-109526,2024-07-04,C-340,SKU-00025,22,345.00,71.72,Newcastle,R-21,26.01
INV-109527,2024-01-09,C-409,SKU-00014,10,632.00,86.10,Sydney,R-10,24.71
INV-109528,2024-02-28,C-324,SKU-00011,24,62.00,77.52,Newcastle,R-13,28.84
INV-109529,2024-06-14,C-016,SKU-00048,8,553.00,79.84,Brisbane,R-20,19.79
INV-109530,2024-01-04,C-064,SKU-00018,12,268.00,73.42,Newcastle,R-07,44.97
INV-109531,2025-02-12,C-269,SKU-00036,16,224.00,85.44,Newcastle,R-19,5.18
INV-109532,2025-12-11,C-036,SKU-00004,23,340.00,84.41,Melbourne,R-06,3.33
INV-109533,2024-08-10,C-219,SKU-00045,16,841.00,70.88,Melbourne,R-13,26.12
INV-109534,2024-07-12,C-118,SKU-00038,7,427.00,71.96,Brisbane,R-01,33.66
INV-109535,2025-04-10,C-040,SKU-00020,13,702.00,72.02,Melbourne,R-03,43.91
INV-109536,2025-02-26,C-220,SKU-00044,18,183.00,84.42,Adelaide,R-01,8.54
INV-109537,2024-02-16,C-048,SKU-00028,23,722.00,86.02,Newcastle,R-18,31.75
INV-109538,2025-03-16,C-321,SKU-00048,12,553.00,88.68,Sydney,R-21,22.40
INV-109539,2025-07-20,C-059,SKU-00032,22,60.00,72.38,Perth,R-24,29.36
INV-109540,2025-08-11,C-110,SKU-00029,9,291.00,65.91,Brisbane,R-24,13.75
INV-109541,2024-07-13,C-417,SKU-00001,19,569.00,75.24,Perth,R-09,27.03
INV-109542,2024-07-07,C-339,SKU-00016,7,574.00,74.34,Adelaide,R-21,5.30
INV-109543,2025-01-21,C-340,SKU-00017,19,69.00,71.63,Newcastle,R-12,0.25
INV-109544,2025-07-20,C-156,SKU-00019,11,357.00,78.87,Melbourne,R-22,17.49
INV-109545,2025-09-21,C-391,SKU-00058,6,513.00,85.14,Sydney,R-01,20.35
INV-109546,2024-03-12,C-300,SKU-00026,12,405.00,87.60,Brisbane,R-26,15.87
INV-109547,2024-12-12,C-111,SKU-00046,4,711.00,80.92,Adelaide,R-26,23.34
INV-109548,2025-05-27,C-308,SKU-00058,13,513.00,75.92,Melbourne,R-19,17.22
INV-109549,2025-07-02,C-340,SKU-00050,20,201.00,87.80,Newcastle,R-05,6.81
INV-109550,2025-02-20,C-361,SKU-00029,15,291.00,77.69,Melbourne,R-14,9.36
INV-109551,2024-11-22,C-247,SKU-00015,10,332.00,89.10,Sydney,R-19,36.14
INV-109552,2024-03-11,C-302,SKU-00036,20,224.00,73.40,Adelaide,R-21,15.40
INV-109553,2024-04-06,C-064,SKU-00009,9,761.00,74.07,Newcastle,R-26,2.96
INV-109554,2025-09-03,C-166,SKU-00019,24,357.00,78.96,Adelaide,R-13,7.80
INV-109555,2025-11-16,C-005,SKU-00024,13,208.00,86.19,Brisbane,R-02,41.35
INV-109556,2024-10-24,C-071,SKU-00007,21,284.00,71.19,Brisbane,R-07,44.64
INV-109557,2025-06-15,C-081,SKU-00045,18,841.00,89.28,Sydney,R-27,35.58
INV-109558,2024-09-17,C-172,SKU-00035,5,571.00,73.45,Newcastle,R-02,19.73
INV-109559,2025-09-06,C-223,SKU-00025,14,345.00,82.88,Sydney,R-12,22.50
INV-109560,2024-01-04,C-339,SKU-00039,1,204.00,72.03,Adelaide,R-09,23.02
INV-109561,2024-04-15,C-175,SKU-00034,11,214.00,74.58,Perth,R-21,27.18
INV-109562,2025-11-28,C-420,SKU-00024,3,208.00,81.75,Perth,R-25,31.27
INV-109563,2024-05-18,C-211,SKU-00002,18,592.00,75.96,Newcastle,R-12,15.14
INV-109564,2025-09-22,C-158,SKU-00032,10,60.00,86.30,Melbourne,R-16,15.47
INV-109565,2025-06-27,C-338,SKU-00021,9,453.00,81.99,Perth,R-08,2.83
INV-109566,2024-06-03,C-266,SKU-00026,13,405.00,90.74,Adelaide,R-13,7.68
INV-109567,2024-02-20,C-403,SKU-00043,13,320.00,78.78,Perth,R-19,35.84
INV-109568,2025-03-20,C-234,SKU-00045,21,841.00,79.59,Adelaide,R-11,16.35
INV-109569,2024-03-09,C-033,SKU-00003,5,237.00,86.20,Adelaide,R-15,37.04
INV-109570,2025-08-17,C-211,SKU-00028,11,722.00,67.40,Newcastle,R-06,20.79
INV-109571,2025-11-03,C-117,SKU-00019,15,357.00,77.10,Adelaide,R-19,3.51
INV-109572,2025-06-22,C-112,SKU-00045,20,841.00,74.60,Brisbane,R-19,16.56
INV-109573,2025-03-07,C-339,SKU-00016,15,574.00,74.25,Adelaide,R-21,21.59
INV-109574,2024-09-09,C-390,SKU-00020,5,702.00,83.90,Adelaide,R-23,20.38
INV-109575,2025-02-02,C-013,SKU-00046,11,711.00,71.06,Perth,R-04,2.76
INV-109576,2024-07-21,C-351,SKU-00020,23,702.00,81.19,Adelaide,R-23,3.72
INV-109577,2024-01-16,C-385,SKU-00044,17,183.00,73.27,Sydney,R-18,29.77
INV-109578,2024-07-28,C-327,SKU-00007,22,284.00,84.48,Adelaide,R-03,40.86
INV-109579,2024-07-19,C-029,SKU-00032,8,60.00,79.44,Adelaide,R-21,30.56
INV-109580,2025-07-19,C-370,SKU-00041,1,612.00,68.95,Adelaide,R-13,30.49
INV-109581,2024-01-25,C-417,SKU-00037,8,831.00,71.68,Perth,R-04,44.56
INV-109582,2025-09-07,C-012,SKU-00012,8,822.00,89.52,Melbourne,R-20,34.13
INV-109583,2024-02-17,C-274,SKU-00024,17,208.00,81.26,Newcastle,R-24,10.72
INV-109584,2024-10-25,C-213,SKU-00057,7,143.00,74.13,Brisbane,R-12,27.65
INV-109585,2024-07-23,C-084,SKU-00047,9,371.00,76.14,Perth,R-06,42.36
INV-109586,2025-08-21,C-249,SKU-00046,21,711.00,81.27,Melbourne,R-05,10.46
INV-109587,2025-08-14,C-103,SKU-00028,21,722.00,84.00,Sydney,R-19,10.48
INV-109588,2024-03-03,C-319,SKU-00027,18,107.00,73.26,Perth,R-08,29.29
INV-109589,2025-02-07,C-414,SKU-00012,1,822.00,90.32,Melbourne,R-19,3.84
INV-109590,2025-01-13,C-220,SKU-00045,11,841.00,71.04,Adelaide,R-21,21.31
INV-109591,2024-12-25,C-014,SKU-00045,17,841.00,89.25,Sydney,R-05,37.21
INV-109592,2025-05-24,C-094,SKU-00032,19,60.00,86.64,Adelaide,R-03,44.66
INV-109593,2025-11-23,C-107,SKU-00005,10,643.00,90.80,Melbourne,R-01,35.44
INV-109594,2024-06-11,C-097,SKU-00018,4,268.00,81.68,Brisbane,R-26,15.18
INV-109595,2025-11-28,C-267,SKU-00047,24,371.00,73.20,Sydney,R-28,1.20
INV-109596,2024-04-15,C-303,SKU-00026,13,405.00,77.74,Perth,R-22,6.33
INV-109597,2024-12-11,C-121,SKU-00010,18,27.00,74.16,Newcastle,R-19,2.76
INV-109598,2025-09-24,C-273,SKU-00032,14,60.00,73.64,Sydney,R-15,10.37
INV-109599,2024-06-01,C-370,SKU-00007,19,284.00,72.77,Adelaide,R-17,42.41
INV-109600,2024-05-13,C-090,SKU-00025,13,345.00,74.27,Newcastle,R-04,9.39
INV-109601,2024-04-08,C-066,SKU-00004,7,340.00,72.38,Adelaide,R-07,34.70
INV-109602,2024-03-05,C-105,SKU-00037,2,831.00,70.88,Sydney,R-08,43.93
INV-109603,2025-05-15,C-094,SKU-00050,3,201.00,76.68,Adelaide,R-15,13.38
INV-109604,2025-09-14,C-260,SKU-00026,12,405.00,73.92,Sydney,R-25,42.98
INV-109605,2025-06-12,C-282,SKU-00025,10,345.00,75.10,Adelaide,R-16,44.12
INV-109606,2025-10-18,C-111,SKU-00055,19,703.00,77.90,Adelaide,R-16,26.01
INV-109607,2025-06-11,C-182,SKU-00036,21,224.00,76.44,Perth,R-28,6.37
INV-109608,2024-12-26,C-401,SKU-00052,16,834.00,89.12,Perth,R-17,21.39
INV-109609,2024-03-01,C-105,SKU-00056,22,481.00,75.46,Sydney,R-14,18.05
INV-109610,2024-09-14,C-112,SKU-00046,24,711.00,75.07,Brisbane,R-23,17.76
INV-109611,2025-09-14,C-207,SKU-00011,15,62.00,71.25,Melbourne,R-13,22.31
INV-109612,2024-09-20,C-138,SKU-00045,23,841.00,80.27,Newcastle,R-26,43.44
INV-109613,2025-08-15,C-382,SKU-00012,8,822.00,83.36,Newcastle,R-19,1.27
INV-109614,2025-10-19,C-161,SKU-00032,24,60.00,83.28,Perth,R-28,30.62
INV-109615,2025-03-04,C-154,SKU-00038,10,427.00,83.50,Newcastle,R-21,22.13
INV-109616,2024-05-23,C-248,SKU-00019,20,357.00,90.20,Newcastle,R-17,36.16
INV-109617,2024-06-05,C-310,SKU-00054,11,714.00,89.43,Perth,R-08,11.16
INV-109618,2025-11-28,C-349,SKU-00001,16,569.00,86.56,Sydney,R-19,39.50
INV-109619,2025-11-18,C-308,SKU-00016,3,574.00,85.92,Melbourne,R-18,40.80
INV-109620,2025-08-26,C-205,SKU-00007,22,284.00,66.59,Sydney,R-10,31.76
INV-109621,2025-02-06,C-138,SKU-00029,10,291.00,79.00,Newcastle,R-08,1.06
INV-109622,2025-04-17,C-150,SKU-00048,14,553.00,83.44,Brisbane,R-16,20.88
INV-109623,2025-02-22,C-046,SKU-00045,5,841.00,89.20,Perth,R-04,14.65
INV-109624,2024-03-09,C-197,SKU-00008,11,232.00,81.51,Melbourne,R-27,29.76
INV-109625,2025-04-16,C-153,SKU-00036,1,224.00,80.34,Perth,R-27,35.12
INV-109626,2024-02-12,C-284,SKU-00055,14,703.00,72.38,Melbourne,R-21,33.19
INV-109627,2025-11-22,C-067,SKU-00015,2,332.00,89.32,Adelaide,R-20,23.72
INV-109628,2024-07-16,C-325,SKU-00016,20,574.00,81.00,Sydney,R-15,31.33
INV-109629,2024-09-26,C-248,SKU-00024,5,208.00,88.80,Newcastle,R-12,1.47
INV-109630,2025-04-07,C-341,SKU-00045,6,841.00,67.12,Perth,R-09,12.38
INV-109631,2025-11-13,C-399,SKU-00053,5,589.00,88.75,Perth,R-12,19.47
INV-109632,2025-11-04,C-407,SKU-00010,7,27.00,71.05,Adelaide,R-02,8.27
INV-109633,2024-09-16,C-039,SKU-00051,17,246.00,77.18,Perth,R-07,14.96
INV-109634,2025-04-02,C-340,SKU-00005,21,643.00,72.03,Newcastle,R-18,18.18
INV-109635,2025-08-27,C-295,SKU-00037,20,831.00,73.00,Perth,R-26,19.38
INV-109636,2025-07-01,C-173,SKU-00007,11,284.00,74.14,Perth,R-04,9.38
INV-109637,2024-02-24,C-128,SKU-00045,12,841.00,74.16,Newcastle,R-17,35.70
INV-109638,2025-09-17,C-112,SKU-00008,24,232.00,71.52,Brisbane,R-25,0.33
INV-109639,2024-05-03,C-331,SKU-00017,3,69.00,88.32,Adelaide,R-25,38.58
INV-109640,2024-05-18,C-343,SKU-00050,19,201.00,73.42,Newcastle,R-26,5.76
INV-109641,2025-08-04,C-006,SKU-00028,1,722.00,80.88,Sydney,R-24,25.50
INV-109642,2024-11-15,C-171,SKU-00002,19,592.00,88.73,Sydney,R-25,15.96
INV-109643,2025-05-14,C-014,SKU-00001,22,569.00,86.02,Sydney,R-13,16.84
INV-109644,2024-03-18,C-262,SKU-00028,15,722.00,77.40,Adelaide,R-23,39.86
INV-109645,2025-10-17,C-260,SKU-00007,19,284.00,71.44,Sydney,R-21,41.59
INV-109646,2025-06-03,C-047,SKU-00018,4,268.00,72.28,Perth,R-23,29.24
INV-109647,2024-12-19,C-405,SKU-00022,5,477.00,86.00,Brisbane,R-23,27.54
INV-109648,2025-02-09,C-357,SKU-00051,23,246.00,75.21,Newcastle,R-16,18.54
INV-109649,2025-11-10,C-037,SKU-00017,19,69.00,86.83,Adelaide,R-25,26.63
INV-109650,2025-05-04,C-054,SKU-00045,9,841.00,72.53,Brisbane,R-24,20.22
INV-109651,2024-03-19,C-288,SKU-00054,12,714.00,74.04,Newcastle,R-05,9.49
INV-109652,2025-12-26,C-038,SKU-00040,1,257.00,85.67,Melbourne,R-26,42.55
INV-109653,2024-04-27,C-208,SKU-00052,10,834.00,86.20,Perth,R-24,1.89
INV-109654,2024-08-01,C-236,SKU-00015,9,332.00,86.22,Newcastle,R-17,35.60
INV-109655,2025-03-02,C-033,SKU-00010,1,27.00,76.66,Adelaide,R-02,35.49
INV-109656,2025-08-04,C-001,SKU-00055,6,703.00,82.14,Adelaide,R-18,13.08
INV-109657,2024-08-06,C-182,SKU-00035,1,571.00,79.90,Perth,R-08,34.97
INV-109658,2025-01-08,C-039,SKU-00035,22,571.00,88.44,Perth,R-24,8.60
INV-109659,2024-01-08,C-420,SKU-00058,14,513.00,82.04,Perth,R-05,41.26
INV-109660,2024-06-23,C-061,SKU-00029,8,291.00,83.17,Sydney,R-06,8.49
INV-109661,2024-05-04,C-335,SKU-00015,18,332.00,71.10,Brisbane,R-09,14.48
INV-109662,2024-12-18,C-236,SKU-00026,18,405.00,90.72,Newcastle,R-11,3.19
INV-109663,2024-01-19,C-136,SKU-00058,1,513.00,72.73,Sydney,R-25,1.70
INV-109664,2025-07-08,C-367,SKU-00040,6,257.00,73.20,Melbourne,R-19,8.66
INV-109665,2024-08-22,C-119,SKU-00005,3,643.00,83.37,Perth,R-17,36.84
INV-109666,2025-11-04,C-219,SKU-00039,11,204.00,70.95,Melbourne,R-08,31.25
INV-109667,2025-10-07,C-218,SKU-00011,16,62.00,81.28,Newcastle,R-26,19.86
INV-109668,2024-01-20,C-144,SKU-00037,13,831.00,87.23,Newcastle,R-15,19.94
INV-109669,2024-04-23,C-310,SKU-00041,11,612.00,73.04,Perth,R-24,21.38
INV-109670,2025-12-02,C-388,SKU-00014,3,632.00,72.12,Adelaide,R-18,39.16
INV-109671,2025-06-23,C-088,SKU-00036,17,224.00,75.14,Adelaide,R-17,7.40
INV-109672,2024-03-19,C-329,SKU-00025,21,345.00,80.01,Newcastle,R-28,33.13
INV-109673,2024-09-21,C-346,SKU-00007,15,284.00,80.55,Newcastle,R-02,19.56
INV-109674,2025-02-02,C-302,SKU-00023,20,115.00,74.40,Adelaide,R-17,37.72
INV-109675,2024-05-15,C-032,SKU-00022,8,477.00,77.36,Brisbane,R-11,33.28
INV-109676,2025-01-03,C-138,SKU-00055,3,703.00,81.54,Newcastle,R-04,14.21
INV-109677,2024-07-11,C-032,SKU-00050,22,201.00,77.00,Brisbane,R-17,12.63
INV-109678,2025-09-19,C-134,SKU-00015,8,332.00,75.20,Melbourne,R-23,42.21
INV-109679,2024-01-19,C-234,SKU-00017,16,69.00,85.60,Adelaide,R-15,10.27
INV-109680,2025-11-15,C-157,SKU-00026,6,405.00,71.32,Sydney,R-07,17.57
INV-109681,2024-08-08,C-260,SKU-00038,22,427.00,73.04,Sydney,R-22,30.11
INV-109682,2025-10-24,C-207,SKU-00045,3,841.00,89.46,Melbourne,R-23,21.62
INV-109683,2024-05-08,C-347,SKU-00036,13,224.00,84.89,Brisbane,R-19,30.96
INV-109684,2025-02-08,C-187,SKU-00050,19,201.00,73.15,Brisbane,R-20,6.09
INV-109685,2024-09-19,C-257,SKU-00011,14,62.00,88.90,Brisbane,R-10,3.25
INV-109686,2025-01-04,C-199,SKU-00003,17,237.00,77.69,Newcastle,R-17,13.10
INV-109687,2024-08-05,C-021,SKU-00019,13,357.00,80.86,Adelaide,R-25,5.48
INV-109688,2024-11-19,C-348,SKU-00046,9,711.00,74.70,Sydney,R-04,28.61
INV-109689,2025-03-03,C-230,SKU-00056,11,481.00,78.98,Melbourne,R-24,30.80
INV-109690,2024-11-07,C-183,SKU-00035,4,571.00,74.45,Perth,R-24,5.27
INV-109691,2024-01-16,C-012,SKU-00019,9,357.00,73.44,Melbourne,R-16,23.95
INV-109692,2025-02-07,C-374,SKU-00013,15,52.00,72.45,Newcastle,R-08,26.81
INV-109693,2025-02-27,C-381,SKU-00055,14,703.00,88.34,Perth,R-08,4.76
INV-109694,2025-11-24,C-005,SKU-00016,10,574.00,81.70,Brisbane,R-27,18.86
INV-109695,2025-06-15,C-042,SKU-00022,9,477.00,82.80,Sydney,R-17,4.45
INV-109696,2025-10-16,C-186,SKU-00032,4,60.00,77.96,Brisbane,R-27,31.45
INV-109697,2024-11-03,C-052,SKU-00047,11,371.00,90.64,Newcastle,R-09,34.86
INV-109698,2025-09-09,C-399,SKU-00024,3,208.00,79.74,Perth,R-08,14.82
INV-109699,2025-11-11,C-009,SKU-00011,23,62.00,78.43,Brisbane,R-25,19.55
INV-109700,2024-01-03,C-350,SKU-00027,4,107.00,77.61,Perth,R-24,11.78
INV-109701,2024-03-22,C-213,SKU-00021,16,453.00,72.80,Brisbane,R-13,30.76
INV-109702,2025-09-10,C-165,SKU-00012,16,822.00,84.16,Perth,R-11,0.97
INV-109703,2024-05-13,C-142,SKU-00033,13,111.00,87.10,Melbourne,R-10,0.19
INV-109704,2024-02-09,C-405,SKU-00057,4,143.00,78.60,Brisbane,R-17,31.24
INV-109705,2024-10-09,C-086,SKU-00020,24,702.00,74.40,Perth,R-04,36.13
INV-109706,2024-02-26,C-101,SKU-00019,18,357.00,78.48,Newcastle,R-09,33.87
INV-109707,2025-01-18,C-403,SKU-00034,14,214.00,74.90,Perth,R-05,17.26
INV-109708,2025-05-25,C-247,SKU-00007,2,284.00,76.48,Sydney,R-04,2.42
INV-109709,2024-09-08,C-239,SKU-00050,4,201.00,86.96,Perth,R-23,18.89
INV-109710,2024-03-06,C-075,SKU-00020,4,702.00,74.92,Brisbane,R-27,3.68
INV-109711,2024-11-13,C-082,SKU-00041,8,612.00,78.72,Melbourne,R-28,36.68
INV-109712,2025-08-01,C-034,SKU-00002,16,592.00,80.48,Sydney,R-06,7.26
INV-109713,2025-06-06,C-093,SKU-00036,14,224.00,71.54,Perth,R-24,4.35
INV-109714,2024-08-26,C-036,SKU-00017,5,69.00,86.30,Melbourne,R-15,23.46
INV-109715,2024-07-15,C-090,SKU-00032,1,60.00,75.13,Newcastle,R-25,42.85
INV-109716,2025-02-04,C-383,SKU-00015,16,332.00,80.16,Perth,R-13,15.32
INV-109717,2025-09-28,C-416,SKU-00018,4,268.00,75.28,Melbourne,R-11,29.78
INV-109718,2024-11-19,C-203,SKU-00034,19,214.00,86.26,Sydney,R-09,23.50
INV-109719,2025-01-12,C-001,SKU-00056,4,481.00,78.04,Adelaide,R-17,13.59
INV-109720,2024-12-04,C-016,SKU-00015,8,332.00,76.69,Brisbane,R-17,5.75
INV-109721,2024-08-10,C-157,SKU-00006,9,428.00,70.47,Sydney,R-04,4.27
INV-109722,2024-04-17,C-149,SKU-00042,19,292.00,72.01,Perth,R-23,17.41
INV-109723,2024-01-05,C-361,SKU-00022,24,477.00,71.76,Melbourne,R-05,40.69
INV-109724,2025-07-07,C-085,SKU-00003,4,237.00,77.36,Newcastle,R-11,2.68
INV-109725,2025-12-09,C-335,SKU-00037,4,831.00,78.00,Brisbane,R-25,34.61
INV-109726,2024-09-25,C-096,SKU-00002,10,592.00,75.20,Melbourne,R-08,6.72
INV-109727,2024-01-27,C-010,SKU-00025,7,345.00,89.46,Perth,R-04,20.18
INV-109728,2025-01-04,C-223,SKU-00031,19,336.00,78.47,Sydney,R-11,3.67
INV-109729,2025-01-27,C-285,SKU-00018,20,268.00,74.40,Melbourne,R-13,6.40
INV-109730,2025-09-09,C-355,SKU-00043,1,320.00,73.45,Newcastle,R-14,20.09
INV-109731,2025-08-17,C-405,SKU-00029,9,291.00,71.46,Brisbane,R-23,38.46
INV-109732,2025-08-25,C-193,SKU-00039,15,204.00,85.65,Brisbane,R-08,1.53
INV-109733,2025-11-17,C-045,SKU-00008,13,232.00,78.00,Newcastle,R-08,34.54
INV-109734,2024-10-15,C-410,SKU-00042,20,292.00,77.40,Brisbane,R-15,43.43
INV-109735,2024-06-23,C-138,SKU-00041,15,612.00,89.55,Newcastle,R-12,4.55
INV-109736,2025-07-03,C-411,SKU-00030,2,439.00,74.42,Perth,R-02,9.28
INV-109737,2025-04-04,C-400,SKU-00026,12,405.00,83.16,Newcastle,R-09,19.57
INV-109738,2024-07-08,C-220,SKU-00004,2,340.00,82.38,Adelaide,R-01,14.85
INV-109739,2025-01-17,C-015,SKU-00012,15,822.00,71.10,Sydney,R-05,5.07
INV-109740,2024-12-25,C-283,SKU-00001,15,569.00,72.59,Brisbane,R-11,6.31
INV-109741,2025-02-10,C-002,SKU-00050,7,201.00,82.25,Perth,R-14,9.02
INV-109742,2024-04-21,C-351,SKU-00011,24,62.00,74.64,Adelaide,R-12,20.17
INV-109743,2024-01-10,C-410,SKU-00007,8,284.00,83.76,Brisbane,R-24,37.61
INV-109744,2024-04-16,C-257,SKU-00015,24,332.00,73.20,Brisbane,R-14,31.13
INV-109745,2024-11-26,C-322,SKU-00041,9,612.00,70.56,Brisbane,R-07,19.84
INV-109746,2025-10-11,C-124,SKU-00026,7,405.00,80.85,Adelaide,R-13,42.86
INV-109747,2024-04-19,C-287,SKU-00055,8,703.00,77.76,Melbourne,R-19,42.50
INV-109748,2025-07-16,C-114,SKU-00053,7,589.00,90.79,Sydney,R-05,16.50
INV-109749,2024-09-21,C-350,SKU-00054,4,714.00,77.48,Perth,R-05,35.36
INV-109750,2025-11-03,C-264,SKU-00054,23,714.00,72.16,Brisbane,R-24,5.40
INV-109751,2025-09-19,C-419,SKU-00009,17,761.00,74.63,Brisbane,R-25,5.79
INV-109752,2024-08-09,C-047,SKU-00017,12,69.00,90.84,Perth,R-16,42.73
INV-109753,2025-06-17,C-374,SKU-00053,3,589.00,80.43,Newcastle,R-07,34.02
INV-109754,2024-06-11,C-298,SKU-00018,9,268.00,83.43,Perth,R-25,20.68
INV-109755,2024-08-05,C-071,SKU-00038,4,427.00,85.44,Brisbane,R-16,1.50
INV-109756,2024-01-10,C-221,SKU-00036,10,224.00,80.70,Newcastle,R-24,28.26
INV-109757,2024-10-18,C-027,SKU-00015,17,332.00,75.65,Brisbane,R-01,16.02
INV-109758,2024-07-10,C-006,SKU-00016,17,574.00,83.81,Sydney,R-04,35.43
INV-109759,2025-06-18,C-199,SKU-00039,12,204.00,90.12,Newcastle,R-19,10.22
INV-109760,2024-11-27,C-080,SKU-00047,15,371.00,77.56,Newcastle,R-28,9.00
INV-109761,2025-06-09,C-122,SKU-00044,11,183.00,71.83,Brisbane,R-18,21.52
INV-109762,2024-06-17,C-378,SKU-00048,17,553.00,77.52,Melbourne,R-13,40.75
INV-109763,2024-10-24,C-138,SKU-00041,18,612.00,75.24,Newcastle,R-18,37.36
INV-109764,2025-07-06,C-012,SKU-00044,16,183.00,79.36,Melbourne,R-07,42.35
INV-109765,2025-09-04,C-072,SKU-00035,10,571.00,85.80,Perth,R-16,31.20
INV-109766,2024-11-19,C-324,SKU-00028,10,722.00,81.60,Newcastle,R-28,27.97
INV-109767,2025-07-10,C-236,SKU-00038,4,427.00,70.56,Newcastle,R-21,28.50
INV-109768,2025-04-22,C-078,SKU-00042,23,292.00,87.86,Newcastle,R-18,40.16
INV-109769,2025-10-03,C-027,SKU-00019,20,357.00,73.00,Brisbane,R-09,31.49
INV-109770,2024-02-13,C-256,SKU-00028,20,722.00,70.10,Sydney,R-07,25.88
INV-109771,2025-06-01,C-250,SKU-00016,16,574.00,76.80,Perth,R-01,26.12
INV-109772,2025-09-17,C-207,SKU-00041,16,612.00,82.40,Melbourne,R-20,6.84
INV-109773,2024-03-10,C-295,SKU-00012,9,822.00,90.27,Perth,R-28,20.87
INV-109774,2025-05-11,C-067,SKU-00045,16,841.00,84.48,Adelaide,R-16,34.93
INV-109775,2025-05-20,C-232,SKU-00036,9,224.00,72.90,Perth,R-10,1.21
INV-109776,2024-02-08,C-402,SKU-00008,10,232.00,77.80,Melbourne,R-05,21.99
INV-109777,2025-11-23,C-225,SKU-00027,16,107.00,81.76,Perth,R-28,42.93
INV-109778,2024-01-08,C-138,SKU-00014,10,632.00,81.50,Newcastle,R-01,6.06
INV-109779,2024-08-07,C-167,SKU-00055,2,703.00,73.22,Sydney,R-03,31.53
INV-109780,2025-11-05,C-417,SKU-00043,5,320.00,77.19,Perth,R-27,29.08
INV-109781,2024-07-08,C-285,SKU-00002,10,592.00,85.10,Melbourne,R-03,16.20
INV-109782,2025-01-11,C-083,SKU-00056,7,481.00,82.18,Adelaide,R-04,33.54
INV-109783,2024-08-15,C-003,SKU-00006,12,428.00,82.68,Newcastle,R-27,35.68
INV-109784,2024-03-16,C-130,SKU-00005,2,643.00,74.64,Sydney,R-06,25.86
INV-109785,2025-01-20,C-397,SKU-00006,9,428.00,72.18,Melbourne,R-25,30.96
INV-109786,2025-03-06,C-080,SKU-00042,1,292.00,90.72,Newcastle,R-19,22.77
INV-109787,2025-06-22,C-345,SKU-00008,21,232.00,84.21,Sydney,R-08,31.32
INV-109788,2024-08-14,C-022,SKU-00013,12,52.00,90.60,Adelaide,R-11,1.83
INV-109789,2024-09-18,C-418,SKU-00052,13,834.00,90.22,Brisbane,R-07,17.49
INV-109790,2025-05-07,C-069,SKU-00010,7,27.00,79.66,Sydney,R-02,42.58
INV-109791,2025-04-26,C-125,SKU-00021,11,453.00,84.37,Brisbane,R-06,20.30
INV-109792,2024-02-27,C-027,SKU-00011,3,62.00,75.57,Brisbane,R-25,4.24
INV-109793,2025-09-28,C-217,SKU-00048,24,553.00,78.48,Newcastle,R-25,2.41
INV-109794,2024-10-09,C-375,SKU-00045,23,841.00,84.41,Newcastle,R-19,15.36
INV-109795,2025-07-21,C-386,SKU-00049,3,840.00,73.05,Brisbane,R-16,7.72
INV-109796,2025-06-12,C-045,SKU-00005,24,643.00,79.20,Newcastle,R-08,26.05
INV-109797,2024-04-06,C-384,SKU-00021,20,453.00,73.40,Perth,R-13,44.00
INV-109798,2025-12-12,C-201,SKU-00018,12,268.00,82.92,Perth,R-02,31.83
INV-109799,2024-01-04,C-417,SKU-00046,5,711.00,70.40,Perth,R-11,3.93
INV-109800,2025-12-22,C-079,SKU-00027,19,107.00,64.68,Newcastle,R-19,20.89
INV-109801,2025-09-03,C-283,SKU-00038,5,427.00,85.20,Brisbane,R-13,5.68
INV-109802,2025-03-28,C-250,SKU-00025,20,345.00,72.40,Perth,R-19,6.94
INV-109803,2024-02-09,C-029,SKU-00005,24,643.00,74.40,Adelaide,R-19,1.67
INV-109804,2024-08-10,C-383,SKU-00037,19,831.00,79.23,Perth,R-14,3.24
INV-109805,2024-03-22,C-077,SKU-00048,8,553.00,83.04,Adelaide,R-19,6.72
INV-109806,2025-06-21,C-066,SKU-00011,18,62.00,77.04,Adelaide,R-24,11.82
INV-109807,2024-07-05,C-041,SKU-00024,19,208.00,76.00,Adelaide,R-10,10.06
INV-109808,2024-12-25,C-008,SKU-00031,3,336.00,71.19,Newcastle,R-22,30.16
INV-109809,2024-12-23,C-137,SKU-00027,3,107.00,84.27,Perth,R-17,11.51
INV-109810,2024-04-13,C-021,SKU-00017,19,69.00,74.46,Adelaide,R-14,42.18
INV-109811,2025-09-28,C-413,SKU-00027,12,107.00,79.92,Newcastle,R-17,20.31
INV-109812,2025-04-01,C-391,SKU-00056,24,481.00,79.20,Sydney,R-07,23.35
INV-109813,2024-03-11,C-361,SKU-00017,13,69.00,78.26,Melbourne,R-07,6.26
INV-109814,2025-07-08,C-043,SKU-00021,9,453.00,90.45,Brisbane,R-22,1.66
INV-109815,2025-03-05,C-196,SKU-00014,5,632.00,79.00,Adelaide,R-08,16.99
INV-109816,2024-06-16,C-051,SKU-00036,16,224.00,80.80,Newcastle,R-07,19.10
INV-109817,2025-12-02,C-053,SKU-00014,2,632.00,87.24,Perth,R-16,6.31
INV-109818,2025-06-10,C-066,SKU-00010,3,27.00,84.48,Adelaide,R-08,41.29
INV-109819,2024-07-14,C-193,SKU-00053,19,589.00,86.26,Brisbane,R-06,33.08
INV-109820,2024-12-09,C-041,SKU-00026,3,405.00,71.79,Adelaide,R-18,39.39
INV-109821,2024-12-09,C-084,SKU-00041,16,612.00,77.60,Perth,R-21,7.53
INV-109822,2025-02-05,C-282,SKU-00014,6,632.00,71.82,Adelaide,R-08,14.13
INV-109823,2024-04-10,C-328,SKU-00027,20,107.00,88.80,Newcastle,R-05,11.21
INV-109824,2025-11-28,C-277,SKU-00016,21,574.00,76.65,Newcastle,R-10,32.41
INV-109825,2025-03-01,C-328,SKU-00056,10,481.00,82.50,Newcastle,R-06,19.90
INV-109826,2024-07-02,C-007,SKU-00036,23,224.00,72.91,Adelaide,R-07,40.76
INV-109827,2024-07-15,C-159,SKU-00014,8,632.00,75.36,Melbourne,R-05,5.44
INV-109828,2025-03-13,C-123,SKU-00008,12,232.00,81.12,Brisbane,R-20,33.70
INV-109829,2024-02-26,C-391,SKU-00031,14,336.00,85.82,Sydney,R-18,19.10
INV-109830,2025-12-19,C-413,SKU-00052,10,834.00,65.87,Newcastle,R-17,26.17
INV-109831,2025-07-27,C-348,SKU-00003,24,237.00,72.72,Sydney,R-20,16.88
INV-109832,2025-06-24,C-027,SKU-00052,23,834.00,90.39,Brisbane,R-12,22.33
INV-109833,2024-04-04,C-064,SKU-00040,3,257.00,78.42,Newcastle,R-11,22.61
INV-109834,2025-01-19,C-279,SKU-00048,22,553.00,84.48,Sydney,R-15,14.39
INV-109835,2024-01-12,C-158,SKU-00028,2,722.00,88.10,Melbourne,R-22,41.71
INV-109836,2024-09-11,C-301,SKU-00005,22,643.00,79.20,Melbourne,R-25,19.61
INV-109837,2025-08-17,C-408,SKU-00022,9,477.00,71.64,Brisbane,R-26,34.05
INV-109838,2024-12-26,C-271,SKU-00006,18,428.00,86.40,Brisbane,R-16,44.13
INV-109839,2024-02-11,C-388,SKU-00027,9,107.00,71.46,Adelaide,R-25,31.45
INV-109840,2025-04-05,C-277,SKU-00019,23,357.00,65.38,Newcastle,R-13,11.95
INV-109841,2025-07-03,C-073,SKU-00001,2,569.00,81.16,Melbourne,R-06,41.81
INV-109842,2025-06-01,C-090,SKU-00055,13,703.00,85.67,Newcastle,R-07,27.97
INV-109843,2024-02-13,C-322,SKU-00055,5,703.00,75.75,Brisbane,R-13,13.13
INV-109844,2024-11-05,C-285,SKU-00012,1,822.00,81.79,Melbourne,R-12,9.76
INV-109845,2024-12-11,C-295,SKU-00035,7,571.00,78.82,Perth,R-25,2.87
INV-109846,2024-03-18,C-039,SKU-00016,24,574.00,90.24,Perth,R-15,19.67
INV-109847,2024-02-11,C-189,SKU-00030,4,439.00,77.68,Brisbane,R-19,1.03
INV-109848,2025-09-11,C-124,SKU-00040,15,257.00,80.40,Adelaide,R-20,23.00
INV-109849,2024-06-17,C-340,SKU-00027,2,107.00,81.88,Newcastle,R-03,14.72
INV-109850,2025-09-03,C-213,SKU-00057,9,143.00,66.99,Brisbane,R-28,13.07
INV-109851,2025-09-01,C-011,SKU-00036,2,224.00,79.02,Melbourne,R-26,21.00
INV-109852,2024-09-15,C-368,SKU-00005,9,643.00,71.28,Sydney,R-13,41.89
INV-109853,2024-05-24,C-407,SKU-00026,10,405.00,77.10,Adelaide,R-04,29.28
INV-109854,2025-07-01,C-084,SKU-00028,14,722.00,80.22,Perth,R-20,27.44
INV-109855,2024-09-02,C-029,SKU-00052,24,834.00,84.96,Adelaide,R-07,15.88
INV-109856,2024-03-02,C-089,SKU-00057,8,143.00,79.84,Sydney,R-12,20.25
INV-109857,2024-03-22,C-056,SKU-00010,15,27.00,82.65,Adelaide,R-01,15.85
INV-109858,2024-03-05,C-378,SKU-00025,11,345.00,74.25,Melbourne,R-21,4.62
INV-109859,2024-11-25,C-410,SKU-00015,9,332.00,77.76,Brisbane,R-21,25.42
INV-109860,2024-02-25,C-410,SKU-00053,24,589.00,74.19,Brisbane,R-23,21.30
INV-109861,2024-11-20,C-108,SKU-00038,15,427.00,82.80,Perth,R-07,41.55
INV-109862,2024-07-17,C-038,SKU-00014,14,632.00,84.42,Melbourne,R-16,27.15
INV-109863,2024-06-02,C-333,SKU-00039,17,204.00,89.93,Melbourne,R-27,36.34
INV-109864,2024-03-25,C-194,SKU-00056,4,481.00,83.28,Brisbane,R-20,22.99
INV-109865,2024-03-24,C-286,SKU-00044,3,183.00,89.28,Brisbane,R-20,10.39
INV-109866,2024-10-23,C-188,SKU-00049,17,840.00,70.21,Perth,R-16,6.58
INV-109867,2024-04-26,C-104,SKU-00044,9,183.00,85.95,Melbourne,R-18,38.42
INV-109868,2025-11-10,C-247,SKU-00017,16,69.00,84.64,Sydney,R-23,7.89
INV-109869,2024-09-07,C-083,SKU-00041,22,612.00,80.74,Adelaide,R-07,31.92
INV-109870,2024-06-01,C-197,SKU-00001,15,569.00,69.41,Melbourne,R-18,25.25
INV-109871,2024-01-23,C-152,SKU-00028,5,722.00,74.95,Melbourne,R-05,39.97
INV-109872,2025-12-05,C-345,SKU-00021,1,453.00,75.90,Sydney,R-26,24.77
INV-109873,2024-08-22,C-150,SKU-00011,1,62.00,87.19,Brisbane,R-11,2.40
INV-109874,2024-05-14,C-131,SKU-00057,4,143.00,84.76,Adelaide,R-18,16.70
INV-109875,2024-10-22,C-062,SKU-00044,14,183.00,77.98,Perth,R-08,2.37
INV-109876,2024-04-22,C-094,SKU-00042,11,292.00,76.67,Adelaide,R-15,36.10
INV-109877,2025-06-21,C-005,SKU-00045,1,841.00,73.52,Brisbane,R-02,12.08
INV-109878,2024-08-15,C-359,SKU-00038,14,427.00,78.68,Sydney,R-09,0.86
INV-109879,2024-07-12,C-160,SKU-00053,13,589.00,89.83,Melbourne,R-15,18.28
INV-109880,2024-05-01,C-223,SKU-00007,11,284.00,72.66,Sydney,R-14,22.01
INV-109881,2024-05-14,C-400,SKU-00019,4,357.00,72.56,Newcastle,R-16,34.32
INV-109882,2024-09-15,C-195,SKU-00004,5,340.00,88.70,Melbourne,R-27,33.31
INV-109883,2024-02-28,C-001,SKU-00003,20,237.00,71.00,Adelaide,R-19,9.13
INV-109884,2024-01-19,C-272,SKU-00040,5,257.00,82.15,Adelaide,R-19,14.26
INV-109885,2025-02-09,C-383,SKU-00031,16,336.00,76.32,Perth,R-08,27.58
INV-109886,2025-05-02,C-210,SKU-00054,24,714.00,87.36,Adelaide,R-14,5.18
INV-109887,2024-02-19,C-265,SKU-00049,24,840.00,85.92,Perth,R-09,40.54
INV-109888,2025-10-04,C-314,SKU-00015,6,332.00,77.34,Newcastle,R-22,0.33
INV-109889,2025-03-09,C-037,SKU-00005,16,643.00,90.40,Adelaide,R-03,32.62
INV-109890,2025-01-19,C-048,SKU-00023,1,115.00,83.36,Newcastle,R-14,40.63
INV-109891,2024-11-18,C-121,SKU-00046,24,711.00,84.24,Newcastle,R-12,13.53
INV-109892,2024-05-13,C-155,SKU-00001,9,569.00,80.10,Perth,R-05,25.40
INV-109893,2024-04-23,C-386,SKU-00050,13,201.00,83.98,Brisbane,R-11,39.33
INV-109894,2025-07-15,C-394,SKU-00033,11,111.00,80.74,Adelaide,R-03,4.65
INV-109895,2025-01-06,C-291,SKU-00030,15,439.00,78.00,Melbourne,R-14,27.04
INV-109896,2024-08-11,C-052,SKU-00029,13,291.00,87.88,Newcastle,R-08,23.16
INV-109897,2024-10-18,C-134,SKU-00021,18,453.00,75.78,Melbourne,R-07,38.78
INV-109898,2024-12-09,C-321,SKU-00015,5,332.00,77.90,Sydney,R-20,42.53
INV-109899,2025-04-26,C-385,SKU-00055,18,703.00,76.32,Sydney,R-13,20.34
INV-109900,2025-10-11,C-103,SKU-00034,4,214.00,74.63,Sydney,R-18,4.29
INV-109901,2025-05-09,C-134,SKU-00016,6,574.00,70.44,Melbourne,R-10,34.75
INV-109902,2024-09-21,C-225,SKU-00001,22,569.00,87.12,Perth,R-23,10.73
INV-109903,2025-03-24,C-236,SKU-00052,18,834.00,73.08,Newcastle,R-10,38.70
INV-109904,2025-05-21,C-232,SKU-00055,13,703.00,75.01,Perth,R-07,34.35
INV-109905,2024-06-11,C-147,SKU-00040,17,257.00,83.98,Sydney,R-17,11.77
INV-109906,2024-05-28,C-093,SKU-00021,15,453.00,75.30,Perth,R-08,4.18
INV-109907,2025-06-28,C-122,SKU-00018,4,268.00,90.60,Brisbane,R-12,0.84
INV-109908,2024-12-15,C-419,SKU-00058,5,513.00,87.10,Brisbane,R-18,5.10
INV-109909,2025-06-21,C-417,SKU-00048,9,553.00,73.08,Perth,R-17,22.97
INV-109910,2025-03-10,C-043,SKU-00003,12,237.00,70.10,Brisbane,R-22,34.10
INV-109911,2024-09-07,C-031,SKU-00025,15,345.00,90.90,Newcastle,R-24,33.64
INV-109912,2024-04-06,C-178,SKU-00019,14,357.00,76.72,Newcastle,R-16,3.24
INV-109913,2025-10-06,C-403,SKU-00037,17,831.00,77.01,Perth,R-05,40.43
INV-109914,2025-12-26,C-171,SKU-00052,6,834.00,84.54,Sydney,R-28,1.74
INV-109915,2025-07-09,C-302,SKU-00014,24,632.00,80.16,Adelaide,R-20,44.28
INV-109916,2025-12-03,C-335,SKU-00046,10,711.00,76.90,Brisbane,R-16,43.70
INV-109917,2024-08-19,C-057,SKU-00006,10,428.00,73.50,Sydney,R-12,15.63
INV-109918,2025-07-05,C-184,SKU-00011,9,62.00,74.97,Brisbane,R-01,2.37
INV-109919,2025-01-23,C-152,SKU-00012,22,822.00,83.60,Melbourne,R-02,37.56
INV-109920,2025-06-20,C-088,SKU-00004,3,340.00,66.35,Adelaide,R-20,24.81
INV-109921,2024-06-26,C-264,SKU-00041,5,612.00,85.75,Brisbane,R-12,32.46
INV-109922,2025-04-22,C-132,SKU-00050,12,201.00,87.24,Newcastle,R-10,16.71
INV-109923,2025-01-06,C-004,SKU-00049,21,840.00,79.38,Perth,R-19,0.91
INV-109924,2024-11-15,C-287,SKU-00042,10,292.00,80.70,Melbourne,R-05,17.55
INV-109925,2025-02-07,C-065,SKU-00009,15,761.00,89.85,Adelaide,R-15,39.45
INV-109926,2025-09-07,C-337,SKU-00003,9,237.00,87.75,Sydney,R-28,41.57
INV-109927,2025-04-11,C-340,SKU-00024,5,208.00,77.30,Newcastle,R-01,40.38
INV-109928,2025-08-20,C-051,SKU-00044,16,183.00,82.24,Newcastle,R-15,30.15
INV-109929,2025-09-22,C-189,SKU-00050,18,201.00,71.64,Brisbane,R-01,39.18
INV-109930,2025-10-23,C-389,SKU-00010,3,27.00,76.45,Perth,R-02,41.53
INV-109931,2024-11-01,C-096,SKU-00027,9,107.00,81.63,Melbourne,R-12,2.98
INV-109932,2025-08-25,C-355,SKU-00027,22,107.00,72.60,Newcastle,R-15,1.94
INV-109933,2024-02-06,C-023,SKU-00038,17,427.00,86.87,Perth,R-05,18.99
INV-109934,2025-06-04,C-357,SKU-00023,9,115.00,70.56,Newcastle,R-27,36.74
INV-109935,2025-04-06,C-291,SKU-00031,24,336.00,73.92,Melbourne,R-05,23.76
INV-109936,2024-01-09,C-350,SKU-00009,20,761.00,76.60,Perth,R-01,24.64
INV-109937,2024-07-26,C-202,SKU-00017,11,69.00,70.51,Newcastle,R-13,41.36
INV-109938,2024-09-02,C-318,SKU-00051,6,246.00,76.98,Adelaide,R-18,5.32
INV-109939,2024-05-15,C-212,SKU-00032,23,60.00,73.14,Perth,R-12,36.53
INV-109940,2024-03-22,C-144,SKU-00041,15,612.00,68.59,Newcastle,R-18,5.50
INV-109941,2025-03-13,C-180,SKU-00030,3,439.00,78.81,Brisbane,R-09,32.90
INV-109942,2025-04-20,C-201,SKU-00031,22,336.00,88.22,Perth,R-06,37.38
INV-109943,2024-07-26,C-288,SKU-00045,18,841.00,71.46,Newcastle,R-10,8.07
INV-109944,2025-12-27,C-077,SKU-00052,2,834.00,78.88,Adelaide,R-17,22.38
INV-109945,2024-06-26,C-188,SKU-00055,7,703.00,88.97,Perth,R-12,20.83
INV-109946,2025-10-10,C-050,SKU-00018,15,268.00,77.85,Newcastle,R-21,41.52
INV-109947,2025-05-12,C-140,SKU-00026,24,405.00,88.56,Sydney,R-16,3.56
INV-109948,2024-09-04,C-410,SKU-00034,21,214.00,72.24,Brisbane,R-05,32.77
INV-109949,2024-01-13,C-081,SKU-00056,4,481.00,71.16,Sydney,R-04,5.78
INV-109950,2024-10-15,C-409,SKU-00041,4,612.00,78.79,Sydney,R-11,11.48
INV-109951,2024-01-17,C-288,SKU-00010,10,27.00,73.20,Newcastle,R-04,31.15
INV-109952,2024-06-01,C-239,SKU-00008,19,232.00,84.74,Perth,R-04,13.02
INV-109953,2025-06-14,C-411,SKU-00007,17,284.00,77.52,Perth,R-15,16.26
INV-109954,2025-05-15,C-354,SKU-00052,13,834.00,83.33,Perth,R-16,31.93
INV-109955,2024-06-26,C-103,SKU-00010,18,27.00,90.18,Sydney,R-03,31.62
INV-109956,2024-09-17,C-362,SKU-00021,7,453.00,74.06,Perth,R-01,6.57
INV-109957,2025-02-13,C-015,SKU-00057,24,143.00,74.88,Sydney,R-10,22.40
INV-109958,2024-12-27,C-171,SKU-00019,14,357.00,77.42,Sydney,R-01,31.24
INV-109959,2025-07-08,C-195,SKU-00048,6,553.00,88.92,Melbourne,R-12,23.73
INV-109960,2024-08-14,C-057,SKU-00001,7,569.00,70.52,Sydney,R-26,24.74
INV-109961,2024-04-26,C-345,SKU-00006,21,428.00,80.43,Sydney,R-18,16.58
INV-109962,2025-12-24,C-131,SKU-00011,20,62.00,83.40,Adelaide,R-03,20.39
INV-109963,2024-02-25,C-330,SKU-00045,6,841.00,82.92,Brisbane,R-21,24.49
INV-109964,2025-10-10,C-196,SKU-00028,15,722.00,87.30,Adelaide,R-17,14.60
INV-109965,2025-07-10,C-225,SKU-00030,18,439.00,76.86,Perth,R-24,17.85
INV-109966,2025-07-22,C-253,SKU-00012,6,822.00,89.04,Melbourne,R-20,31.30
INV-109967,2025-12-23,C-109,SKU-00058,19,513.00,83.03,Sydney,R-02,42.86
INV-109968,2024-02-03,C-195,SKU-00009,2,761.00,74.68,Melbourne,R-08,38.15
INV-109969,2025-09-03,C-315,SKU-00054,22,714.00,70.84,Brisbane,R-08,23.65
INV-109970,2025-07-16,C-208,SKU-00040,23,257.00,75.96,Perth,R-04,36.84
INV-109971,2024-03-17,C-071,SKU-00044,8,183.00,90.64,Brisbane,R-02,12.89
INV-109972,2025-06-21,C-006,SKU-00008,4,232.00,77.12,Sydney,R-12,31.50
INV-109973,2024-07-06,C-038,SKU-00012,16,822.00,86.24,Melbourne,R-13,8.66
INV-109974,2024-07-09,C-059,SKU-00041,4,612.00,72.88,Perth,R-20,16.02
INV-109975,2024-08-03,C-166,SKU-00010,16,27.00,87.36,Adelaide,R-04,14.79
INV-109976,2024-02-20,C-329,SKU-00042,4,292.00,77.08,Newcastle,R-17,10.88
INV-109977,2025-08-04,C-135,SKU-00014,8,632.00,70.80,Newcastle,R-25,10.25
INV-109978,2024-02-27,C-172,SKU-00025,7,345.00,85.54,Newcastle,R-12,35.28
INV-109979,2025-04-09,C-143,SKU-00002,17,592.00,86.19,Adelaide,R-28,35.37
INV-109980,2024-03-26,C-091,SKU-00026,19,405.00,75.51,Brisbane,R-17,1.63
INV-109981,2025-05-16,C-255,SKU-00027,5,107.00,89.50,Sydney,R-18,13.45
INV-109982,2024-06-05,C-319,SKU-00030,24,439.00,70.32,Perth,R-19,27.46
INV-109983,2025-12-18,C-137,SKU-00011,7,62.00,89.60,Perth,R-24,12.66
INV-109984,2024-09-22,C-186,SKU-00014,19,632.00,72.01,Brisbane,R-19,0.46
INV-109985,2024-08-11,C-411,SKU-00045,2,841.00,74.74,Perth,R-10,35.15
INV-109986,2024-01-07,C-084,SKU-00047,15,371.00,74.85,Perth,R-26,16.78
INV-109987,2024-07-10,C-030,SKU-00039,6,204.00,87.30,Brisbane,R-20,18.83
INV-109988,2024-05-25,C-414,SKU-00048,10,553.00,76.70,Melbourne,R-14,16.49
INV-109989,2025-12-01,C-255,SKU-00010,10,27.00,80.90,Sydney,R-24,16.35
INV-109990,2025-10-27,C-353,SKU-00043,24,320.00,67.56,Adelaide,R-11,34.00
INV-109991,2025-11-26,C-268,SKU-00019,4,357.00,81.12,Newcastle,R-26,35.26
INV-109992,2024-11-24,C-298,SKU-00021,18,453.00,86.76,Perth,R-13,42.44
INV-109993,2024-05-01,C-107,SKU-00041,8,612.00,87.20,Melbourne,R-13,20.89
INV-109994,2024-06-12,C-330,SKU-00049,9,840.00,75.78,Brisbane,R-10,7.36
INV-109995,2024-08-22,C-395,SKU-00035,6,571.00,73.98,Sydney,R-21,27.09
INV-109996,2025-03-14,C-079,SKU-00013,1,52.00,73.67,Newcastle,R-12,14.60
INV-109997,2024-04-28,C-377,SKU-00017,17,69.00,78.20,Newcastle,R-20,43.33
INV-109998,2025-04-24,C-320,SKU-00027,21,107.00,85.89,Sydney,R-28,19.05
INV-109999,2024-02-20,C-319,SKU-00015,2,332.00,77.98,Perth,R-24,44.28
INV-110000,2025-01-19,C-328,SKU-00027,1,107.00,76.31,Newcastle,R-17,2.05
INV-110001,2024-08-10,C-249,SKU-00036,20,224.00,88.80,Melbourne,R-08,15.42
INV-110002,2025-10-13,C-171,SKU-00048,5,553.00,83.45,Sydney,R-01,43.81
INV-110003,2025-05-02,C-324,SKU-00014,21,632.00,75.18,Newcastle,R-09,42.65
INV-110004,2025-05-16,C-288,SKU-00035,5,571.00,73.40,Newcastle,R-11,12.77
INV-110005,2025-03-21,C-119,SKU-00023,21,115.00,77.91,Perth,R-25,23.36
INV-110006,2025-07-08,C-052,SKU-00011,10,62.00,73.40,Newcastle,R-14,9.10
INV-110007,2024-01-11,C-066,SKU-00023,19,115.00,87.59,Adelaide,R-24,22.95
INV-110008,2024-09-22,C-332,SKU-00053,15,589.00,76.05,Perth,R-28,10.87
INV-110009,2024-01-01,C-264,SKU-00039,18,204.00,89.82,Brisbane,R-06,35.28
INV-110010,2025-06-09,C-102,SKU-00049,6,840.00,77.28,Adelaide,R-18,12.50
INV-110011,2024-11-28,C-108,SKU-00016,10,574.00,82.30,Perth,R-14,7.85
INV-110012,2025-11-26,C-378,SKU-00049,22,840.00,87.34,Melbourne,R-15,2.39
INV-110013,2025-06-18,C-117,SKU-00001,14,569.00,71.54,Adelaide,R-16,25.60
INV-110014,2025-02-25,C-225,SKU-00039,21,204.00,75.60,Perth,R-21,43.12
INV-110015,2025-03-12,C-053,SKU-00041,17,612.00,73.10,Perth,R-03,27.07
INV-110016,2024-10-25,C-075,SKU-00042,7,292.00,74.90,Brisbane,R-14,18.12
INV-110017,2025-05-16,C-068,SKU-00014,15,632.00,73.20,Adelaide,R-19,6.09
INV-110018,2024-11-22,C-226,SKU-00019,20,357.00,90.80,Perth,R-22,2.94
INV-110019,2024-04-23,C-216,SKU-00010,5,27.00,77.75,Brisbane,R-12,10.78
INV-110020,2025-02-15,C-092,SKU-00041,18,612.00,66.74,Brisbane,R-07,37.06
INV-110021,2024-12-21,C-196,SKU-00011,8,62.00,70.96,Adelaide,R-12,5.78
INV-110022,2024-01-21,C-393,SKU-00020,10,702.00,90.60,Sydney,R-25,37.87
INV-110023,2024-07-17,C-122,SKU-00056,14,481.00,77.42,Brisbane,R-20,31.98
INV-110024,2024-05-17,C-231,SKU-00016,1,574.00,75.40,Newcastle,R-13,21.68
INV-110025,2024-09-11,C-359,SKU-00029,15,291.00,84.75,Sydney,R-21,24.97
INV-110026,2025-01-13,C-026,SKU-00028,4,722.00,76.72,Melbourne,R-09,28.86
INV-110027,2025-10-01,C-280,SKU-00029,4,291.00,78.48,Newcastle,R-05,32.23
INV-110028,2025-09-11,C-317,SKU-00036,9,224.00,83.97,Melbourne,R-17,40.01
INV-110029,2024-07-19,C-280,SKU-00018,8,268.00,90.24,Newcastle,R-27,31.75
INV-110030,2025-07-06,C-271,SKU-00031,22,336.00,76.91,Brisbane,R-08,17.18
INV-110031,2024-06-13,C-003,SKU-00018,15,268.00,86.10,Newcastle,R-05,11.41
INV-110032,2024-05-20,C-382,SKU-00055,19,703.00,72.01,Newcastle,R-12,12.77
INV-110033,2025-10-11,C-370,SKU-00039,19,204.00,77.33,Adelaide,R-24,3.07
INV-110034,2025-01-21,C-338,SKU-00004,6,340.00,79.20,Perth,R-07,18.49
INV-110035,2025-11-09,C-315,SKU-00023,8,115.00,75.76,Brisbane,R-04,4.59
INV-110036,2025-01-14,C-307,SKU-00017,6,69.00,89.94,Newcastle,R-16,13.41
INV-110037,2024-12-13,C-408,SKU-00051,3,246.00,79.20,Brisbane,R-22,25.00
INV-110038,2025-10-21,C-364,SKU-00017,1,69.00,72.10,Sydney,R-03,41.83
INV-110039,2025-11-27,C-091,SKU-00056,22,481.00,78.76,Brisbane,R-25,5.88
INV-110040,2025-03-06,C-275,SKU-00014,15,632.00,76.18,Adelaide,R-16,2.74
INV-110041,2025-08-10,C-206,SKU-00053,19,589.00,73.15,Newcastle,R-23,9.94
INV-110042,2025-12-08,C-006,SKU-00058,4,513.00,81.16,Sydney,R-01,26.02
INV-110043,2024-02-17,C-196,SKU-00040,10,257.00,75.50,Adelaide,R-14,9.35
INV-110044,2025-05-26,C-288,SKU-00022,11,477.00,75.68,Newcastle,R-09,18.58
INV-110045,2025-06-11,C-051,SKU-00042,14,292.00,85.26,Newcastle,R-08,16.09
INV-110046,2025-05-18,C-212,SKU-00013,14,52.00,72.94,Perth,R-15,6.04
INV-110047,2024-05-16,C-060,SKU-00018,14,268.00,89.32,Brisbane,R-08,4.25
INV-110048,2025-06-28,C-020,SKU-00009,16,761.00,81.12,Perth,R-07,44.87
INV-110049,2024-08-11,C-054,SKU-00029,4,291.00,83.72,Brisbane,R-21,26.16
INV-110050,2024-03-01,C-210,SKU-00033,3,111.00,68.20,Adelaide,R-18,44.60
INV-110051,2024-10-11,C-395,SKU-00025,14,345.00,83.58,Sydney,R-07,44.58
INV-110052,2025-04-01,C-151,SKU-00020,3,702.00,89.43,Melbourne,R-14,8.68
INV-110053,2024-02-25,C-226,SKU-00010,8,27.00,74.88,Perth,R-12,30.40
INV-110054,2025-12-27,C-198,SKU-00034,8,214.00,79.76,Melbourne,R-12,21.51
INV-110055,2025-05-13,C-416,SKU-00048,13,553.00,84.89,Melbourne,R-02,16.86
INV-110056,2024-05-13,C-044,SKU-00025,17,345.00,76.33,Brisbane,R-15,18.36
INV-110057,2024-01-25,C-280,SKU-00045,7,841.00,81.55,Newcastle,R-14,37.31
INV-110058,2024-05-16,C-188,SKU-00042,3,292.00,86.19,Perth,R-13,18.94
INV-110059,2025-09-08,C-244,SKU-00054,9,714.00,86.13,Perth,R-01,37.04
INV-110060,2025-05-01,C-299,SKU-00025,12,345.00,66.24,Brisbane,R-09,12.53
INV-110061,2024-01-23,C-328,SKU-00004,7,340.00,90.23,Newcastle,R-03,10.19
INV-110062,2025-12-09,C-408,SKU-00037,16,831.00,79.84,Brisbane,R-12,41.42
INV-110063,2025-02-04,C-074,SKU-00004,1,340.00,70.58,Adelaide,R-13,3.74
INV-110064,2024-12-01,C-119,SKU-00041,12,612.00,84.36,Perth,R-10,8.65
INV-110065,2024-12-13,C-363,SKU-00018,21,268.00,82.53,Perth,R-16,32.88
INV-110066,2024-05-24,C-382,SKU-00017,23,69.00,77.05,Newcastle,R-24,22.20
INV-110067,2025-10-24,C-201,SKU-00033,21,111.00,89.46,Perth,R-08,1.68
INV-110068,2025-07-06,C-270,SKU-00013,16,52.00,72.96,Newcastle,R-03,17.36
INV-110069,2024-01-15,C-125,SKU-00038,17,427.00,87.04,Brisbane,R-16,31.85
INV-110070,2025-07-17,C-246,SKU-00039,1,204.00,77.89,Newcastle,R-22,32.57
INV-110071,2025-10-10,C-297,SKU-00026,5,405.00,88.00,Perth,R-08,29.91
INV-110072,2025-06-02,C-250,SKU-00002,7,592.00,71.26,Perth,R-17,20.20
INV-110073,2024-04-14,C-101,SKU-00037,19,831.00,90.06,Newcastle,R-04,31.23
INV-110074,2025-08-24,C-228,SKU-00005,24,643.00,73.92,Perth,R-11,3.59
INV-110075,2025-07-21,C-013,SKU-00038,3,427.00,71.64,Perth,R-01,28.27
INV-110076,2024-05-22,C-274,SKU-00027,15,107.00,81.90,Newcastle,R-16,18.55
INV-110077,2024-05-24,C-328,SKU-00003,24,237.00,73.20,Newcastle,R-14,0.16
INV-110078,2025-12-10,C-315,SKU-00041,19,612.00,74.29,Brisbane,R-04,41.53
INV-110079,2024-08-14,C-257,SKU-00058,21,513.00,90.72,Brisbane,R-15,37.32
INV-110080,2024-10-03,C-103,SKU-00058,5,513.00,68.08,Sydney,R-01,28.72
INV-110081,2024-01-02,C-298,SKU-00052,19,834.00,71.63,Perth,R-27,19.45
INV-110082,2024-11-04,C-377,SKU-00039,19,204.00,90.44,Newcastle,R-23,16.87
INV-110083,2024-09-01,C-093,SKU-00033,9,111.00,76.68,Perth,R-01,25.89
INV-110084,2025-11-19,C-124,SKU-00057,16,143.00,86.40,Adelaide,R-19,22.76
INV-110085,2024-04-23,C-136,SKU-00032,19,60.00,77.90,Sydney,R-11,24.04
INV-110086,2025-07-14,C-196,SKU-00049,9,840.00,87.39,Adelaide,R-01,14.49
INV-110087,2025-04-11,C-235,SKU-00022,16,477.00,81.28,Brisbane,R-28,39.34
INV-110088,2024-03-01,C-200,SKU-00031,12,336.00,71.88,Newcastle,R-07,5.77
INV-110089,2024-01-10,C-257,SKU-00050,14,201.00,74.62,Brisbane,R-11,6.91
INV-110090,2024-07-08,C-217,SKU-00006,23,428.00,78.72,Newcastle,R-22,12.51
INV-110091,2024-03-02,C-006,SKU-00051,18,246.00,81.72,Sydney,R-23,12.52
INV-110092,2024-02-27,C-140,SKU-00039,1,204.00,78.76,Sydney,R-11,19.03
INV-110093,2025-12-11,C-341,SKU-00046,11,711.00,81.62,Perth,R-07,9.84
INV-110094,2024-07-20,C-008,SKU-00020,3,702.00,77.13,Newcastle,R-02,11.38
INV-110095,2024-03-09,C-358,SKU-00028,18,722.00,75.06,Melbourne,R-01,14.47
INV-110096,2024-10-20,C-041,SKU-00039,12,204.00,76.08,Adelaide,R-08,28.95
INV-110097,2025-08-28,C-256,SKU-00038,24,427.00,70.32,Sydney,R-03,44.89
INV-110098,2024-10-23,C-386,SKU-00051,16,246.00,86.40,Brisbane,R-21,13.75
INV-110099,2025-03-10,C-308,SKU-00020,18,702.00,73.26,Melbourne,R-23,18.67
INV-110100,2024-10-27,C-228,SKU-00006,24,428.00,81.92,Perth,R-09,39.19
INV-110101,2024-09-25,C-071,SKU-00017,2,69.00,77.80,Brisbane,R-24,42.34
INV-110102,2025-11-17,C-392,SKU-00051,8,246.00,80.00,Sydney,R-05,43.83
INV-110103,2024-09-01,C-300,SKU-00049,11,840.00,71.83,Brisbane,R-20,14.95
INV-110104,2025-09-02,C-199,SKU-00020,5,702.00,72.90,Newcastle,R-12,25.42
INV-110105,2024-10-02,C-405,SKU-00045,16,841.00,84.00,Brisbane,R-08,20.44
INV-110106,2024-08-20,C-325,SKU-00018,18,268.00,75.78,Sydney,R-12,23.56
INV-110107,2024-08-12,C-299,SKU-00035,4,571.00,70.40,Brisbane,R-18,39.40
INV-110108,2024-07-21,C-154,SKU-00009,8,761.00,74.40,Newcastle,R-07,39.04
INV-110109,2024-05-05,C-120,SKU-00057,16,143.00,75.04,Adelaide,R-22,20.38
INV-110110,2025-04-08,C-269,SKU-00014,5,632.00,78.02,Newcastle,R-14,7.53
INV-110111,2025-12-23,C-194,SKU-00055,23,703.00,79.35,Brisbane,R-01,1.20
INV-110112,2025-01-28,C-222,SKU-00039,1,204.00,76.13,Melbourne,R-24,26.85
INV-110113,2024-08-09,C-064,SKU-00050,23,201.00,70.61,Newcastle,R-02,8.57
INV-110114,2024-05-19,C-166,SKU-00005,5,643.00,73.60,Adelaide,R-21,13.86
INV-110115,2025-02-21,C-404,SKU-00011,7,62.00,75.11,Adelaide,R-02,32.00
INV-110116,2024-04-24,C-072,SKU-00017,13,69.00,84.76,Perth,R-15,0.49
INV-110117,2025-06-24,C-293,SKU-00057,13,143.00,83.72,Adelaide,R-22,31.63
INV-110118,2025-04-02,C-043,SKU-00048,9,553.00,70.74,Brisbane,R-20,33.55
INV-110119,2025-05-19,C-187,SKU-00012,4,822.00,80.12,Brisbane,R-03,20.60
INV-110120,2025-11-03,C-094,SKU-00023,5,115.00,74.57,Adelaide,R-03,39.34
INV-110121,2025-01-19,C-341,SKU-00004,7,340.00,78.61,Perth,R-23,17.32
INV-110122,2025-08-03,C-234,SKU-00011,15,62.00,80.55,Adelaide,R-27,20.04
INV-110123,2025-12-16,C-368,SKU-00004,9,340.00,75.33,Sydney,R-03,43.81
INV-110124,2024-08-20,C-258,SKU-00020,20,702.00,82.00,Perth,R-16,32.03
INV-110125,2025-11-20,C-233,SKU-00036,16,224.00,71.36,Sydney,R-11,21.61
INV-110126,2024-02-24,C-392,SKU-00015,13,332.00,89.18,Sydney,R-03,4.04
INV-110127,2024-02-19,C-246,SKU-00020,19,702.00,82.46,Newcastle,R-20,7.42
INV-110128,2024-05-16,C-260,SKU-00016,12,574.00,83.16,Sydney,R-08,1.17
INV-110129,2024-09-09,C-309,SKU-00052,14,834.00,84.14,Adelaide,R-07,10.23
INV-110130,2025-08-11,C-148,SKU-00050,3,201.00,77.03,Melbourne,R-20,12.67
INV-110131,2024-04-27,C-233,SKU-00019,22,357.00,71.94,Sydney,R-13,22.43
INV-110132,2025-07-16,C-023,SKU-00030,18,439.00,88.92,Perth,R-22,41.82
INV-110133,2024-11-20,C-074,SKU-00043,15,320.00,71.70,Adelaide,R-11,7.26
INV-110134,2024-06-20,C-292,SKU-00040,13,257.00,84.11,Perth,R-22,21.30
INV-110135,2024-02-23,C-301,SKU-00033,16,111.00,89.44,Melbourne,R-09,44.03
INV-110136,2025-06-17,C-106,SKU-00001,1,569.00,77.48,Sydney,R-27,41.89
INV-110137,2025-08-20,C-276,SKU-00023,23,115.00,77.74,Perth,R-27,7.29
INV-110138,2025-07-26,C-276,SKU-00051,14,246.00,80.08,Perth,R-08,16.69
INV-110139,2025-09-14,C-133,SKU-00023,19,115.00,79.80,Brisbane,R-05,2.52
INV-110140,2024-07-17,C-041,SKU-00040,13,257.00,68.17,Adelaide,R-08,12.51
INV-110141,2024-05-01,C-111,SKU-00009,7,761.00,80.22,Adelaide,R-13,25.87
INV-110142,2024-04-21,C-352,SKU-00018,7,268.00,89.60,Melbourne,R-20,11.99
INV-110143,2024-07-11,C-394,SKU-00008,19,232.00,74.29,Adelaide,R-03,7.67
INV-110144,2025-05-17,C-295,SKU-00010,12,27.00,72.72,Perth,R-24,12.71
INV-110145,2025-04-05,C-193,SKU-00022,19,477.00,70.68,Brisbane,R-25,28.89
INV-110146,2024-05-07,C-149,SKU-00018,5,268.00,70.40,Perth,R-18,31.79
INV-110147,2024-09-09,C-336,SKU-00026,21,405.00,73.71,Perth,R-22,38.27
INV-110148,2024-07-01,C-053,SKU-00056,17,481.00,86.70,Perth,R-05,20.13
INV-110149,2024-01-13,C-196,SKU-00019,18,357.00,76.86,Adelaide,R-07,26.97
INV-110150,2025-07-16,C-271,SKU-00049,6,840.00,71.10,Brisbane,R-28,14.06
INV-110151,2024-02-22,C-143,SKU-00058,22,513.00,81.40,Adelaide,R-05,24.73
INV-110152,2025-08-12,C-304,SKU-00006,23,428.00,90.85,Melbourne,R-07,39.06
INV-110153,2024-04-16,C-404,SKU-00018,9,268.00,80.19,Adelaide,R-08,9.94
INV-110154,2024-04-12,C-332,SKU-00041,18,612.00,72.90,Perth,R-13,22.76
INV-110155,2025-10-24,C-380,SKU-00053,19,589.00,70.49,Adelaide,R-27,25.18
INV-110156,2024-04-15,C-375,SKU-00005,24,643.00,88.32,Newcastle,R-20,19.43
INV-110157,2025-12-08,C-221,SKU-00009,13,761.00,83.20,Newcastle,R-16,9.43
INV-110158,2024-12-17,C-252,SKU-00053,7,589.00,75.60,Brisbane,R-13,33.13
INV-110159,2024-04-10,C-291,SKU-00048,9,553.00,79.29,Melbourne,R-04,18.84
INV-110160,2025-12-06,C-218,SKU-00027,22,107.00,78.94,Newcastle,R-19,0.91
INV-110161,2025-07-26,C-004,SKU-00049,4,840.00,82.16,Perth,R-03,19.01
INV-110162,2025-05-05,C-161,SKU-00034,10,214.00,76.50,Perth,R-15,21.70
INV-110163,2024-07-20,C-194,SKU-00046,13,711.00,80.08,Brisbane,R-11,34.86
INV-110164,2024-07-01,C-308,SKU-00025,23,345.00,76.82,Melbourne,R-25,11.39
INV-110165,2024-08-26,C-374,SKU-00008,14,232.00,90.02,Newcastle,R-05,3.26
INV-110166,2025-06-05,C-209,SKU-00005,7,643.00,75.88,Newcastle,R-08,21.34
INV-110167,2025-03-01,C-371,SKU-00017,14,69.00,76.86,Adelaide,R-26,41.44
INV-110168,2024-02-24,C-409,SKU-00021,8,453.00,78.24,Sydney,R-13,29.47
INV-110169,2024-02-14,C-074,SKU-00009,20,761.00,90.00,Adelaide,R-22,33.96
INV-110170,2025-02-01,C-064,SKU-00044,17,183.00,74.76,Newcastle,R-26,29.54
INV-110171,2025-04-07,C-158,SKU-00051,2,246.00,72.20,Melbourne,R-05,37.54
INV-110172,2024-02-17,C-205,SKU-00030,15,439.00,71.55,Sydney,R-13,27.70
INV-110173,2025-05-21,C-016,SKU-00002,5,592.00,90.30,Brisbane,R-05,13.22
INV-110174,2024-05-27,C-339,SKU-00033,13,111.00,81.12,Adelaide,R-27,18.86
INV-110175,2025-10-01,C-286,SKU-00025,4,345.00,71.88,Brisbane,R-05,6.83
INV-110176,2025-08-12,C-116,SKU-00025,11,345.00,76.56,Sydney,R-15,44.64
INV-110177,2024-12-09,C-368,SKU-00005,9,643.00,87.21,Sydney,R-15,0.43
INV-110178,2025-12-25,C-059,SKU-00058,3,513.00,79.29,Perth,R-10,2.21
INV-110179,2025-12-28,C-324,SKU-00057,16,143.00,75.20,Newcastle,R-11,15.72
INV-110180,2025-07-04,C-223,SKU-00032,9,60.00,68.72,Sydney,R-15,34.40
INV-110181,2024-04-06,C-362,SKU-00029,24,291.00,70.80,Perth,R-24,29.09
INV-110182,2024-04-06,C-172,SKU-00014,2,632.00,74.96,Newcastle,R-06,32.99
INV-110183,2025-10-18,C-334,SKU-00051,14,246.00,90.30,Brisbane,R-28,16.68
INV-110184,2025-11-06,C-009,SKU-00020,13,702.00,74.49,Brisbane,R-04,40.22
INV-110185,2025-05-24,C-198,SKU-00056,2,481.00,70.54,Melbourne,R-15,16.17
INV-110186,2024-04-14,C-047,SKU-00046,1,711.00,70.79,Perth,R-26,44.19
INV-110187,2025-05-11,C-287,SKU-00002,16,592.00,79.20,Melbourne,R-22,10.29
INV-110188,2024-09-19,C-214,SKU-00022,1,477.00,78.43,Perth,R-12,1.30
INV-110189,2024-07-08,C-051,SKU-00001,11,569.00,72.16,Newcastle,R-26,30.83
INV-110190,2024-12-01,C-125,SKU-00014,4,632.00,72.75,Brisbane,R-15,15.82
INV-110191,2024-04-06,C-228,SKU-00001,5,569.00,72.20,Perth,R-16,30.65
INV-110192,2025-02-24,C-025,SKU-00052,20,834.00,81.80,Brisbane,R-16,11.90
INV-110193,2025-10-04,C-350,SKU-00009,16,761.00,90.72,Perth,R-27,36.66
INV-110194,2024-09-27,C-420,SKU-00035,15,571.00,70.50,Perth,R-16,26.96
INV-110195,2024-10-25,C-325,SKU-00038,10,427.00,72.70,Sydney,R-16,35.67
INV-110196,2024-02-09,C-084,SKU-00013,8,52.00,76.24,Perth,R-15,5.74
INV-110197,2024-01-01,C-235,SKU-00057,21,143.00,72.87,Brisbane,R-10,29.92
INV-110198,2025-02-04,C-365,SKU-00036,8,224.00,89.20,Adelaide,R-23,0.94
INV-110199,2025-01-15,C-308,SKU-00009,12,761.00,87.24,Melbourne,R-16,2.12
INV-110200,2025-05-24,C-388,SKU-00045,1,841.00,68.41,Adelaide,R-10,7.60
INV-110201,2025-04-24,C-268,SKU-00039,5,204.00,74.65,Newcastle,R-25,40.70
INV-110202,2024-11-19,C-030,SKU-00011,19,62.00,72.58,Brisbane,R-18,25.19
INV-110203,2024-02-03,C-165,SKU-00042,12,292.00,76.80,Perth,R-08,43.19
INV-110204,2025-09-26,C-148,SKU-00034,6,214.00,81.54,Melbourne,R-21,16.82
INV-110205,2025-04-23,C-128,SKU-00005,9,643.00,88.47,Newcastle,R-05,5.61
INV-110206,2025-06-17,C-341,SKU-00029,9,291.00,90.45,Perth,R-15,25.20
INV-110207,2025-08-06,C-134,SKU-00014,19,632.00,87.59,Melbourne,R-24,28.26
INV-110208,2025-01-20,C-037,SKU-00048,23,553.00,70.38,Adelaide,R-20,16.43
INV-110209,2024-04-28,C-276,SKU-00010,19,27.00,74.48,Perth,R-08,20.19
INV-110210,2025-03-25,C-047,SKU-00046,14,711.00,67.10,Perth,R-10,41.73
INV-110211,2024-09-06,C-060,SKU-00049,22,840.00,88.22,Brisbane,R-24,11.28
INV-110212,2025-03-02,C-256,SKU-00033,19,111.00,70.87,Sydney,R-14,29.85
INV-110213,2024-01-15,C-224,SKU-00036,1,224.00,88.42,Sydney,R-07,16.04
INV-110214,2025-01-27,C-210,SKU-00002,13,592.00,79.95,Adelaide,R-07,11.16
INV-110215,2025-12-24,C-308,SKU-00054,18,714.00,74.70,Melbourne,R-21,28.79
INV-110216,2025-11-14,C-243,SKU-00041,9,612.00,73.98,Melbourne,R-21,20.86
INV-110217,2025-12-06,C-357,SKU-00058,13,513.00,70.33,Newcastle,R-13,11.50
INV-110218,2024-12-07,C-373,SKU-00035,6,571.00,78.18,Newcastle,R-24,12.12
INV-110219,2024-04-06,C-220,SKU-00001,8,569.00,86.48,Adelaide,R-19,28.09
INV-110220,2024-02-25,C-239,SKU-00004,20,340.00,65.87,Perth,R-18,1.76
INV-110221,2025-01-17,C-414,SKU-00024,11,208.00,77.55,Melbourne,R-15,6.40
INV-110222,2024-05-17,C-299,SKU-00028,9,722.00,85.05,Brisbane,R-11,34.82
INV-110223,2025-08-12,C-174,SKU-00013,8,52.00,83.84,Brisbane,R-14,21.78
INV-110224,2025-07-26,C-352,SKU-00038,4,427.00,73.24,Melbourne,R-07,20.31
INV-110225,2024-09-07,C-296,SKU-00023,16,115.00,87.04,Newcastle,R-23,16.90
INV-110226,2025-05-23,C-054,SKU-00037,1,831.00,70.37,Brisbane,R-03,43.82
INV-110227,2025-02-20,C-095,SKU-00033,3,111.00,75.57,Sydney,R-24,24.34
INV-110228,2025-07-23,C-329,SKU-00026,18,405.00,77.40,Newcastle,R-13,10.27
INV-110229,2024-03-17,C-143,SKU-00041,10,612.00,75.50,Adelaide,R-22,39.94
INV-110230,2024-02-04,C-057,SKU-00007,5,284.00,72.27,Sydney,R-06,13.55
INV-110231,2025-07-08,C-334,SKU-00013,13,52.00,70.46,Brisbane,R-07,21.19
INV-110232,2024-08-16,C-028,SKU-00036,13,224.00,89.05,Melbourne,R-19,37.80
INV-110233,2025-01-08,C-319,SKU-00034,5,214.00,80.25,Perth,R-06,24.08
INV-110234,2024-11-19,C-306,SKU-00041,2,612.00,78.12,Brisbane,R-22,29.81
INV-110235,2024-06-01,C-170,SKU-00039,4,204.00,74.40,Brisbane,R-22,14.48
INV-110236,2024-06-07,C-308,SKU-00022,22,477.00,84.48,Melbourne,R-17,9.05
INV-110237,2025-12-15,C-013,SKU-00050,22,201.00,82.50,Perth,R-09,26.21
INV-110238,2024-05-12,C-245,SKU-00058,22,513.00,74.80,Perth,R-09,13.13
INV-110239,2024-11-15,C-286,SKU-00009,24,761.00,73.92,Brisbane,R-07,41.09
INV-110240,2024-12-03,C-226,SKU-00002,4,592.00,77.24,Perth,R-12,7.86
INV-110241,2025-07-19,C-017,SKU-00034,15,214.00,87.30,Adelaide,R-02,41.72
INV-110242,2024-02-26,C-072,SKU-00052,23,834.00,83.72,Perth,R-05,15.89
INV-110243,2025-09-21,C-178,SKU-00020,17,702.00,87.04,Newcastle,R-07,10.51
INV-110244,2025-07-18,C-007,SKU-00058,21,513.00,86.73,Adelaide,R-24,2.83
INV-110245,2024-08-14,C-189,SKU-00047,23,371.00,77.05,Brisbane,R-24,19.03
INV-110246,2025-04-22,C-207,SKU-00057,19,143.00,71.82,Melbourne,R-17,21.74
INV-110247,2025-03-06,C-242,SKU-00031,11,336.00,79.75,Sydney,R-06,44.13
INV-110248,2024-11-09,C-126,SKU-00016,4,574.00,90.12,Perth,R-02,32.71
INV-110249,2025-08-08,C-112,SKU-00010,20,27.00,74.20,Brisbane,R-06,26.69
INV-110250,2024-03-22,C-105,SKU-00009,12,761.00,73.31,Sydney,R-22,24.43
INV-110251,2025-08-25,C-033,SKU-00058,20,513.00,78.80,Adelaide,R-02,13.99
INV-110252,2025-01-24,C-401,SKU-00012,1,822.00,74.82,Perth,R-06,29.39
INV-110253,2024-11-16,C-291,SKU-00003,17,237.00,75.14,Melbourne,R-13,38.76
INV-110254,2025-12-06,C-228,SKU-00056,14,481.00,72.52,Perth,R-03,42.75
INV-110255,2024-06-21,C-032,SKU-00023,17,115.00,77.35,Brisbane,R-06,37.49
INV-110256,2025-08-02,C-086,SKU-00016,16,574.00,84.48,Perth,R-15,31.33
INV-110257,2024-02-12,C-007,SKU-00012,16,822.00,85.60,Adelaide,R-20,2.80
INV-110258,2024-11-16,C-174,SKU-00010,10,27.00,72.90,Brisbane,R-17,12.59
INV-110259,2024-04-13,C-276,SKU-00014,1,632.00,87.46,Perth,R-13,40.52
INV-110260,2024-05-11,C-127,SKU-00026,7,405.00,78.83,Perth,R-09,41.57
INV-110261,2024-01-13,C-046,SKU-00003,8,237.00,76.32,Perth,R-19,25.45
INV-110262,2024-06-11,C-416,SKU-00009,9,761.00,77.40,Melbourne,R-02,32.26
INV-110263,2024-11-11,C-275,SKU-00011,17,62.00,78.88,Adelaide,R-20,41.03
INV-110264,2024-07-12,C-144,SKU-00008,2,232.00,80.84,Newcastle,R-03,33.69
INV-110265,2025-01-27,C-028,SKU-00040,24,257.00,72.96,Melbourne,R-04,18.92
INV-110266,2025-08-16,C-263,SKU-00025,24,345.00,84.48,Newcastle,R-27,29.80
INV-110267,2025-07-12,C-408,SKU-00007,13,284.00,82.16,Brisbane,R-18,11.84
INV-110268,2025-09-06,C-292,SKU-00034,16,214.00,76.16,Perth,R-12,43.46
INV-110269,2025-03-28,C-269,SKU-00015,6,332.00,76.44,Newcastle,R-05,9.49
INV-110270,2025-04-16,C-110,SKU-00048,15,553.00,71.21,Brisbane,R-03,13.80
INV-110271,2024-02-10,C-179,SKU-00032,7,60.00,86.94,Newcastle,R-22,42.77
INV-110272,2025-07-25,C-175,SKU-00044,2,183.00,80.42,Perth,R-26,21.80
INV-110273,2024-10-06,C-301,SKU-00050,3,201.00,75.21,Melbourne,R-09,44.79
INV-110274,2024-10-09,C-320,SKU-00031,4,336.00,90.28,Sydney,R-19,4.88
INV-110275,2024-07-22,C-413,SKU-00030,20,439.00,78.80,Newcastle,R-18,0.21
INV-110276,2024-01-23,C-163,SKU-00049,1,840.00,70.51,Newcastle,R-21,14.46
INV-110277,2025-11-22,C-227,SKU-00032,3,60.00,83.40,Adelaide,R-26,4.81
INV-110278,2025-11-11,C-262,SKU-00054,1,714.00,75.10,Adelaide,R-27,38.22
INV-110279,2024-08-09,C-035,SKU-00050,1,201.00,80.25,Newcastle,R-25,35.76
INV-110280,2025-10-15,C-086,SKU-00048,5,553.00,74.20,Perth,R-22,3.75
INV-110281,2025-06-25,C-103,SKU-00016,10,574.00,74.20,Sydney,R-17,18.91
INV-110282,2024-06-26,C-025,SKU-00011,2,62.00,88.06,Brisbane,R-16,3.25
INV-110283,2025-08-09,C-072,SKU-00018,18,268.00,73.62,Perth,R-24,19.63
INV-110284,2024-09-03,C-377,SKU-00025,9,345.00,71.46,Newcastle,R-13,12.38
INV-110285,2025-04-18,C-311,SKU-00051,19,246.00,79.99,Newcastle,R-05,9.59
INV-110286,2025-09-24,C-320,SKU-00034,16,214.00,83.52,Sydney,R-28,10.73
INV-110287,2025-09-14,C-123,SKU-00058,9,513.00,80.55,Brisbane,R-07,20.07
INV-110288,2025-06-13,C-288,SKU-00055,2,703.00,73.40,Newcastle,R-01,9.95
INV-110289,2025-08-17,C-402,SKU-00028,15,722.00,81.45,Melbourne,R-11,17.99
INV-110290,2024-01-19,C-061,SKU-00028,20,722.00,71.58,Sydney,R-25,37.47
INV-110291,2025-08-04,C-417,SKU-00009,19,761.00,70.68,Perth,R-26,11.28
INV-110292,2025-03-21,C-086,SKU-00002,2,592.00,81.30,Perth,R-08,24.52
INV-110293,2024-03-17,C-329,SKU-00052,6,834.00,87.54,Newcastle,R-04,32.62
INV-110294,2024-01-17,C-207,SKU-00049,20,840.00,76.40,Melbourne,R-10,18.94
INV-110295,2024-05-16,C-161,SKU-00003,3,237.00,72.69,Perth,R-19,29.49
INV-110296,2024-03-28,C-305,SKU-00054,4,714.00,87.88,Perth,R-03,29.00
INV-110297,2024-08-13,C-103,SKU-00014,23,632.00,87.17,Sydney,R-12,20.52
INV-110298,2025-01-07,C-354,SKU-00022,21,477.00,80.43,Perth,R-01,32.67
INV-110299,2024-04-15,C-030,SKU-00045,8,841.00,74.96,Brisbane,R-24,30.80
INV-110300,2025-02-24,C-019,SKU-00036,24,224.00,65.80,Newcastle,R-17,42.84
INV-110301,2025-10-26,C-010,SKU-00037,8,831.00,71.20,Perth,R-28,35.13
INV-110302,2024-03-13,C-407,SKU-00025,10,345.00,79.70,Adelaide,R-24,8.06
INV-110303,2025-03-12,C-134,SKU-00020,9,702.00,88.29,Melbourne,R-18,18.50
INV-110304,2024-12-28,C-056,SKU-00008,8,232.00,81.52,Adelaide,R-18,41.71
INV-110305,2024-10-24,C-083,SKU-00044,24,183.00,85.68,Adelaide,R-04,19.46
INV-110306,2024-05-21,C-213,SKU-00024,3,208.00,77.88,Brisbane,R-04,8.11
INV-110307,2025-06-27,C-133,SKU-00041,10,612.00,76.80,Brisbane,R-17,9.55
INV-110308,2024-01-18,C-142,SKU-00012,15,822.00,77.40,Melbourne,R-21,18.57
INV-110309,2025-10-08,C-338,SKU-00044,15,183.00,90.90,Perth,R-28,10.68
INV-110310,2024-07-11,C-320,SKU-00027,3,107.00,79.32,Sydney,R-12,31.09
INV-110311,2025-01-08,C-096,SKU-00052,14,834.00,71.12,Melbourne,R-15,1.10
INV-110312,2025-10-15,C-241,SKU-00011,21,62.00,84.63,Newcastle,R-16,41.96
INV-110313,2025-03-08,C-046,SKU-00035,7,571.00,83.23,Perth,R-15,35.34
INV-110314,2024-10-21,C-133,SKU-00009,4,761.00,90.84,Brisbane,R-17,18.25
INV-110315,2025-12-12,C-172,SKU-00022,15,477.00,82.80,Newcastle,R-26,36.73
INV-110316,2024-10-24,C-405,SKU-00012,6,822.00,77.28,Brisbane,R-08,40.63
INV-110317,2025-10-09,C-259,SKU-00051,11,246.00,76.89,Sydney,R-27,1.49
INV-110318,2024-02-02,C-359,SKU-00002,1,592.00,72.66,Sydney,R-01,3.16
INV-110319,2025-12-20,C-007,SKU-00016,9,574.00,83.70,Adelaide,R-22,15.33
INV-110320,2024-10-17,C-317,SKU-00028,17,722.00,74.29,Melbourne,R-02,23.82
INV-110321,2024-04-17,C-109,SKU-00005,5,643.00,89.40,Sydney,R-12,36.40
INV-110322,2025-12-28,C-003,SKU-00023,8,115.00,73.12,Newcastle,R-06,1.76
INV-110323,2025-08-27,C-378,SKU-00007,15,284.00,86.10,Melbourne,R-02,35.62
INV-110324,2025-04-26,C-002,SKU-00004,13,340.00,88.27,Perth,R-12,7.64
INV-110325,2024-07-06,C-245,SKU-00046,22,711.00,77.00,Perth,R-16,9.65
INV-110326,2025-04-01,C-134,SKU-00001,1,569.00,87.16,Melbourne,R-27,40.96
INV-110327,2025-09-11,C-071,SKU-00016,9,574.00,82.62,Brisbane,R-19,3.83
INV-110328,2024-12-10,C-216,SKU-00033,7,111.00,71.96,Brisbane,R-02,3.04
INV-110329,2024-05-24,C-144,SKU-00058,4,513.00,79.44,Newcastle,R-05,27.03
INV-110330,2024-09-14,C-085,SKU-00013,21,52.00,72.45,Newcastle,R-18,26.61
INV-110331,2025-02-08,C-020,SKU-00001,10,569.00,85.80,Perth,R-20,22.95
INV-110332,2024-07-03,C-064,SKU-00001,4,569.00,84.32,Newcastle,R-23,16.67
INV-110333,2024-11-12,C-216,SKU-00024,16,208.00,86.72,Brisbane,R-04,6.16
INV-110334,2025-08-08,C-070,SKU-00030,12,439.00,79.32,Adelaide,R-22,44.15
INV-110335,2024-05-05,C-353,SKU-00051,19,246.00,83.41,Adelaide,R-17,20.83
INV-110336,2024-07-03,C-351,SKU-00047,24,371.00,89.52,Adelaide,R-19,40.84
INV-110337,2025-07-21,C-156,SKU-00014,4,632.00,84.00,Melbourne,R-09,38.70
INV-110338,2025-01-06,C-202,SKU-00038,6,427.00,70.32,Newcastle,R-10,8.02
INV-110339,2025-03-07,C-218,SKU-00006,11,428.00,87.23,Newcastle,R-21,39.56
INV-110340,2024-06-26,C-159,SKU-00045,2,841.00,76.56,Melbourne,R-11,36.09
INV-110341,2024-10-22,C-264,SKU-00056,6,481.00,75.12,Brisbane,R-23,27.74
INV-110342,2025-06-06,C-238,SKU-00025,17,345.00,71.23,Adelaide,R-25,27.29
INV-110343,2024-08-03,C-172,SKU-00049,2,840.00,73.28,Newcastle,R-23,40.35
INV-110344,2024-03-03,C-183,SKU-00030,4,439.00,89.44,Perth,R-06,1.22
INV-110345,2025-06-19,C-100,SKU-00058,9,513.00,90.81,Brisbane,R-20,33.31
INV-110346,2024-01-16,C-283,SKU-00043,21,320.00,73.92,Brisbane,R-21,23.02
INV-110347,2024-06-15,C-318,SKU-00033,9,111.00,71.46,Adelaide,R-11,10.98
INV-110348,2024-03-18,C-006,SKU-00009,13,761.00,70.46,Sydney,R-20,22.06
INV-110349,2024-10-04,C-252,SKU-00038,1,427.00,73.70,Brisbane,R-05,31.24
INV-110350,2024-01-27,C-318,SKU-00031,10,336.00,72.40,Adelaide,R-04,4.17
INV-110351,2025-09-16,C-363,SKU-00009,7,761.00,88.55,Perth,R-20,22.99
INV-110352,2024-12-18,C-009,SKU-00023,6,115.00,74.22,Brisbane,R-09,11.35
INV-110353,2025-07-05,C-386,SKU-00043,2,320.00,82.56,Brisbane,R-05,28.07
INV-110354,2025-02-03,C-225,SKU-00003,13,237.00,78.13,Perth,R-25,35.27
INV-110355,2025-06-04,C-360,SKU-00042,10,292.00,79.40,Melbourne,R-01,30.32
INV-110356,2025-10-15,C-309,SKU-00029,23,291.00,77.05,Adelaide,R-21,19.78
INV-110357,2024-09-18,C-087,SKU-00010,20,27.00,87.40,Melbourne,R-02,37.74
INV-110358,2024-11-12,C-133,SKU-00007,7,284.00,82.18,Brisbane,R-05,21.59
INV-110359,2025-10-22,C-418,SKU-00015,10,332.00,82.00,Brisbane,R-16,31.14
INV-110360,2025-09-16,C-290,SKU-00020,24,702.00,64.92,Perth,R-06,11.33
INV-110361,2024-05-04,C-092,SKU-00027,12,107.00,73.80,Brisbane,R-28,24.90
INV-110362,2025-01-07,C-079,SKU-00006,14,428.00,76.72,Newcastle,R-21,16.73
INV-110363,2024-12-03,C-356,SKU-00044,9,183.00,85.41,Perth,R-18,20.53
INV-110364,2024-06-26,C-177,SKU-00014,18,632.00,83.34,Newcastle,R-19,26.27
INV-110365,2024-11-13,C-203,SKU-00017,17,69.00,70.38,Sydney,R-12,12.73
INV-110366,2024-06-17,C-249,SKU-00015,21,332.00,81.06,Melbourne,R-24,29.13
INV-110367,2025-11-16,C-374,SKU-00049,12,840.00,84.24,Newcastle,R-27,8.40
INV-110368,2025-02-03,C-176,SKU-00017,6,69.00,78.66,Sydney,R-05,42.73
INV-110369,2024-08-10,C-056,SKU-00001,9,569.00,90.09,Adelaide,R-10,35.27
INV-110370,2025-08-17,C-120,SKU-00032,9,60.00,81.81,Adelaide,R-06,30.81
INV-110371,2024-06-15,C-418,SKU-00047,11,371.00,78.54,Brisbane,R-10,0.77
INV-110372,2024-01-01,C-347,SKU-00024,16,208.00,90.72,Brisbane,R-12,13.48
INV-110373,2025-12-17,C-132,SKU-00010,17,27.00,89.59,Newcastle,R-10,42.37
INV-110374,2024-03-25,C-380,SKU-00029,16,291.00,79.68,Adelaide,R-26,21.65
INV-110375,2024-06-19,C-256,SKU-00008,1,232.00,84.61,Sydney,R-28,15.45
INV-110376,2024-08-25,C-124,SKU-00051,1,246.00,84.75,Adelaide,R-03,26.23
INV-110377,2024-01-02,C-029,SKU-00048,10,553.00,76.70,Adelaide,R-23,30.26
INV-110378,2024-10-05,C-394,SKU-00050,3,201.00,79.20,Adelaide,R-01,32.16
INV-110379,2024-09-12,C-134,SKU-00038,19,427.00,82.08,Melbourne,R-08,32.83
INV-110380,2024-02-02,C-186,SKU-00036,18,224.00,81.31,Brisbane,R-04,3.58
INV-110381,2025-01-15,C-237,SKU-00042,11,292.00,74.03,Brisbane,R-07,7.89
INV-110382,2024-03-05,C-216,SKU-00051,23,246.00,73.60,Brisbane,R-03,20.29
INV-110383,2025-05-28,C-095,SKU-00032,10,60.00,82.50,Sydney,R-14,13.43
INV-110384,2025-02-23,C-373,SKU-00015,19,332.00,85.69,Newcastle,R-23,16.83
INV-110385,2024-09-03,C-159,SKU-00044,23,183.00,85.10,Melbourne,R-25,6.81
INV-110386,2024-08-10,C-229,SKU-00008,15,232.00,87.90,Brisbane,R-03,24.82
INV-110387,2025-06-09,C-270,SKU-00055,14,703.00,72.38,Newcastle,R-20,36.91
INV-110388,2024-12-13,C-278,SKU-00042,17,292.00,81.94,Melbourne,R-09,19.12
INV-110389,2024-02-10,C-391,SKU-00048,1,553.00,87.23,Sydney,R-25,27.08
INV-110390,2024-01-03,C-386,SKU-00052,15,834.00,73.55,Brisbane,R-16,13.97
INV-110391,2025-06-20,C-378,SKU-00007,21,284.00,82.11,Melbourne,R-12,17.58
INV-110392,2025-04-28,C-093,SKU-00038,5,427.00,81.90,Perth,R-06,30.39
INV-110393,2025-01-12,C-086,SKU-00019,4,357.00,80.64,Perth,R-16,26.70
INV-110394,2025-09-09,C-027,SKU-00034,19,214.00,70.30,Brisbane,R-03,4.77
INV-110395,2025-04-22,C-101,SKU-00049,8,840.00,73.60,Newcastle,R-18,24.08
INV-110396,2024-06-27,C-022,SKU-00049,4,840.00,79.24,Adelaide,R-16,19.84
INV-110397,2024-06-25,C-198,SKU-00003,13,237.00,89.05,Melbourne,R-25,12.25
INV-110398,2024-02-12,C-354,SKU-00058,7,513.00,73.29,Perth,R-12,39.68
INV-110399,2025-04-27,C-402,SKU-00027,17,107.00,71.91,Melbourne,R-22,38.76
INV-110400,2024-06-21,C-141,SKU-00018,3,268.00,65.80,Perth,R-17,21.43
INV-110401,2024-01-13,C-273,SKU-00049,10,840.00,72.50,Sydney,R-01,1.67
INV-110402,2024-04-08,C-301,SKU-00035,7,571.00,85.54,Melbourne,R-01,4.19
INV-110403,2024-01-22,C-328,SKU-00058,9,513.00,85.86,Newcastle,R-04,39.88
INV-110404,2024-09-15,C-252,SKU-00020,10,702.00,76.20,Brisbane,R-19,8.19
INV-110405,2024-08-21,C-330,SKU-00056,7,481.00,82.53,Brisbane,R-13,39.17
INV-110406,2025-03-27,C-298,SKU-00042,14,292.00,80.50,Perth,R-13,43.46
INV-110407,2025-01-14,C-281,SKU-00008,1,232.00,71.33,Melbourne,R-18,9.46
INV-110408,2024-02-13,C-187,SKU-00055,17,703.00,82.96,Brisbane,R-22,8.27
INV-110409,2025-01-06,C-089,SKU-00045,5,841.00,82.70,Sydney,R-28,42.32
INV-110410,2025-01-20,C-240,SKU-00038,20,427.00,73.05,Adelaide,R-24,5.67
INV-110411,2025-10-02,C-301,SKU-00035,1,571.00,77.08,Melbourne,R-25,24.41
INV-110412,2025-04-08,C-360,SKU-00014,5,632.00,71.40,Melbourne,R-16,26.01
INV-110413,2024-03-28,C-032,SKU-00015,16,332.00,86.40,Brisbane,R-19,16.64
INV-110414,2024-12-10,C-178,SKU-00032,3,60.00,78.33,Newcastle,R-14,38.62
INV-110415,2024-09-13,C-203,SKU-00050,14,201.00,78.96,Sydney,R-14,2.74
INV-110416,2024-02-08,C-054,SKU-00057,17,143.00,77.69,Brisbane,R-02,42.64
INV-110417,2024-06-22,C-198,SKU-00056,6,481.00,84.12,Melbourne,R-20,36.85
INV-110418,2025-08-07,C-244,SKU-00036,24,224.00,82.56,Perth,R-15,26.17
INV-110419,2025-01-04,C-234,SKU-00047,9,371.00,88.83,Adelaide,R-28,38.88
INV-110420,2024-11-27,C-014,SKU-00030,16,439.00,77.43,Sydney,R-28,34.64
INV-110421,2024-04-15,C-171,SKU-00045,7,841.00,82.11,Sydney,R-27,6.34
INV-110422,2025-02-28,C-294,SKU-00006,17,428.00,90.44,Melbourne,R-20,30.98
INV-110423,2024-11-19,C-166,SKU-00032,24,60.00,86.88,Adelaide,R-20,26.17
INV-110424,2025-09-01,C-393,SKU-00042,16,292.00,76.16,Sydney,R-09,27.86
INV-110425,2025-05-27,C-217,SKU-00021,21,453.00,70.98,Newcastle,R-23,5.22
INV-110426,2025-02-12,C-417,SKU-00058,21,513.00,73.08,Perth,R-17,34.43
INV-110427,2024-06-14,C-224,SKU-00051,9,246.00,83.61,Sydney,R-08,0.83
INV-110428,2025-05-26,C-031,SKU-00016,7,574.00,82.60,Newcastle,R-02,12.03
INV-110429,2024-11-27,C-206,SKU-00054,5,714.00,84.00,Newcastle,R-08,16.42
INV-110430,2024-12-17,C-157,SKU-00018,19,268.00,65.38,Sydney,R-16,36.52
INV-110431,2024-03-06,C-079,SKU-00010,4,27.00,72.12,Newcastle,R-27,3.76
INV-110432,2024-10-23,C-084,SKU-00003,17,237.00,89.42,Perth,R-22,5.65
INV-110433,2024-05-08,C-092,SKU-00002,3,592.00,82.47,Brisbane,R-17,8.68
INV-110434,2025-01-20,C-130,SKU-00041,12,612.00,86.76,Sydney,R-20,20.07
INV-110435,2025-03-21,C-088,SKU-00030,23,439.00,83.72,Adelaide,R-16,26.94
INV-110436,2025-09-19,C-208,SKU-00024,17,208.00,73.78,Perth,R-08,37.80
INV-110437,2024-08-18,C-390,SKU-00052,21,834.00,89.25,Adelaide,R-18,38.63
INV-110438,2024-07-14,C-131,SKU-00033,8,111.00,74.08,Adelaide,R-01,27.67
INV-110439,2024-11-15,C-154,SKU-00036,17,224.00,83.30,Newcastle,R-07,0.22
INV-110440,2024-02-21,C-151,SKU-00010,11,27.00,73.57,Melbourne,R-08,40.13
INV-110441,2025-05-04,C-293,SKU-00041,8,612.00,81.60,Adelaide,R-01,28.52
INV-110442,2025-05-11,C-264,SKU-00047,10,371.00,83.70,Brisbane,R-21,25.83
INV-110443,2025-03-20,C-329,SKU-00050,5,201.00,72.60,Newcastle,R-23,1.39
INV-110444,2024-03-27,C-150,SKU-00025,20,345.00,86.60,Brisbane,R-17,19.60
INV-110445,2025-08-13,C-277,SKU-00054,6,714.00,71.82,Newcastle,R-19,21.34
INV-110446,2025-11-19,C-101,SKU-00032,14,60.00,77.98,Newcastle,R-12,3.53
INV-110447,2024-10-15,C-029,SKU-00033,5,111.00,86.30,Adelaide,R-25,33.52
INV-110448,2024-01-10,C-033,SKU-00006,11,428.00,90.42,Adelaide,R-24,37.97
INV-110449,2025-11-20,C-374,SKU-00034,24,214.00,77.04,Newcastle,R-05,31.94
INV-110450,2025-12-08,C-284,SKU-00038,15,427.00,82.80,Melbourne,R-23,43.06
INV-110451,2024-11-05,C-362,SKU-00015,24,332.00,83.28,Perth,R-12,11.24
INV-110452,2024-05-10,C-351,SKU-00007,9,284.00,89.01,Adelaide,R-04,30.94
INV-110453,2024-02-05,C-213,SKU-00058,22,513.00,79.64,Brisbane,R-22,9.10
INV-110454,2024-12-12,C-286,SKU-00001,14,569.00,80.78,Brisbane,R-25,37.52
INV-110455,2025-06-19,C-006,SKU-00036,18,224.00,89.28,Sydney,R-07,2.86
INV-110456,2025-04-04,C-366,SKU-00032,15,60.00,76.65,Melbourne,R-17,35.35
INV-110457,2024-09-16,C-190,SKU-00048,9,553.00,87.93,Adelaide,R-11,29.07
INV-110458,2025-11-10,C-361,SKU-00045,3,841.00,83.58,Melbourne,R-14,19.63
INV-110459,2025-12-07,C-170,SKU-00030,5,439.00,77.65,Brisbane,R-19,4.62
INV-110460,2024-11-26,C-077,SKU-00016,18,574.00,80.98,Adelaide,R-10,30.55
INV-110461,2024-02-16,C-223,SKU-00051,3,246.00,89.28,Sydney,R-13,36.24
INV-110462,2025-10-27,C-217,SKU-00044,20,183.00,78.40,Newcastle,R-22,40.06
INV-110463,2024-09-14,C-418,SKU-00048,9,553.00,89.37,Brisbane,R-15,36.59
INV-110464,2024-10-23,C-035,SKU-00037,11,831.00,79.86,Newcastle,R-23,37.38
INV-110465,2025-02-12,C-322,SKU-00032,9,60.00,80.10,Brisbane,R-03,26.95
INV-110466,2024-10-07,C-211,SKU-00036,14,224.00,85.40,Newcastle,R-11,17.89
INV-110467,2024-04-13,C-369,SKU-00041,18,612.00,85.32,Adelaide,R-02,21.79
INV-110468,2024-12-17,C-192,SKU-00005,9,643.00,80.19,Newcastle,R-24,27.25
INV-110469,2024-04-07,C-284,SKU-00025,24,345.00,87.60,Melbourne,R-20,42.44
INV-110470,2025-03-20,C-184,SKU-00017,13,69.00,78.22,Brisbane,R-24,32.61
INV-110471,2024-04-07,C-018,SKU-00018,14,268.00,75.04,Melbourne,R-13,42.13
INV-110472,2025-08-24,C-100,SKU-00051,19,246.00,71.06,Brisbane,R-17,17.28
INV-110473,2025-06-03,C-034,SKU-00041,16,612.00,72.48,Sydney,R-08,33.39
INV-110474,2024-10-03,C-360,SKU-00004,19,340.00,82.65,Melbourne,R-01,36.40
INV-110475,2025-04-11,C-402,SKU-00028,10,722.00,74.90,Melbourne,R-24,31.69
INV-110476,2025-08-21,C-337,SKU-00017,14,69.00,73.78,Sydney,R-13,35.23
INV-110477,2024-11-17,C-226,SKU-00055,6,703.00,70.62,Perth,R-05,44.57
INV-110478,2024-09-18,C-021,SKU-00049,4,840.00,75.92,Adelaide,R-05,31.06
INV-110479,2024-07-01,C-252,SKU-00040,7,257.00,87.15,Brisbane,R-15,29.60
INV-110480,2024-06-05,C-284,SKU-00025,11,345.00,67.80,Melbourne,R-13,3.84
INV-110481,2024-07-19,C-128,SKU-00049,6,840.00,78.48,Newcastle,R-28,35.71
INV-110482,2025-11-10,C-300,SKU-00045,12,841.00,73.80,Brisbane,R-17,16.62
INV-110483,2024-10-18,C-234,SKU-00017,17,69.00,71.74,Adelaide,R-01,18.46
INV-110484,2024-12-19,C-297,SKU-00018,8,268.00,79.68,Perth,R-20,0.51
INV-110485,2025-01-17,C-386,SKU-00001,7,569.00,88.62,Brisbane,R-03,21.52
INV-110486,2024-02-26,C-266,SKU-00027,15,107.00,72.30,Adelaide,R-22,7.10
INV-110487,2025-08-26,C-320,SKU-00052,7,834.00,87.85,Sydney,R-10,24.65
INV-110488,2025-02-15,C-416,SKU-00051,23,246.00,85.10,Melbourne,R-01,25.27
INV-110489,2024-09-17,C-084,SKU-00004,23,340.00,71.07,Perth,R-10,6.37
INV-110490,2024-03-22,C-086,SKU-00001,22,569.00,65.58,Perth,R-17,17.24
INV-110491,2024-07-01,C-211,SKU-00024,11,208.00,90.20,Newcastle,R-17,37.15
INV-110492,2025-08-23,C-025,SKU-00033,23,111.00,78.20,Brisbane,R-15,4.47
INV-110493,2024-01-04,C-151,SKU-00024,20,208.00,72.20,Melbourne,R-18,6.51
INV-110494,2025-07-02,C-320,SKU-00029,10,291.00,86.80,Sydney,R-19,39.78
INV-110495,2025-06-22,C-365,SKU-00055,3,703.00,88.14,Adelaide,R-28,41.96
INV-110496,2025-04-18,C-237,SKU-00039,13,204.00,75.40,Brisbane,R-01,43.53
INV-110497,2025-09-10,C-155,SKU-00056,18,481.00,80.10,Perth,R-04,11.85
INV-110498,2025-03-28,C-360,SKU-00054,12,714.00,82.80,Melbourne,R-07,19.58
INV-110499,2024-11-11,C-089,SKU-00057,17,143.00,76.84,Sydney,R-18,23.98
INV-110500,2025-09-23,C-228,SKU-00039,11,204.00,73.07,Perth,R-24,6.32
INV-110501,2025-03-16,C-015,SKU-00043,5,320.00,86.05,Sydney,R-01,26.56
INV-110502,2025-05-06,C-220,SKU-00034,2,214.00,78.78,Adelaide,R-02,11.19
INV-110503,2024-11-20,C-276,SKU-00019,22,357.00,70.40,Perth,R-18,28.48
INV-110504,2024-07-18,C-089,SKU-00033,10,111.00,85.20,Sydney,R-01,20.84
INV-110505,2024-09-17,C-141,SKU-00045,9,841.00,81.99,Perth,R-11,6.78
INV-110506,2024-05-18,C-165,SKU-00024,15,208.00,73.65,Perth,R-21,24.76
INV-110507,2025-12-21,C-382,SKU-00049,23,840.00,72.68,Newcastle,R-04,20.81
INV-110508,2025-09-10,C-043,SKU-00040,5,257.00,73.20,Brisbane,R-26,15.08
INV-110509,2024-02-09,C-398,SKU-00048,7,553.00,79.38,Adelaide,R-10,27.17
INV-110510,2025-02-11,C-194,SKU-00057,24,143.00,66.24,Brisbane,R-23,30.59
INV-110511,2025-02-25,C-325,SKU-00006,6,428.00,84.78,Sydney,R-21,24.59
INV-110512,2024-09-24,C-229,SKU-00040,3,257.00,79.56,Brisbane,R-14,26.45
INV-110513,2025-09-04,C-234,SKU-00042,23,292.00,81.42,Adelaide,R-28,4.42
INV-110514,2025-02-28,C-235,SKU-00021,17,453.00,85.51,Brisbane,R-23,30.71
INV-110515,2024-12-23,C-181,SKU-00022,8,477.00,85.44,Perth,R-10,36.58
INV-110516,2024-08-22,C-398,SKU-00001,24,569.00,71.52,Adelaide,R-23,25.73
INV-110517,2024-11-28,C-098,SKU-00033,10,111.00,88.60,Adelaide,R-21,31.29
INV-110518,2024-11-01,C-009,SKU-00006,21,428.00,70.77,Brisbane,R-06,6.67
INV-110519,2025-09-15,C-301,SKU-00008,19,232.00,86.26,Melbourne,R-13,8.15
INV-110520,2024-11-17,C-216,SKU-00053,1,589.00,82.32,Brisbane,R-19,35.13
INV-110521,2024-03-16,C-344,SKU-00058,24,513.00,90.48,Melbourne,R-11,27.17
INV-110522,2024-06-27,C-392,SKU-00041,16,612.00,71.84,Sydney,R-19,0.62
INV-110523,2025-06-18,C-131,SKU-00058,19,513.00,76.76,Adelaide,R-22,34.41
INV-110524,2024-11-05,C-377,SKU-00005,22,643.00,86.24,Newcastle,R-02,7.65
INV-110525,2025-02-23,C-399,SKU-00044,24,183.00,90.24,Perth,R-17,7.58
INV-110526,2025-12-17,C-222,SKU-00002,22,592.00,87.56,Melbourne,R-22,40.72
INV-110527,2024-02-19,C-098,SKU-00003,17,237.00,88.74,Adelaide,R-22,25.64
INV-110528,2024-09-24,C-125,SKU-00002,2,592.00,71.30,Brisbane,R-05,24.37
INV-110529,2025-07-04,C-390,SKU-00051,17,246.00,87.89,Adelaide,R-06,2.25
INV-110530,2024-10-06,C-344,SKU-00026,9,405.00,66.24,Melbourne,R-14,17.00
INV-110531,2024-08-24,C-059,SKU-00010,7,27.00,80.92,Perth,R-21,18.73
INV-110532,2024-02-18,C-378,SKU-00015,23,332.00,79.35,Melbourne,R-11,1.85
INV-110533,2025-02-11,C-372,SKU-00037,12,831.00,77.76,Melbourne,R-12,16.86
INV-110534,2024-03-23,C-234,SKU-00046,17,711.00,81.26,Adelaide,R-03,42.39
INV-110535,2024-06-28,C-180,SKU-00026,16,405.00,85.92,Brisbane,R-13,31.78
INV-110536,2025-10-06,C-201,SKU-00042,16,292.00,83.20,Perth,R-17,32.45
INV-110537,2024-11-11,C-363,SKU-00027,13,107.00,74.10,Perth,R-15,19.65
INV-110538,2024-12-25,C-403,SKU-00022,8,477.00,82.80,Perth,R-18,35.34
INV-110539,2025-04-21,C-385,SKU-00045,2,841.00,73.90,Sydney,R-08,24.60
INV-110540,2025-12-17,C-239,SKU-00053,5,589.00,64.81,Perth,R-18,23.70
INV-110541,2025-02-28,C-037,SKU-00050,11,201.00,90.64,Adelaide,R-18,1.16
INV-110542,2024-08-22,C-101,SKU-00050,6,201.00,86.52,Newcastle,R-27,30.61
INV-110543,2025-05-20,C-074,SKU-00027,21,107.00,89.67,Adelaide,R-17,22.72
INV-110544,2025-07-01,C-417,SKU-00003,19,237.00,87.21,Perth,R-11,36.12
INV-110545,2025-07-18,C-086,SKU-00016,5,574.00,81.30,Perth,R-23,34.84
INV-110546,2025-09-04,C-035,SKU-00012,9,822.00,82.80,Newcastle,R-23,12.39
INV-110547,2024-06-03,C-064,SKU-00034,15,214.00,75.15,Newcastle,R-13,15.62
INV-110548,2024-08-02,C-227,SKU-00058,17,513.00,74.80,Adelaide,R-22,21.37
INV-110549,2025-01-10,C-123,SKU-00031,20,336.00,74.40,Brisbane,R-22,10.50
INV-110550,2025-01-14,C-116,SKU-00013,11,52.00,81.97,Sydney,R-27,12.86
INV-110551,2024-04-06,C-417,SKU-00048,24,553.00,90.48,Perth,R-19,28.29
INV-110552,2025-12-11,C-027,SKU-00026,20,405.00,81.00,Brisbane,R-11,2.49
INV-110553,2024-06-04,C-292,SKU-00007,22,284.00,86.02,Perth,R-24,12.08
INV-110554,2025-07-25,C-088,SKU-00043,19,320.00,90.25,Adelaide,R-20,14.13
INV-110555,2024-04-24,C-396,SKU-00051,12,246.00,74.64,Adelaide,R-15,8.11
INV-110556,2024-05-05,C-369,SKU-00047,7,371.00,75.46,Adelaide,R-16,24.92
INV-110557,2025-08-21,C-127,SKU-00004,13,340.00,90.09,Perth,R-01,15.43
INV-110558,2024-12-01,C-312,SKU-00017,23,69.00,75.67,Perth,R-27,18.27
INV-110559,2025-09-16,C-367,SKU-00049,1,840.00,78.38,Melbourne,R-20,32.24
INV-110560,2024-12-07,C-077,SKU-00014,17,632.00,76.95,Adelaide,R-24,33.16
INV-110561,2024-06-10,C-251,SKU-00037,22,831.00,88.44,Perth,R-02,3.82
INV-110562,2025-03-13,C-334,SKU-00035,18,571.00,82.08,Brisbane,R-28,18.62
INV-110563,2025-02-12,C-095,SKU-00058,10,513.00,87.30,Sydney,R-22,25.61
INV-110564,2024-11-04,C-233,SKU-00011,23,62.00,88.55,Sydney,R-11,34.02
INV-110565,2024-07-12,C-087,SKU-00008,10,232.00,80.10,Melbourne,R-24,34.12
INV-110566,2024-10-27,C-252,SKU-00006,20,428.00,71.40,Brisbane,R-17,0.39
INV-110567,2025-10-09,C-036,SKU-00004,3,340.00,72.00,Melbourne,R-09,15.46
INV-110568,2025-05-10,C-016,SKU-00056,20,481.00,82.00,Brisbane,R-01,3.88
INV-110569,2025-11-21,C-185,SKU-00039,9,204.00,82.53,Sydney,R-11,12.17
INV-110570,2024-05-17,C-024,SKU-00033,15,111.00,73.69,Melbourne,R-18,1.90
INV-110571,2024-10-18,C-311,SKU-00018,12,268.00,82.68,Newcastle,R-28,40.75
INV-110572,2024-05-24,C-056,SKU-00008,9,232.00,82.62,Adelaide,R-12,32.95
INV-110573,2025-02-20,C-285,SKU-00021,21,453.00,70.35,Melbourne,R-01,20.11
INV-110574,2025-10-02,C-123,SKU-00036,19,224.00,72.01,Brisbane,R-26,37.32
INV-110575,2025-10-27,C-360,SKU-00051,5,246.00,76.70,Melbourne,R-16,16.49
INV-110576,2025-10-06,C-047,SKU-00020,8,702.00,83.84,Perth,R-12,7.90
INV-110577,2024-05-16,C-419,SKU-00007,15,284.00,88.95,Brisbane,R-24,13.87
INV-110578,2025-11-03,C-302,SKU-00044,10,183.00,76.50,Adelaide,R-14,16.87
INV-110579,2025-05-21,C-243,SKU-00028,17,722.00,75.31,Melbourne,R-10,34.09
INV-110580,2025-02-22,C-260,SKU-00042,3,292.00,81.97,Sydney,R-20,42.70
INV-110581,2024-05-03,C-123,SKU-00038,15,427.00,90.00,Brisbane,R-11,14.57
INV-110582,2024-03-12,C-317,SKU-00009,9,761.00,71.82,Melbourne,R-19,33.43
INV-110583,2025-08-14,C-123,SKU-00024,21,208.00,74.13,Brisbane,R-13,16.04
INV-110584,2025-02-23,C-242,SKU-00008,5,232.00,78.50,Sydney,R-20,37.31
INV-110585,2025-04-18,C-059,SKU-00037,8,831.00,72.08,Perth,R-07,14.56
INV-110586,2024-06-23,C-171,SKU-00046,12,711.00,72.36,Sydney,R-12,18.59
INV-110587,2024-08-27,C-257,SKU-00030,17,439.00,78.20,Brisbane,R-23,23.93
INV-110588,2024-07-17,C-218,SKU-00036,17,224.00,72.08,Newcastle,R-17,25.20
INV-110589,2025-12-19,C-285,SKU-00047,5,371.00,70.50,Melbourne,R-06,0.36
INV-110590,2024-12-19,C-139,SKU-00057,2,143.00,80.90,Perth,R-14,7.38
INV-110591,2025-04-25,C-289,SKU-00019,3,357.00,81.93,Perth,R-04,8.79
INV-110592,2025-04-22,C-254,SKU-00028,14,722.00,71.54,Sydney,R-21,38.30
INV-110593,2025-02-03,C-204,SKU-00001,18,569.00,73.44,Perth,R-19,44.95
INV-110594,2025-04-02,C-171,SKU-00024,5,208.00,72.50,Sydney,R-09,41.76
INV-110595,2025-02-09,C-191,SKU-00055,6,703.00,90.18,Newcastle,R-23,10.33
INV-110596,2025-07-23,C-379,SKU-00057,23,143.00,87.40,Newcastle,R-16,43.50
INV-110597,2024-10-21,C-419,SKU-00001,16,569.00,84.00,Brisbane,R-18,41.97
INV-110598,2024-09-18,C-146,SKU-00016,19,574.00,71.63,Perth,R-09,34.34
INV-110599,2025-02-20,C-051,SKU-00010,3,27.00,75.09,Newcastle,R-26,21.99
INV-110600,2024-04-24,C-318,SKU-00043,23,320.00,74.91,Adelaide,R-25,18.04
INV-110601,2025-04-21,C-406,SKU-00033,23,111.00,72.22,Perth,R-02,18.34
INV-110602,2025-05-19,C-362,SKU-00040,7,257.00,72.03,Perth,R-05,24.94
INV-110603,2024-02-26,C-289,SKU-00049,24,840.00,70.80,Perth,R-17,7.03
INV-110604,2025-10-01,C-311,SKU-00035,16,571.00,73.60,Newcastle,R-24,27.71
INV-110605,2024-03-12,C-090,SKU-00001,21,569.00,88.62,Newcastle,R-02,44.60
INV-110606,2025-05-01,C-050,SKU-00011,22,62.00,78.32,Newcastle,R-02,26.55
INV-110607,2024-01-25,C-346,SKU-00035,21,571.00,72.87,Newcastle,R-11,37.55
INV-110608,2024-08-12,C-185,SKU-00024,20,208.00,82.20,Sydney,R-28,1.73
INV-110609,2025-02-08,C-015,SKU-00056,3,481.00,82.08,Sydney,R-26,11.04
INV-110610,2024-02-26,C-206,SKU-00002,23,592.00,72.79,Newcastle,R-20,23.22
INV-110611,2025-05-01,C-330,SKU-00058,4,513.00,76.84,Brisbane,R-20,22.08
INV-110612,2024-10-02,C-121,SKU-00021,10,453.00,72.20,Newcastle,R-12,35.27
INV-110613,2025-04-20,C-367,SKU-00024,18,208.00,72.18,Melbourne,R-24,29.48
INV-110614,2024-06-22,C-194,SKU-00023,12,115.00,88.20,Brisbane,R-13,34.74
INV-110615,2024-06-09,C-138,SKU-00024,8,208.00,70.88,Newcastle,R-02,35.21
INV-110616,2025-04-28,C-093,SKU-00011,17,62.00,83.47,Perth,R-21,23.03
INV-110617,2025-03-27,C-192,SKU-00052,9,834.00,79.83,Newcastle,R-01,23.58
INV-110618,2025-09-26,C-070,SKU-00015,2,332.00,83.24,Adelaide,R-23,37.34
INV-110619,2024-06-28,C-278,SKU-00021,22,453.00,85.14,Melbourne,R-12,18.92
INV-110620,2025-11-17,C-080,SKU-00031,21,336.00,69.55,Newcastle,R-23,19.90
INV-110621,2024-10-14,C-394,SKU-00027,10,107.00,72.30,Adelaide,R-09,32.56
INV-110622,2025-10-06,C-240,SKU-00030,13,439.00,82.16,Adelaide,R-06,16.75
INV-110623,2025-11-06,C-273,SKU-00052,10,834.00,82.30,Sydney,R-25,22.75
INV-110624,2025-10-26,C-026,SKU-00046,5,711.00,71.00,Melbourne,R-16,27.66
INV-110625,2025-01-08,C-230,SKU-00035,9,571.00,82.62,Melbourne,R-18,0.15
INV-110626,2025-05-11,C-225,SKU-00037,2,831.00,75.72,Perth,R-07,34.86
INV-110627,2024-07-07,C-333,SKU-00047,6,371.00,80.22,Melbourne,R-14,18.44
INV-110628,2025-10-01,C-120,SKU-00012,12,822.00,84.84,Adelaide,R-15,10.68
INV-110629,2024-05-10,C-145,SKU-00034,1,214.00,75.08,Sydney,R-14,26.26
INV-110630,2024-09-21,C-375,SKU-00026,23,405.00,69.83,Newcastle,R-20,36.48
INV-110631,2024-03-04,C-171,SKU-00049,3,840.00,79.05,Sydney,R-24,14.78
INV-110632,2025-01-23,C-105,SKU-00005,18,643.00,80.10,Sydney,R-16,3.52
INV-110633,2025-08-01,C-127,SKU-00027,2,107.00,80.32,Perth,R-11,20.36
INV-110634,2024-12-09,C-251,SKU-00005,12,643.00,70.44,Perth,R-22,18.94
INV-110635,2024-02-05,C-250,SKU-00049,17,840.00,74.80,Perth,R-08,27.37
INV-110636,2024-07-12,C-173,SKU-00025,5,345.00,85.30,Perth,R-26,19.83
INV-110637,2024-06-01,C-375,SKU-00033,9,111.00,71.82,Newcastle,R-11,28.62
INV-110638,2024-03-26,C-322,SKU-00024,18,208.00,81.18,Brisbane,R-13,22.83
INV-110639,2025-07-04,C-057,SKU-00039,4,204.00,82.36,Sydney,R-13,24.57
INV-110640,2024-08-17,C-251,SKU-00048,1,553.00,69.40,Perth,R-09,19.76
INV-110641,2024-09-13,C-181,SKU-00036,22,224.00,76.12,Perth,R-16,20.37
INV-110642,2024-04-24,C-334,SKU-00049,6,840.00,89.58,Brisbane,R-09,21.60
INV-110643,2024-04-19,C-201,SKU-00010,14,27.00,72.38,Perth,R-19,15.93
INV-110644,2024-08-25,C-166,SKU-00009,14,761.00,73.22,Adelaide,R-06,37.68
INV-110645,2025-07-13,C-084,SKU-00029,2,291.00,84.60,Perth,R-27,34.31
INV-110646,2025-04-22,C-328,SKU-00036,4,224.00,85.68,Newcastle,R-26,11.08
INV-110647,2025-12-26,C-033,SKU-00032,7,60.00,75.74,Adelaide,R-19,1.38
INV-110648,2025-01-19,C-247,SKU-00015,21,332.00,72.87,Sydney,R-13,10.10
INV-110649,2024-10-01,C-350,SKU-00053,2,589.00,85.98,Perth,R-06,24.40
INV-110650,2025-03-26,C-038,SKU-00015,1,332.00,79.77,Melbourne,R-20,3.92
INV-110651,2024-10-06,C-393,SKU-00031,18,336.00,72.36,Sydney,R-14,13.57
INV-110652,2025-08-13,C-317,SKU-00019,14,357.00,70.98,Melbourne,R-12,31.58
INV-110653,2025-02-21,C-208,SKU-00045,16,841.00,76.16,Perth,R-02,40.54
INV-110654,2025-02-20,C-088,SKU-00053,13,589.00,76.96,Adelaide,R-22,32.38
INV-110655,2025-08-25,C-347,SKU-00029,24,291.00,75.36,Brisbane,R-13,19.11
INV-110656,2024-05-15,C-362,SKU-00011,13,62.00,86.58,Perth,R-11,15.45
INV-110657,2025-08-17,C-295,SKU-00017,21,69.00,71.40,Perth,R-18,24.72
INV-110658,2025-05-13,C-205,SKU-00018,15,268.00,80.85,Sydney,R-02,3.88
INV-110659,2025-05-07,C-327,SKU-00031,14,336.00,88.06,Adelaide,R-12,25.32
INV-110660,2024-04-08,C-212,SKU-00048,8,553.00,73.53,Perth,R-28,22.23
INV-110661,2025-04-06,C-393,SKU-00041,6,612.00,88.68,Sydney,R-04,4.74
INV-110662,2025-05-15,C-354,SKU-00008,3,232.00,73.44,Perth,R-26,40.48
INV-110663,2025-05-19,C-179,SKU-00034,16,214.00,85.60,Newcastle,R-05,38.95
INV-110664,2024-02-20,C-385,SKU-00039,19,204.00,84.93,Sydney,R-27,43.61
INV-110665,2025-01-27,C-380,SKU-00058,12,513.00,74.88,Adelaide,R-16,19.42
INV-110666,2024-05-25,C-171,SKU-00012,5,822.00,80.40,Sydney,R-16,14.73
INV-110667,2025-12-28,C-007,SKU-00022,3,477.00,72.54,Adelaide,R-15,33.73
INV-110668,2025-11-01,C-316,SKU-00021,13,453.00,79.69,Adelaide,R-09,19.44
INV-110669,2025-07-27,C-254,SKU-00021,16,453.00,71.04,Sydney,R-02,12.43
INV-110670,2025-08-21,C-289,SKU-00057,12,143.00,70.21,Perth,R-15,31.51
INV-110671,2024-02-13,C-131,SKU-00040,22,257.00,89.10,Adelaide,R-22,19.56
INV-110672,2024-11-09,C-220,SKU-00037,24,831.00,86.16,Adelaide,R-12,44.36
INV-110673,2025-04-08,C-053,SKU-00044,24,183.00,74.64,Perth,R-18,10.07
INV-110674,2024-09-19,C-346,SKU-00045,11,841.00,79.09,Newcastle,R-19,20.60
INV-110675,2024-08-15,C-359,SKU-00035,4,571.00,71.76,Sydney,R-04,33.53
INV-110676,2024-12-01,C-179,SKU-00029,19,291.00,76.19,Newcastle,R-23,12.23
INV-110677,2025-12-18,C-115,SKU-00001,19,569.00,78.85,Melbourne,R-24,29.87
INV-110678,2024-06-13,C-238,SKU-00039,2,204.00,89.88,Adelaide,R-12,27.46
INV-110679,2024-05-21,C-004,SKU-00037,10,831.00,82.40,Perth,R-23,11.08
INV-110680,2025-05-10,C-362,SKU-00007,18,284.00,80.48,Perth,R-03,38.40
INV-110681,2025-04-07,C-027,SKU-00041,20,612.00,75.80,Brisbane,R-22,9.39
INV-110682,2024-12-03,C-256,SKU-00013,7,52.00,88.69,Sydney,R-07,23.69
INV-110683,2025-02-09,C-357,SKU-00013,18,52.00,71.82,Newcastle,R-02,26.41
INV-110684,2024-05-27,C-281,SKU-00017,14,69.00,82.88,Melbourne,R-17,34.86
INV-110685,2024-06-22,C-261,SKU-00017,6,69.00,85.74,Brisbane,R-17,29.54
INV-110686,2024-07-10,C-096,SKU-00008,14,232.00,75.60,Melbourne,R-25,23.97
INV-110687,2024-06-17,C-238,SKU-00007,15,284.00,82.80,Adelaide,R-16,11.75
INV-110688,2024-11-17,C-359,SKU-00058,2,513.00,76.08,Sydney,R-27,31.49
INV-110689,2025-05-21,C-054,SKU-00003,11,237.00,77.55,Brisbane,R-22,26.51
INV-110690,2024-10-23,C-419,SKU-00016,15,574.00,82.52,Brisbane,R-04,24.19
INV-110691,2025-04-24,C-045,SKU-00048,12,553.00,85.32,Newcastle,R-07,10.66
INV-110692,2024-04-14,C-245,SKU-00017,17,69.00,88.91,Perth,R-12,11.86
INV-110693,2025-01-12,C-029,SKU-00021,22,453.00,75.46,Adelaide,R-26,32.76
INV-110694,2025-05-01,C-071,SKU-00022,4,477.00,70.84,Brisbane,R-12,36.13
INV-110695,2025-06-21,C-388,SKU-00014,11,632.00,82.94,Adelaide,R-16,31.60
INV-110696,2024-02-15,C-036,SKU-00013,10,52.00,79.10,Melbourne,R-08,11.15
INV-110697,2024-05-09,C-223,SKU-00057,15,143.00,70.50,Sydney,R-18,6.04
INV-110698,2024-06-18,C-017,SKU-00005,12,643.00,73.08,Adelaide,R-10,30.69
INV-110699,2024-07-19,C-254,SKU-00011,6,62.00,71.04,Sydney,R-07,23.49
INV-110700,2024-07-05,C-169,SKU-00028,13,722.00,71.64,Melbourne,R-23,0.83
INV-110701,2024-03-10,C-356,SKU-00027,13,107.00,87.36,Perth,R-22,3.30
INV-110702,2025-09-13,C-343,SKU-00015,6,332.00,72.24,Newcastle,R-02,39.00
INV-110703,2025-02-19,C-101,SKU-00028,16,722.00,90.72,Newcastle,R-19,11.01
INV-110704,2024-06-25,C-293,SKU-00048,14,553.00,77.14,Adelaide,R-27,42.00
INV-110705,2024-03-10,C-255,SKU-00020,18,702.00,79.38,Sydney,R-24,32.95
INV-110706,2025-01-03,C-345,SKU-00038,19,427.00,75.24,Sydney,R-06,4.89
INV-110707,2025-05-25,C-319,SKU-00053,15,589.00,72.60,Perth,R-24,27.06
INV-110708,2024-01-01,C-251,SKU-00035,2,571.00,85.42,Perth,R-07,17.93
INV-110709,2025-02-07,C-371,SKU-00038,23,427.00,79.35,Adelaide,R-04,43.46
INV-110710,2025-06-12,C-049,SKU-00040,14,257.00,71.87,Melbourne,R-27,1.20
INV-110711,2025-11-20,C-416,SKU-00043,5,320.00,77.85,Melbourne,R-17,30.07
INV-110712,2025-01-03,C-181,SKU-00042,12,292.00,87.24,Perth,R-28,27.12
INV-110713,2025-06-08,C-238,SKU-00031,6,336.00,83.40,Adelaide,R-10,43.73
INV-110714,2025-05-02,C-362,SKU-00015,17,332.00,74.80,Perth,R-13,24.60
INV-110715,2025-02-28,C-404,SKU-00030,21,439.00,73.08,Adelaide,R-26,38.98
INV-110716,2025-07-01,C-059,SKU-00052,18,834.00,87.84,Perth,R-11,18.06
INV-110717,2025-10-13,C-083,SKU-00025,23,345.00,81.88,Adelaide,R-06,23.55
INV-110718,2024-07-16,C-374,SKU-00056,21,481.00,74.97,Newcastle,R-09,0.65
INV-110719,2025-09-12,C-332,SKU-00044,19,183.00,71.06,Perth,R-08,43.50
INV-110720,2024-11-23,C-227,SKU-00031,18,336.00,69.88,Adelaide,R-25,15.89
INV-110721,2025-02-26,C-203,SKU-00047,2,371.00,74.38,Sydney,R-07,34.14
INV-110722,2024-01-06,C-330,SKU-00003,12,237.00,74.64,Brisbane,R-01,21.24
INV-110723,2025-12-03,C-266,SKU-00053,21,589.00,72.87,Adelaide,R-18,28.83
INV-110724,2024-03-11,C-373,SKU-00041,20,612.00,74.60,Newcastle,R-12,6.11
INV-110725,2025-01-10,C-412,SKU-00035,11,571.00,87.01,Newcastle,R-08,11.07
INV-110726,2024-10-11,C-307,SKU-00034,10,214.00,84.90,Newcastle,R-17,44.75
INV-110727,2025-11-18,C-321,SKU-00043,23,320.00,72.68,Sydney,R-20,15.94
INV-110728,2024-11-25,C-193,SKU-00037,2,831.00,73.56,Brisbane,R-03,3.55
INV-110729,2025-01-18,C-123,SKU-00037,7,831.00,84.07,Brisbane,R-23,40.32
INV-110730,2024-07-07,C-320,SKU-00003,12,237.00,66.46,Sydney,R-14,31.15
INV-110731,2025-09-08,C-214,SKU-00031,13,336.00,79.82,Perth,R-10,6.55
INV-110732,2025-02-27,C-361,SKU-00032,10,60.00,82.20,Melbourne,R-27,30.29
INV-110733,2024-09-11,C-233,SKU-00039,7,204.00,75.88,Sydney,R-19,43.12
INV-110734,2024-09-27,C-211,SKU-00006,12,428.00,70.32,Newcastle,R-13,9.78
INV-110735,2024-08-12,C-015,SKU-00047,11,371.00,78.87,Sydney,R-06,36.99
INV-110736,2025-09-14,C-188,SKU-00024,5,208.00,73.80,Perth,R-13,26.79
INV-110737,2025-10-18,C-030,SKU-00002,11,592.00,77.55,Brisbane,R-06,38.99
INV-110738,2025-12-03,C-276,SKU-00010,11,27.00,74.80,Perth,R-15,2.64
INV-110739,2024-08-03,C-080,SKU-00006,9,428.00,80.37,Newcastle,R-25,10.66
INV-110740,2024-09-11,C-342,SKU-00052,17,834.00,78.67,Melbourne,R-06,2.48
INV-110741,2025-05-22,C-420,SKU-00017,4,69.00,79.04,Perth,R-05,29.26
INV-110742,2024-12-21,C-169,SKU-00051,2,246.00,75.82,Melbourne,R-07,15.39
INV-110743,2024-04-11,C-157,SKU-00011,21,62.00,86.31,Sydney,R-26,9.53
INV-110744,2024-12-17,C-212,SKU-00044,1,183.00,71.97,Perth,R-26,0.38
INV-110745,2025-09-13,C-108,SKU-00026,3,405.00,74.55,Perth,R-11,39.54
INV-110746,2025-08-28,C-280,SKU-00025,18,345.00,75.60,Newcastle,R-03,32.24
INV-110747,2024-04-03,C-088,SKU-00049,17,840.00,84.83,Adelaide,R-14,29.10
INV-110748,2025-03-22,C-372,SKU-00040,17,257.00,71.23,Melbourne,R-01,38.55
INV-110749,2025-09-16,C-408,SKU-00023,2,115.00,78.80,Brisbane,R-25,4.43
INV-110750,2025-07-20,C-089,SKU-00045,15,841.00,78.66,Sydney,R-08,6.39
INV-110751,2024-02-04,C-078,SKU-00014,8,632.00,75.12,Newcastle,R-18,4.52
INV-110752,2025-08-08,C-417,SKU-00045,11,841.00,83.60,Perth,R-03,12.93
INV-110753,2024-09-16,C-315,SKU-00026,1,405.00,76.51,Brisbane,R-07,36.71
INV-110754,2024-06-11,C-042,SKU-00036,8,224.00,86.96,Sydney,R-27,3.92
INV-110755,2024-03-08,C-219,SKU-00052,7,834.00,81.55,Melbourne,R-03,15.38
INV-110756,2024-05-19,C-092,SKU-00017,3,69.00,72.27,Brisbane,R-25,11.55
INV-110757,2025-08-01,C-195,SKU-00035,11,571.00,79.09,Melbourne,R-28,36.74
INV-110758,2024-12-04,C-156,SKU-00002,22,592.00,85.14,Melbourne,R-23,32.02
INV-110759,2024-06-16,C-301,SKU-00049,3,840.00,83.58,Melbourne,R-01,40.70
INV-110760,2025-06-26,C-076,SKU-00055,12,703.00,79.60,Perth,R-10,24.40
INV-110761,2024-03-02,C-367,SKU-00038,22,427.00,84.48,Melbourne,R-14,38.82
INV-110762,2024-04-20,C-229,SKU-00045,15,841.00,75.15,Brisbane,R-03,35.59
INV-110763,2025-02-15,C-331,SKU-00036,5,224.00,70.75,Adelaide,R-10,37.08
INV-110764,2024-08-05,C-044,SKU-00016,12,574.00,88.92,Brisbane,R-13,1.86
INV-110765,2024-05-08,C-111,SKU-00014,22,632.00,71.72,Adelaide,R-26,4.80
INV-110766,2025-01-19,C-081,SKU-00054,15,714.00,76.80,Sydney,R-11,38.35
INV-110767,2025-02-17,C-121,SKU-00031,14,336.00,74.90,Newcastle,R-15,6.59
INV-110768,2025-10-18,C-140,SKU-00057,19,143.00,82.65,Sydney,R-22,27.07
INV-110769,2024-12-26,C-111,SKU-00050,23,201.00,76.13,Adelaide,R-02,38.53
INV-110770,2025-01-21,C-406,SKU-00017,17,69.00,80.39,Perth,R-24,40.37
INV-110771,2025-07-24,C-178,SKU-00030,24,439.00,81.84,Newcastle,R-28,24.63
INV-110772,2025-06-06,C-127,SKU-00002,20,592.00,87.60,Perth,R-05,31.87
INV-110773,2025-04-18,C-387,SKU-00040,1,257.00,71.82,Sydney,R-09,4.20
INV-110774,2024-01-16,C-087,SKU-00019,10,357.00,82.20,Melbourne,R-21,26.55
INV-110775,2025-03-11,C-033,SKU-00028,10,722.00,70.40,Adelaide,R-15,30.66
INV-110776,2025-08-02,C-131,SKU-00012,17,822.00,86.70,Adelaide,R-12,34.27
INV-110777,2024-05-11,C-405,SKU-00032,3,60.00,76.11,Brisbane,R-03,4.71
INV-110778,2025-12-15,C-410,SKU-00054,6,714.00,83.58,Brisbane,R-12,37.42
INV-110779,2024-04-27,C-372,SKU-00057,2,143.00,84.56,Melbourne,R-03,43.68
INV-110780,2024-06-26,C-119,SKU-00035,19,571.00,76.74,Perth,R-02,2.68
INV-110781,2025-06-17,C-118,SKU-00014,16,632.00,77.12,Brisbane,R-25,17.05
INV-110782,2025-02-07,C-286,SKU-00029,17,291.00,72.08,Brisbane,R-28,14.82
INV-110783,2024-02-19,C-343,SKU-00025,6,345.00,79.50,Newcastle,R-17,38.71
INV-110784,2025-08-06,C-034,SKU-00045,24,841.00,82.32,Sydney,R-09,42.75
INV-110785,2024-12-23,C-152,SKU-00042,16,292.00,74.24,Melbourne,R-10,35.17
INV-110786,2025-01-27,C-267,SKU-00057,13,143.00,79.30,Sydney,R-21,24.83
INV-110787,2025-06-21,C-081,SKU-00049,13,840.00,72.41,Sydney,R-14,32.61
INV-110788,2024-05-02,C-385,SKU-00058,17,513.00,87.21,Sydney,R-11,18.67
INV-110789,2025-12-20,C-262,SKU-00008,5,232.00,76.30,Adelaide,R-13,34.53
INV-110790,2025-04-16,C-264,SKU-00033,17,111.00,66.00,Brisbane,R-21,29.89
INV-110791,2025-09-19,C-255,SKU-00017,4,69.00,88.00,Sydney,R-10,27.04
INV-110792,2024-10-27,C-372,SKU-00039,16,204.00,71.20,Melbourne,R-13,31.36
INV-110793,2024-03-02,C-109,SKU-00014,6,632.00,74.04,Sydney,R-21,14.04
INV-110794,2024-05-03,C-415,SKU-00041,21,612.00,71.19,Melbourne,R-05,5.15
INV-110795,2025-06-28,C-391,SKU-00005,5,643.00,84.30,Sydney,R-03,33.89
INV-110796,2024-09-21,C-084,SKU-00005,4,643.00,73.40,Perth,R-02,41.78
INV-110797,2025-02-01,C-291,SKU-00004,7,340.00,74.27,Melbourne,R-25,11.27
INV-110798,2025-04-11,C-135,SKU-00013,9,52.00,90.18,Newcastle,R-22,13.49
INV-110799,2024-09-04,C-087,SKU-00053,2,589.00,85.32,Melbourne,R-18,1.43
INV-110800,2025-02-23,C-274,SKU-00033,23,111.00,75.96,Newcastle,R-05,13.82
INV-110801,2025-03-13,C-384,SKU-00007,13,284.00,78.91,Perth,R-22,6.78
INV-110802,2025-10-09,C-122,SKU-00030,22,439.00,83.16,Brisbane,R-01,37.12
INV-110803,2024-12-17,C-305,SKU-00027,6,107.00,84.96,Perth,R-10,5.33
INV-110804,2024-06-08,C-063,SKU-00040,22,257.00,80.08,Sydney,R-06,20.61
INV-110805,2025-05-10,C-091,SKU-00042,14,292.00,75.46,Brisbane,R-23,40.58
INV-110806,2025-04-13,C-346,SKU-00004,15,340.00,85.05,Newcastle,R-17,22.84
INV-110807,2024-04-27,C-091,SKU-00040,11,257.00,76.78,Brisbane,R-05,26.75
INV-110808,2025-12-03,C-202,SKU-00001,4,569.00,85.24,Newcastle,R-20,41.05
INV-110809,2025-09-26,C-263,SKU-00029,11,291.00,90.53,Newcastle,R-19,0.38
INV-110810,2024-01-03,C-009,SKU-00002,15,592.00,80.04,Brisbane,R-05,35.28
INV-110811,2025-11-07,C-286,SKU-00045,15,841.00,90.90,Brisbane,R-21,40.28
INV-110812,2024-01-26,C-178,SKU-00019,16,357.00,83.84,Newcastle,R-14,20.79
INV-110813,2024-11-28,C-193,SKU-00025,18,345.00,71.64,Brisbane,R-27,14.23
INV-110814,2025-09-07,C-022,SKU-00057,15,143.00,81.60,Adelaide,R-07,28.69
INV-110815,2025-12-04,C-237,SKU-00058,12,513.00,75.60,Brisbane,R-03,42.94
INV-110816,2025-10-13,C-003,SKU-00053,9,589.00,71.64,Newcastle,R-24,21.84
INV-110817,2025-11-25,C-383,SKU-00012,15,822.00,87.60,Perth,R-23,15.77
INV-110818,2024-10-09,C-150,SKU-00017,18,69.00,74.16,Brisbane,R-06,24.23
INV-110819,2025-02-23,C-138,SKU-00035,18,571.00,71.46,Newcastle,R-21,18.27
INV-110820,2024-12-27,C-255,SKU-00044,17,183.00,66.16,Sydney,R-05,20.43
INV-110821,2024-10-19,C-223,SKU-00038,3,427.00,88.68,Sydney,R-23,21.57
INV-110822,2025-04-28,C-348,SKU-00025,8,345.00,88.16,Sydney,R-01,30.02
INV-110823,2025-04-27,C-010,SKU-00031,7,336.00,88.27,Perth,R-06,27.96
INV-110824,2024-02-24,C-128,SKU-00043,14,320.00,90.72,Newcastle,R-08,7.13
INV-110825,2024-06-28,C-210,SKU-00025,1,345.00,79.46,Adelaide,R-19,2.32
INV-110826,2024-12-06,C-244,SKU-00005,7,643.00,81.27,Perth,R-07,16.84
INV-110827,2025-01-25,C-259,SKU-00039,3,204.00,84.51,Sydney,R-17,9.75
INV-110828,2025-02-25,C-336,SKU-00012,18,822.00,87.84,Perth,R-14,3.95
INV-110829,2025-02-09,C-125,SKU-00058,6,513.00,82.86,Brisbane,R-07,23.79
INV-110830,2025-07-16,C-226,SKU-00038,14,427.00,68.65,Perth,R-07,1.62
INV-110831,2024-10-21,C-088,SKU-00045,23,841.00,72.68,Adelaide,R-21,11.91
INV-110832,2024-09-07,C-392,SKU-00015,8,332.00,73.76,Sydney,R-20,8.83
INV-110833,2025-04-08,C-024,SKU-00043,13,320.00,71.89,Melbourne,R-26,37.70
INV-110834,2024-04-21,C-012,SKU-00038,1,427.00,71.26,Melbourne,R-17,40.18
INV-110835,2024-11-09,C-044,SKU-00039,24,204.00,74.88,Brisbane,R-23,18.94
INV-110836,2025-07-07,C-380,SKU-00042,16,292.00,85.28,Adelaide,R-23,34.42
INV-110837,2024-05-02,C-399,SKU-00015,23,332.00,74.29,Perth,R-10,27.66
INV-110838,2024-02-07,C-274,SKU-00008,11,232.00,70.29,Newcastle,R-24,11.45
INV-110839,2024-03-08,C-254,SKU-00032,7,60.00,70.77,Sydney,R-22,12.08
INV-110840,2024-01-19,C-415,SKU-00034,23,214.00,75.75,Melbourne,R-18,5.13
INV-110841,2025-06-25,C-028,SKU-00002,8,592.00,72.24,Melbourne,R-02,26.85
INV-110842,2024-10-02,C-291,SKU-00041,22,612.00,80.74,Melbourne,R-28,18.50
INV-110843,2025-11-02,C-218,SKU-00026,11,405.00,89.65,Newcastle,R-13,22.34
INV-110844,2024-10-05,C-193,SKU-00007,21,284.00,86.73,Brisbane,R-22,32.41
INV-110845,2024-04-09,C-111,SKU-00007,6,284.00,71.94,Adelaide,R-01,17.52
INV-110846,2024-08-23,C-364,SKU-00046,17,711.00,90.10,Sydney,R-07,43.83
INV-110847,2025-10-20,C-333,SKU-00011,20,62.00,89.40,Melbourne,R-09,8.74
INV-110848,2024-09-18,C-371,SKU-00006,17,428.00,81.60,Adelaide,R-16,38.53
INV-110849,2024-12-16,C-058,SKU-00011,18,62.00,86.76,Adelaide,R-15,41.87
INV-110850,2024-03-17,C-291,SKU-00013,11,52.00,74.69,Melbourne,R-24,23.12
INV-110851,2025-11-03,C-330,SKU-00018,17,268.00,87.21,Brisbane,R-01,26.36
INV-110852,2025-03-03,C-399,SKU-00031,12,336.00,72.12,Perth,R-12,2.32
INV-110853,2024-12-26,C-076,SKU-00028,22,722.00,74.36,Perth,R-02,36.10
INV-110854,2024-03-27,C-375,SKU-00046,14,711.00,89.32,Newcastle,R-17,32.58
INV-110855,2024-12-23,C-390,SKU-00027,10,107.00,75.20,Adelaide,R-20,39.25
INV-110856,2024-07-01,C-078,SKU-00008,10,232.00,80.50,Newcastle,R-03,4.13
INV-110857,2025-08-11,C-237,SKU-00019,20,357.00,76.20,Brisbane,R-20,1.18
INV-110858,2025-07-26,C-136,SKU-00003,7,237.00,79.38,Sydney,R-04,4.31
INV-110859,2025-02-27,C-256,SKU-00045,12,841.00,86.04,Sydney,R-07,10.01
INV-110860,2025-09-04,C-215,SKU-00033,10,111.00,83.54,Newcastle,R-19,34.19
INV-110861,2024-07-19,C-257,SKU-00043,21,320.00,80.64,Brisbane,R-14,29.71
INV-110862,2025-08-27,C-272,SKU-00038,20,427.00,87.60,Adelaide,R-26,7.57
INV-110863,2025-08-13,C-099,SKU-00013,23,52.00,71.07,Perth,R-22,39.39
INV-110864,2024-12-25,C-187,SKU-00021,2,453.00,89.96,Brisbane,R-28,18.78
INV-110865,2025-12-22,C-114,SKU-00051,18,246.00,84.78,Sydney,R-01,3.22
INV-110866,2024-03-26,C-184,SKU-00055,15,703.00,75.30,Brisbane,R-09,16.25
INV-110867,2025-04-20,C-158,SKU-00035,4,571.00,86.20,Melbourne,R-07,29.36
INV-110868,2025-08-12,C-311,SKU-00003,15,237.00,85.20,Newcastle,R-24,7.22
INV-110869,2025-04-05,C-107,SKU-00027,18,107.00,86.22,Melbourne,R-23,5.12
INV-110870,2025-04-18,C-337,SKU-00034,4,214.00,64.99,Sydney,R-28,35.18
INV-110871,2025-08-11,C-325,SKU-00027,23,107.00,88.32,Sydney,R-21,29.57
INV-110872,2024-06-16,C-088,SKU-00031,20,336.00,75.20,Adelaide,R-10,9.41
INV-110873,2024-12-08,C-228,SKU-00013,3,52.00,85.20,Perth,R-17,40.72
INV-110874,2025-08-13,C-060,SKU-00049,5,840.00,72.20,Brisbane,R-22,24.77
INV-110875,2025-04-24,C-419,SKU-00010,21,27.00,82.32,Brisbane,R-01,7.06
INV-110876,2025-06-08,C-253,SKU-00031,3,336.00,87.90,Melbourne,R-25,5.72
INV-110877,2024-10-05,C-374,SKU-00027,24,107.00,88.56,Newcastle,R-19,14.48
INV-110878,2024-08-02,C-352,SKU-00038,24,427.00,90.24,Melbourne,R-06,9.62
INV-110879,2024-03-11,C-344,SKU-00025,22,345.00,82.72,Melbourne,R-01,5.27
INV-110880,2024-06-09,C-108,SKU-00020,19,702.00,65.55,Perth,R-04,6.98
INV-110881,2024-01-12,C-224,SKU-00015,13,332.00,78.26,Sydney,R-03,4.95
INV-110882,2025-09-06,C-095,SKU-00002,9,592.00,87.57,Sydney,R-08,3.26
INV-110883,2024-04-16,C-314,SKU-00006,5,428.00,78.25,Newcastle,R-12,8.82
INV-110884,2024-04-09,C-054,SKU-00047,23,371.00,76.59,Brisbane,R-28,19.56
INV-110885,2025-02-18,C-401,SKU-00007,15,284.00,84.75,Perth,R-15,23.18
INV-110886,2025-07-24,C-365,SKU-00047,10,371.00,75.90,Adelaide,R-02,3.26
INV-110887,2025-03-27,C-276,SKU-00051,2,246.00,70.32,Perth,R-28,28.91
INV-110888,2025-05-04,C-115,SKU-00013,13,52.00,79.82,Melbourne,R-21,9.38
INV-110889,2025-07-01,C-015,SKU-00011,16,62.00,81.12,Sydney,R-05,43.48
INV-110890,2024-04-07,C-058,SKU-00030,13,439.00,67.33,Adelaide,R-20,5.36
INV-110891,2024-07-17,C-192,SKU-00058,24,513.00,83.28,Newcastle,R-04,23.18
INV-110892,2025-04-17,C-278,SKU-00022,4,477.00,71.80,Melbourne,R-16,10.63
INV-110893,2024-10-07,C-414,SKU-00024,8,208.00,81.36,Melbourne,R-07,14.45
INV-110894,2025-04-28,C-257,SKU-00057,13,143.00,71.89,Brisbane,R-28,44.32
INV-110895,2024-10-15,C-201,SKU-00053,3,589.00,70.47,Perth,R-12,6.24
INV-110896,2025-10-23,C-195,SKU-00004,18,340.00,78.66,Melbourne,R-24,35.19
INV-110897,2024-10-04,C-124,SKU-00002,13,592.00,72.54,Adelaide,R-16,31.22
INV-110898,2024-12-08,C-293,SKU-00018,23,268.00,71.99,Adelaide,R-02,0.34
INV-110899,2024-05-05,C-371,SKU-00014,7,632.00,73.64,Adelaide,R-20,36.74
INV-110900,2024-05-25,C-389,SKU-00044,14,183.00,76.64,Perth,R-26,16.29
INV-110901,2024-07-03,C-304,SKU-00024,2,208.00,86.78,Melbourne,R-19,15.37
INV-110902,2024-12-04,C-375,SKU-00014,13,632.00,89.96,Newcastle,R-10,11.43
INV-110903,2025-05-09,C-126,SKU-00004,2,340.00,73.44,Perth,R-12,19.94
INV-110904,2025-08-06,C-222,SKU-00001,2,569.00,80.14,Melbourne,R-24,17.85
INV-110905,2024-08-28,C-205,SKU-00023,13,115.00,88.66,Sydney,R-07,11.54
INV-110906,2024-03-15,C-104,SKU-00058,22,513.00,86.90,Melbourne,R-09,13.26
INV-110907,2025-05-11,C-415,SKU-00045,4,841.00,78.52,Melbourne,R-11,32.56
INV-110908,2024-10-28,C-370,SKU-00014,1,632.00,87.30,Adelaide,R-05,33.94
INV-110909,2025-12-28,C-227,SKU-00022,23,477.00,88.78,Adelaide,R-05,24.36
INV-110910,2024-02-01,C-187,SKU-00034,18,214.00,78.00,Brisbane,R-15,8.06
INV-110911,2025-12-06,C-253,SKU-00025,3,345.00,77.97,Melbourne,R-23,41.69
INV-110912,2024-05-17,C-024,SKU-00048,12,553.00,73.92,Melbourne,R-23,38.14
INV-110913,2025-08-20,C-269,SKU-00005,20,643.00,72.00,Newcastle,R-14,17.49
INV-110914,2025-11-08,C-333,SKU-00037,2,831.00,82.22,Melbourne,R-24,8.01
INV-110915,2025-12-19,C-289,SKU-00043,23,320.00,83.95,Perth,R-18,35.17
INV-110916,2025-07-23,C-024,SKU-00057,2,143.00,71.28,Melbourne,R-28,10.39
INV-110917,2024-10-05,C-115,SKU-00055,7,703.00,78.96,Melbourne,R-09,10.80
INV-110918,2024-04-19,C-384,SKU-00036,12,224.00,78.00,Perth,R-15,23.86
INV-110919,2025-01-27,C-289,SKU-00046,11,711.00,75.02,Perth,R-25,28.70
INV-110920,2025-01-16,C-349,SKU-00022,18,477.00,69.22,Sydney,R-11,39.69
INV-110921,2025-12-19,C-107,SKU-00025,24,345.00,84.72,Melbourne,R-17,43.07
INV-110922,2025-11-12,C-032,SKU-00037,24,831.00,75.36,Brisbane,R-25,0.30
INV-110923,2025-09-14,C-216,SKU-00016,6,574.00,79.62,Brisbane,R-13,12.98
INV-110924,2024-11-25,C-113,SKU-00005,4,643.00,70.56,Brisbane,R-15,9.53
INV-110925,2025-11-01,C-264,SKU-00055,1,703.00,70.60,Brisbane,R-27,27.30
INV-110926,2025-06-15,C-197,SKU-00035,12,571.00,75.60,Melbourne,R-21,20.07
INV-110927,2025-12-28,C-298,SKU-00025,9,345.00,85.77,Perth,R-09,18.19
INV-110928,2025-07-13,C-352,SKU-00041,15,612.00,75.90,Melbourne,R-16,21.52
INV-110929,2025-04-18,C-073,SKU-00036,7,224.00,73.36,Melbourne,R-27,14.70
INV-110930,2025-08-10,C-310,SKU-00013,9,52.00,77.09,Perth,R-13,27.60
INV-110931,2024-11-23,C-129,SKU-00031,23,336.00,86.71,Adelaide,R-13,36.11
INV-110932,2024-09-22,C-231,SKU-00041,1,612.00,88.55,Newcastle,R-04,6.75
INV-110933,2024-07-10,C-296,SKU-00037,9,831.00,75.87,Newcastle,R-01,6.02
INV-110934,2025-03-13,C-295,SKU-00027,13,107.00,78.39,Perth,R-03,26.40
INV-110935,2025-10-26,C-340,SKU-00058,3,513.00,87.27,Newcastle,R-20,4.80
INV-110936,2025-07-07,C-202,SKU-00034,21,214.00,72.87,Newcastle,R-20,19.51
INV-110937,2025-05-18,C-414,SKU-00026,12,405.00,86.28,Melbourne,R-20,13.52
INV-110938,2024-08-10,C-351,SKU-00011,11,62.00,80.08,Adelaide,R-05,42.65
INV-110939,2025-01-10,C-019,SKU-00035,19,571.00,86.45,Newcastle,R-27,12.69
INV-110940,2025-03-09,C-381,SKU-00048,5,553.00,74.66,Perth,R-12,17.70
INV-110941,2025-04-06,C-029,SKU-00014,21,632.00,76.44,Adelaide,R-06,21.11
INV-110942,2025-06-13,C-420,SKU-00042,17,292.00,73.61,Perth,R-15,43.11
INV-110943,2024-02-26,C-121,SKU-00053,7,589.00,75.53,Newcastle,R-22,28.50
INV-110944,2024-06-22,C-386,SKU-00036,6,224.00,89.34,Brisbane,R-20,11.08
INV-110945,2025-06-17,C-299,SKU-00038,12,427.00,76.80,Brisbane,R-12,15.43
INV-110946,2024-02-03,C-289,SKU-00037,22,831.00,70.18,Perth,R-25,10.90
INV-110947,2025-02-25,C-132,SKU-00025,5,345.00,71.95,Newcastle,R-01,15.52
INV-110948,2024-12-27,C-205,SKU-00047,24,371.00,83.76,Sydney,R-07,42.69
INV-110949,2025-08-23,C-359,SKU-00007,6,284.00,71.04,Sydney,R-19,9.45
INV-110950,2025-09-18,C-205,SKU-00018,15,268.00,74.52,Sydney,R-15,41.59
INV-110951,2024-12-24,C-025,SKU-00039,13,204.00,88.79,Brisbane,R-12,9.06
INV-110952,2025-05-27,C-203,SKU-00004,17,340.00,83.98,Sydney,R-15,37.14
INV-110953,2024-12-21,C-126,SKU-00029,5,291.00,71.90,Perth,R-16,14.65
INV-110954,2025-03-09,C-403,SKU-00024,7,208.00,90.72,Perth,R-06,33.85
INV-110955,2024-11-02,C-068,SKU-00027,24,107.00,82.80,Adelaide,R-09,26.88
INV-110956,2025-12-18,C-216,SKU-00011,20,62.00,75.40,Brisbane,R-06,24.05
INV-110957,2025-03-03,C-180,SKU-00037,8,831.00,81.04,Brisbane,R-01,1.16
INV-110958,2024-06-15,C-176,SKU-00002,9,592.00,86.13,Sydney,R-06,18.05
INV-110959,2025-09-12,C-407,SKU-00032,6,60.00,73.44,Adelaide,R-11,25.64
INV-110960,2024-08-03,C-290,SKU-00001,17,569.00,79.29,Perth,R-26,22.40
INV-110961,2024-10-14,C-241,SKU-00050,24,201.00,83.04,Newcastle,R-02,23.33
INV-110962,2024-05-21,C-289,SKU-00002,16,592.00,90.24,Perth,R-05,40.40
INV-110963,2024-02-10,C-003,SKU-00010,3,27.00,83.64,Newcastle,R-27,41.35
INV-110964,2025-02-14,C-042,SKU-00032,7,60.00,86.03,Sydney,R-01,2.72
INV-110965,2025-08-17,C-107,SKU-00043,10,320.00,86.70,Melbourne,R-15,31.50
INV-110966,2025-12-26,C-292,SKU-00040,8,257.00,76.96,Perth,R-01,10.85
INV-110967,2025-09-21,C-330,SKU-00016,21,574.00,73.50,Brisbane,R-01,40.01
INV-110968,2025-03-13,C-189,SKU-00015,12,332.00,81.00,Brisbane,R-22,26.97
INV-110969,2024-11-08,C-250,SKU-00013,15,52.00,82.80,Perth,R-15,33.55
INV-110970,2024-09-25,C-096,SKU-00056,4,481.00,74.89,Melbourne,R-01,35.56
INV-110971,2024-09-13,C-285,SKU-00020,22,702.00,72.16,Melbourne,R-02,12.77
INV-110972,2025-06-24,C-333,SKU-00008,5,232.00,85.25,Melbourne,R-05,16.11
INV-110973,2024-02-03,C-012,SKU-00037,1,831.00,71.29,Melbourne,R-02,44.10
INV-110974,2024-09-27,C-053,SKU-00026,23,405.00,90.62,Perth,R-07,0.33
INV-110975,2024-01-10,C-066,SKU-00017,5,69.00,87.05,Adelaide,R-25,40.41
INV-110976,2024-12-14,C-049,SKU-00057,11,143.00,78.21,Melbourne,R-27,34.96
INV-110977,2024-05-02,C-311,SKU-00003,3,237.00,70.59,Newcastle,R-21,24.57
INV-110978,2024-11-19,C-212,SKU-00027,9,107.00,86.76,Perth,R-04,7.52
INV-110979,2024-01-10,C-361,SKU-00043,24,320.00,75.12,Melbourne,R-09,33.77
INV-110980,2024-10-26,C-407,SKU-00017,11,69.00,80.35,Adelaide,R-06,35.19
INV-110981,2024-04-26,C-231,SKU-00025,1,345.00,74.86,Newcastle,R-19,21.51
INV-110982,2024-05-05,C-277,SKU-00054,23,714.00,89.93,Newcastle,R-16,39.00
INV-110983,2024-02-05,C-228,SKU-00002,15,592.00,84.75,Perth,R-21,28.77
INV-110984,2024-11-02,C-002,SKU-00038,13,427.00,90.74,Perth,R-07,25.84
INV-110985,2024-10-09,C-233,SKU-00034,5,214.00,90.00,Sydney,R-07,16.52
INV-110986,2024-08-18,C-366,SKU-00003,13,237.00,82.42,Melbourne,R-18,20.44
INV-110987,2025-10-21,C-111,SKU-00018,11,268.00,86.02,Adelaide,R-28,32.07
INV-110988,2024-08-16,C-238,SKU-00051,9,246.00,76.50,Adelaide,R-09,44.56
INV-110989,2024-05-09,C-206,SKU-00017,20,69.00,80.40,Newcastle,R-04,35.85
INV-110990,2025-02-06,C-038,SKU-00034,12,214.00,70.44,Melbourne,R-15,22.87
INV-110991,2024-12-20,C-037,SKU-00036,9,224.00,86.85,Adelaide,R-13,40.22
INV-110992,2024-07-04,C-321,SKU-00022,16,477.00,73.28,Sydney,R-07,23.84
INV-110993,2025-06-28,C-255,SKU-00001,5,569.00,74.45,Sydney,R-09,26.05
INV-110994,2025-07-27,C-316,SKU-00030,4,439.00,70.56,Adelaide,R-15,30.64
INV-110995,2024-02-05,C-197,SKU-00002,17,592.00,86.87,Melbourne,R-19,8.62
INV-110996,2024-10-15,C-322,SKU-00004,4,340.00,77.80,Brisbane,R-22,16.76
INV-110997,2024-05-22,C-385,SKU-00039,3,204.00,79.47,Sydney,R-11,14.68
INV-110998,2024-10-24,C-030,SKU-00001,10,569.00,76.10,Brisbane,R-08,22.76
INV-110999,2025-08-15,C-232,SKU-00041,1,612.00,90.62,Perth,R-13,27.25